person_age,person_income,person_home_ownership,person_emp_length,loan_intent,loan_grade,loan_amnt,loan_int_rate,loan_percent_income,cb_person_default_on_file,cb_person_cred_hist_length,credit_score,loan_status
59,53473,MORTGAGE,18.2,DEBTCONSOLIDATION,C,15849,13.3,0.3,Y,22,654,1
49,49728,MORTGAGE,19.8,HOMEIMPROVEMENT,C,8668,11.06,0.17,N,21,694,0
35,39701,RENT,4.3,PERSONAL,E,1955,11.0,0.05,Y,4,597,1
63,125247,MORTGAGE,13.0,DEBTCONSOLIDATION,C,40000,10.16,0.32,N,10,664,0
28,29999,MORTGAGE,2.7,PERSONAL,B,6887,11.11,0.23,N,3,703,0
41,122936,MORTGAGE,18.3,VENTURE,A,11235,6.01,0.09,N,4,754,0
59,66165,MORTGAGE,9.8,VENTURE,A,5285,10.6,0.08,N,27,751,0
39,21171,RENT,10.6,VENTURE,B,3524,9.42,0.17,N,7,705,0
43,61119,MORTGAGE,18.7,DEBTCONSOLIDATION,C,13568,11.74,0.22,Y,11,658,0
31,18000,MORTGAGE,2.6,MEDICAL,B,4428,8.97,0.25,N,4,700,0
31,71346,RENT,10.1,DEBTCONSOLIDATION,B,14123,8.67,0.2,N,4,709,0
44,83377,RENT,19.8,HOMEIMPROVEMENT,B,15558,7.45,0.19,N,7,726,0
56,34357,OWN,27.3,HOMEIMPROVEMENT,B,5558,10.86,0.16,N,13,735,0
60,52792,RENT,10.5,EDUCATION,B,15477,9.66,0.29,N,21,728,0
44,158339,MORTGAGE,14.1,EDUCATION,B,23747,7.38,0.15,N,17,726,0
23,36190,OTHER,3.2,HOMEIMPROVEMENT,B,4275,9.98,0.12,N,2,723,0
42,25968,RENT,19.0,PERSONAL,B,8788,10.95,0.34,N,11,703,0
22,119252,RENT,0.9,HOMEIMPROVEMENT,C,40000,11.63,0.34,N,1,688,0
44,159142,MORTGAGE,16.5,MEDICAL,A,40000,8.11,0.25,N,16,763,0
64,49129,MORTGAGE,15.5,EDUCATION,A,11293,8.25,0.23,N,10,753,0
50,89938,MORTGAGE,7.1,EDUCATION,A,8596,6.29,0.1,N,20,763,0
58,109632,MORTGAGE,15.8,DEBTCONSOLIDATION,A,16382,9.87,0.15,N,18,757,0
22,31398,MORTGAGE,2.6,EDUCATION,B,3638,10.33,0.12,N,1,710,0
41,36637,MORTGAGE,9.8,HOMEIMPROVEMENT,C,16382,11.77,0.45,N,9,679,0
53,102592,RENT,16.7,EDUCATION,B,40000,6.75,0.39,N,24,702,0
32,134727,RENT,11.2,EDUCATION,C,40000,11.78,0.3,Y,4,677,0
42,68715,MORTGAGE,9.1,DEBTCONSOLIDATION,B,5631,9.58,0.08,N,8,703,0
64,28914,MORTGAGE,24.4,HOMEIMPROVEMENT,C,5574,11.22,0.19,N,11,689,0
45,161496,MORTGAGE,9.6,PERSONAL,B,40000,6.94,0.25,N,13,729,0
47,35646,OWN,10.9,EDUCATION,D,13603,14.58,0.38,N,7,628,0
62,40091,MORTGAGE,25.8,EDUCATION,C,13940,9.4,0.35,N,25,676,0
48,60198,MORTGAGE,22.7,EDUCATION,A,18855,8.43,0.31,N,19,795,0
36,124554,RENT,8.6,MEDICAL,A,33058,7.35,0.27,N,11,764,0
35,81828,MORTGAGE,10.8,HOMEIMPROVEMENT,B,12999,12.01,0.16,N,4,713,0
67,62875,MORTGAGE,8.0,EDUCATION,B,6657,9.16,0.11,N,23,730,0
64,64729,MORTGAGE,11.4,MEDICAL,C,4965,12.8,0.08,N,11,689,0
23,50317,RENT,2.3,PERSONAL,B,8852,9.13,0.18,N,2,713,0
57,68520,OWN,4.4,PERSONAL,B,3140,7.32,0.05,N,23,721,0
27,18000,MORTGAGE,2.5,DEBTCONSOLIDATION,D,4311,11.69,0.24,N,4,648,0
41,41029,RENT,10.6,DEBTCONSOLIDATION,C,7055,9.68,0.17,N,14,692,0
29,56658,MORTGAGE,1.2,DEBTCONSOLIDATION,E,22034,12.13,0.39,Y,6,590,1
59,24572,MORTGAGE,11.7,MEDICAL,B,7390,10.94,0.3,N,13,718,0
38,61808,RENT,9.2,PERSONAL,B,7968,7.33,0.13,N,10,709,0
24,43361,MORTGAGE,3.0,DEBTCONSOLIDATION,E,4777,16.55,0.11,Y,1,569,1
45,140545,RENT,20.2,VENTURE,B,28918,8.0,0.21,N,10,744,0
34,125971,RENT,8.8,DEBTCONSOLIDATION,C,40000,7.75,0.32,N,5,695,0
29,37068,RENT,4.3,PERSONAL,D,6375,12.14,0.17,N,7,638,0
46,44779,MORTGAGE,21.0,VENTURE,B,6545,9.88,0.15,N,11,701,0
22,46893,OWN,2.6,MEDICAL,F,12274,14.44,0.26,Y,2,537,0
40,37384,MORTGAGE,5.3,VENTURE,C,4435,9.84,0.12,N,12,663,0
48,55106,OWN,5.7,PERSONAL,B,10980,11.48,0.2,N,17,704,0
67,31102,RENT,28.1,EDUCATION,A,2392,8.65,0.08,N,27,758,0
27,24875,RENT,4.4,VENTURE,B,4734,8.88,0.19,N,3,701,0
64,71226,MORTGAGE,30.0,PERSONAL,A,16107,7.67,0.23,N,24,783,0
28,71518,RENT,6.2,DEBTCONSOLIDATION,B,18167,7.17,0.25,N,4,742,0
67,30254,MORTGAGE,26.3,EDUCATION,C,14838,12.06,0.49,N,24,669,0
55,83885,MORTGAGE,29.2,MEDICAL,D,13623,14.64,0.16,Y,7,640,0
34,33558,OWN,7.6,MEDICAL,D,7007,13.68,0.21,Y,5,623,0
37,57062,RENT,3.4,HOMEIMPROVEMENT,B,13063,8.34,0.23,N,12,710,0
56,80194,MORTGAGE,25.8,MEDICAL,B,16302,7.64,0.2,N,13,718,0
60,48042,MORTGAGE,11.6,HOMEIMPROVEMENT,C,20322,9.85,0.42,N,17,698,0
24,64398,RENT,3.9,MEDICAL,A,17583,5.52,0.27,N,1,755,0
22,35959,MORTGAGE,3.1,MEDICAL,D,7683,12.96,0.21,N,1,637,0
26,43569,RENT,4.7,MEDICAL,C,8535,10.91,0.2,N,2,691,0
62,43324,RENT,22.8,HOMEIMPROVEMENT,A,11786,7.64,0.27,N,20,757,0
24,31321,RENT,2.5,DEBTCONSOLIDATION,C,9753,10.28,0.31,N,3,665,0
49,44087,RENT,11.0,HOMEIMPROVEMENT,D,9838,11.14,0.22,Y,11,646,0
38,19357,MORTGAGE,6.9,VENTURE,B,2736,11.3,0.14,N,7,722,0
46,36508,RENT,15.3,PERSONAL,C,10748,9.31,0.29,N,13,691,0
64,41318,RENT,28.8,PERSONAL,B,5528,7.66,0.13,N,17,706,0
54,42036,RENT,20.7,DEBTCONSOLIDATION,C,3289,9.76,0.08,Y,23,658,0
30,42408,RENT,2.9,PERSONAL,E,16985,15.39,0.4,Y,4,562,1
56,47237,RENT,16.9,MEDICAL,C,11149,8.38,0.24,N,16,694,0
34,65359,RENT,10.5,DEBTCONSOLIDATION,B,17487,10.79,0.27,N,7,721,0
51,82843,MORTGAGE,14.3,PERSONAL,B,20173,8.47,0.24,N,19,728,0
35,33194,MORTGAGE,8.1,HOMEIMPROVEMENT,B,15693,6.76,0.47,N,8,706,0
28,23815,MORTGAGE,6.4,VENTURE,C,5911,11.07,0.25,N,3,690,0
34,26232,MORTGAGE,9.0,EDUCATION,C,8500,10.62,0.32,N,4,655,0
43,36595,MORTGAGE,9.7,VENTURE,D,21048,12.3,0.58,N,16,632,1
60,39689,MORTGAGE,30.5,PERSONAL,A,6782,6.69,0.17,N,25,765,0
41,30884,MORTGAGE,4.9,DEBTCONSOLIDATION,C,4714,11.54,0.15,N,4,698,0
36,22523,RENT,14.3,PERSONAL,C,6192,10.64,0.27,N,10,689,0
65,37284,MORTGAGE,8.6,HOMEIMPROVEMENT,B,3716,12.42,0.1,N,23,715,0
38,54658,RENT,2.2,VENTURE,D,26748,12.49,0.49,N,9,642,1
67,70053,RENT,35.4,HOMEIMPROVEMENT,C,36635,10.8,0.52,N,10,651,0
44,35085,MORTGAGE,7.1,HOMEIMPROVEMENT,B,9079,7.63,0.26,N,15,723,0
46,38261,RENT,17.1,EDUCATION,B,8003,6.43,0.21,N,8,735,0
45,28112,RENT,18.0,HOMEIMPROVEMENT,D,11869,11.92,0.42,Y,15,620,1
65,48104,RENT,33.0,HOMEIMPROVEMENT,B,5961,8.76,0.12,N,9,724,0
61,29464,RENT,34.1,EDUCATION,C,6437,13.14,0.22,Y,25,664,0
49,69139,RENT,9.5,MEDICAL,C,7548,10.35,0.11,N,6,657,0
35,18000,MORTGAGE,10.2,MEDICAL,C,4539,11.44,0.25,N,5,691,0
65,39506,MORTGAGE,8.5,DEBTCONSOLIDATION,D,12071,11.95,0.31,N,15,620,0
21,58727,MORTGAGE,1.2,EDUCATION,C,10350,12.63,0.18,N,1,695,0
45,54737,RENT,18.7,DEBTCONSOLIDATION,B,4218,7.04,0.08,N,11,708,0
27,246673,OTHER,3.2,DEBTCONSOLIDATION,A,15591,9.35,0.06,N,3,775,0
29,60468,MORTGAGE,5.7,HOMEIMPROVEMENT,C,15579,10.31,0.26,N,7,654,0
44,26837,RENT,11.8,DEBTCONSOLIDATION,B,12874,10.11,0.48,N,12,728,0
21,46291,MORTGAGE,1.7,PERSONAL,B,3757,11.75,0.08,N,1,708,0
64,18000,MORTGAGE,35.9,VENTURE,C,1620,10.44,0.09,Y,14,657,0
28,46706,MORTGAGE,1.4,PERSONAL,C,11731,8.76,0.25,N,4,675,0
44,29737,RENT,13.0,PERSONAL,C,5524,8.22,0.19,Y,6,688,0
31,84900,MORTGAGE,9.2,HOMEIMPROVEMENT,C,10057,8.7,0.12,N,7,689,0
37,35251,MORTGAGE,8.3,VENTURE,C,8743,7.51,0.25,N,6,651,0
28,45703,MORTGAGE,1.5,DEBTCONSOLIDATION,E,3764,12.88,0.08,Y,5,584,1
55,33478,MORTGAGE,18.2,VENTURE,C,7096,10.95,0.21,N,14,689,0
55,139150,MORTGAGE,12.3,DEBTCONSOLIDATION,A,15783,6.82,0.11,N,25,803,0
53,40427,MORTGAGE,7.3,MEDICAL,C,8055,9.84,0.2,N,9,675,0
25,147198,RENT,4.9,EDUCATION,B,40000,7.94,0.27,N,1,712,0
62,79896,MORTGAGE,20.5,HOMEIMPROVEMENT,B,24534,7.7,0.31,N,21,735,0
59,65462,RENT,30.9,DEBTCONSOLIDATION,A,8489,8.33,0.13,N,27,756,0
61,61159,MORTGAGE,28.6,DEBTCONSOLIDATION,B,15791,10.75,0.26,Y,22,704,0
48,62086,MORTGAGE,17.6,VENTURE,B,14882,5.88,0.24,N,7,749,0
27,18000,RENT,0.9,HOMEIMPROVEMENT,C,3400,10.34,0.19,N,4,685,0
29,41467,MORTGAGE,4.4,DEBTCONSOLIDATION,C,9161,10.68,0.22,N,7,679,0
28,81397,RENT,2.4,MEDICAL,C,19578,9.43,0.24,Y,2,661,0
32,47603,RENT,10.3,PERSONAL,C,20826,11.82,0.44,N,3,656,0
54,21096,RENT,8.0,DEBTCONSOLIDATION,E,2274,14.28,0.11,Y,21,595,1
53,47503,RENT,10.5,VENTURE,C,8718,9.06,0.18,N,22,691,0
43,136279,RENT,11.5,MEDICAL,A,20600,5.68,0.15,N,13,786,0
44,103583,RENT,7.4,HOMEIMPROVEMENT,C,40000,13.64,0.39,N,18,675,0
57,47230,MORTGAGE,9.6,DEBTCONSOLIDATION,D,4459,13.34,0.09,Y,9,619,0
55,86757,MORTGAGE,19.2,MEDICAL,A,7891,8.33,0.09,N,17,751,0
64,39343,MORTGAGE,7.5,MEDICAL,C,6366,8.78,0.16,N,24,695,0
60,18000,RENT,5.9,MEDICAL,C,2564,9.28,0.14,N,23,674,0
42,28150,OWN,8.7,MEDICAL,B,3443,10.03,0.12,N,14,715,0
47,125208,MORTGAGE,17.5,MEDICAL,B,25187,7.41,0.2,N,19,732,0
55,41589,RENT,18.1,MEDICAL,A,8457,6.7,0.2,N,14,753,0
21,42360,MORTGAGE,1.2,EDUCATION,C,10341,9.8,0.24,N,1,688,0
55,40949,RENT,18.4,HOMEIMPROVEMENT,C,1673,10.75,0.04,Y,14,695,0
57,153657,MORTGAGE,13.9,PERSONAL,B,40000,11.66,0.26,N,20,720,0
67,130037,MORTGAGE,37.0,HOMEIMPROVEMENT,A,31036,7.49,0.24,N,15,781,0
34,185584,RENT,2.2,VENTURE,C,18349,8.9,0.1,N,9,684,0
23,44559,MORTGAGE,2.9,VENTURE,B,3916,7.91,0.09,N,1,743,0
21,58534,RENT,2.2,HOMEIMPROVEMENT,A,6626,9.15,0.11,N,1,779,0
25,19732,RENT,4.6,MEDICAL,D,2061,14.25,0.1,Y,3,609,0
46,118914,OWN,6.4,EDUCATION,B,40000,10.7,0.34,N,15,726,0
34,24326,OWN,4.9,PERSONAL,D,5851,13.82,0.24,Y,5,614,1
59,55829,MORTGAGE,24.7,DEBTCONSOLIDATION,C,5097,12.54,0.09,N,23,699,0
47,25377,MORTGAGE,4.6,DEBTCONSOLIDATION,C,1840,10.97,0.07,Y,12,667,0
29,34429,RENT,7.4,MEDICAL,C,2469,10.98,0.07,N,3,693,0
35,29662,MORTGAGE,10.3,HOMEIMPROVEMENT,D,5617,10.74,0.19,N,4,625,0
35,34039,RENT,10.4,DEBTCONSOLIDATION,C,4679,10.67,0.14,N,9,678,0
46,35472,RENT,4.8,HOMEIMPROVEMENT,D,8266,12.02,0.23,N,11,636,0
62,35278,MORTGAGE,26.5,EDUCATION,C,5688,11.81,0.16,Y,28,668,0
33,80821,RENT,8.6,EDUCATION,C,37252,8.82,0.46,N,7,696,0
52,25262,RENT,23.2,HOMEIMPROVEMENT,A,2552,5.12,0.1,N,12,770,0
59,55956,RENT,5.3,MEDICAL,B,19352,7.25,0.35,N,15,749,0
52,101801,RENT,4.0,MEDICAL,A,19294,8.76,0.19,N,9,780,0
24,36029,RENT,2.2,MEDICAL,D,10253,11.17,0.28,N,2,640,0
50,31864,RENT,6.5,DEBTCONSOLIDATION,B,9530,10.25,0.3,N,15,703,0
57,42688,RENT,19.1,PERSONAL,B,17936,7.84,0.42,N,23,729,0
43,99492,MORTGAGE,18.6,PERSONAL,B,11406,10.3,0.11,N,7,729,0
59,55075,MORTGAGE,15.3,MEDICAL,B,11681,8.7,0.21,N,14,725,0
65,35641,MORTGAGE,32.5,HOMEIMPROVEMENT,B,12045,8.03,0.34,N,11,746,0
35,65534,MORTGAGE,1.7,EDUCATION,C,30254,13.02,0.46,N,5,655,1
63,25301,RENT,9.8,VENTURE,B,14970,11.78,0.59,N,18,707,0
49,73777,RENT,3.8,EDUCATION,B,6333,11.1,0.09,N,21,718,0
56,62640,RENT,12.5,EDUCATION,D,16977,11.25,0.27,Y,20,632,0
33,40754,MORTGAGE,11.0,VENTURE,E,16495,12.67,0.4,Y,8,573,1
52,29639,MORTGAGE,5.7,MEDICAL,B,3355,7.22,0.11,N,12,734,0
27,28795,MORTGAGE,4.7,EDUCATION,C,7599,7.96,0.26,N,2,682,0
42,67568,RENT,10.0,VENTURE,D,10286,9.88,0.15,Y,7,647,0
48,102476,RENT,22.7,DEBTCONSOLIDATION,B,37707,8.15,0.37,N,9,707,0
22,33443,MORTGAGE,0.7,HOMEIMPROVEMENT,B,4475,7.28,0.13,N,1,715,0
62,64539,RENT,10.9,HOMEIMPROVEMENT,C,4085,7.89,0.06,N,16,683,0
65,18000,MORTGAGE,5.7,HOMEIMPROVEMENT,F,5125,13.0,0.28,Y,29,528,1
26,34517,MORTGAGE,3.2,MEDICAL,E,5415,12.9,0.16,Y,5,592,1
48,48115,MORTGAGE,8.8,EDUCATION,B,2888,9.56,0.06,N,11,724,0
48,28401,OWN,21.3,EDUCATION,C,3068,11.18,0.11,Y,16,667,0
64,27947,OWN,24.1,PERSONAL,C,5384,10.12,0.19,Y,24,659,0
64,32837,MORTGAGE,24.4,HOMEIMPROVEMENT,B,11072,8.87,0.34,N,13,708,0
40,58414,MORTGAGE,10.4,MEDICAL,C,3290,11.61,0.06,Y,14,654,0
50,43809,RENT,5.3,VENTURE,B,14313,9.59,0.33,Y,9,711,1
31,18000,OWN,5.3,MEDICAL,C,1575,10.51,0.09,N,7,699,0
48,18000,MORTGAGE,24.0,EDUCATION,C,7614,8.63,0.42,N,11,686,0
45,34060,RENT,18.5,HOMEIMPROVEMENT,B,3059,11.65,0.09,N,10,719,0
59,64512,RENT,29.7,PERSONAL,B,9456,9.19,0.15,N,17,745,0
53,18000,RENT,23.7,DEBTCONSOLIDATION,C,1886,12.02,0.1,Y,22,659,0
21,36321,MORTGAGE,0.5,MEDICAL,D,11552,9.96,0.32,N,1,638,0
47,35748,MORTGAGE,7.5,PERSONAL,C,18485,8.16,0.52,N,6,695,0
33,112758,RENT,1.5,EDUCATION,C,21502,10.04,0.19,Y,6,653,1
61,38909,RENT,13.4,VENTURE,D,2412,13.25,0.06,Y,9,619,0
23,61684,OWN,0.9,MEDICAL,B,19644,7.41,0.32,N,2,716,0
59,53356,MORTGAGE,17.7,DEBTCONSOLIDATION,E,12547,14.02,0.24,Y,23,580,1
26,18000,MORTGAGE,4.6,EDUCATION,A,2324,9.94,0.13,N,5,761,0
28,77724,RENT,7.1,HOMEIMPROVEMENT,A,3983,5.89,0.05,N,5,787,0
47,55783,MORTGAGE,18.1,MEDICAL,A,8324,5.57,0.15,N,19,786,0
29,66500,MORTGAGE,8.3,PERSONAL,C,22378,9.22,0.34,N,6,678,0
57,250000,RENT,5.4,MEDICAL,A,40000,6.73,0.16,N,26,786,0
53,18000,RENT,3.8,EDUCATION,D,5395,12.64,0.3,N,10,649,0
62,137973,RENT,24.8,EDUCATION,A,20049,8.46,0.15,N,19,787,0
64,41255,RENT,13.9,PERSONAL,D,5271,12.57,0.13,Y,30,644,1
44,58244,OTHER,7.2,DEBTCONSOLIDATION,C,20124,7.56,0.35,N,14,673,0
35,47700,RENT,5.6,EDUCATION,C,7142,9.94,0.15,N,10,681,0
52,38004,RENT,9.8,MEDICAL,D,8245,10.48,0.22,Y,7,630,1
52,34825,MORTGAGE,15.6,DEBTCONSOLIDATION,A,14168,7.31,0.41,N,21,795,0
44,59736,RENT,10.6,PERSONAL,A,7677,9.13,0.13,N,14,760,0
61,19726,MORTGAGE,19.7,EDUCATION,B,2618,8.3,0.13,N,12,719,0
32,76906,RENT,8.0,EDUCATION,D,40000,15.36,0.52,Y,2,608,1
59,38188,MORTGAGE,15.2,MEDICAL,C,6630,9.42,0.17,Y,13,663,0
22,24883,RENT,1.1,EDUCATION,D,10267,12.38,0.41,N,2,637,1
23,37421,MORTGAGE,1.1,MEDICAL,C,4455,13.5,0.12,N,2,679,0
57,104223,MORTGAGE,13.4,HOMEIMPROVEMENT,C,35096,12.5,0.34,N,25,652,0
37,35553,MORTGAGE,11.8,DEBTCONSOLIDATION,D,16167,13.16,0.45,Y,8,615,1
22,60783,MORTGAGE,2.5,MEDICAL,C,25300,10.03,0.42,N,2,679,0
22,31616,MORTGAGE,2.3,VENTURE,C,5440,11.67,0.17,N,1,664,0
48,77246,RENT,7.9,EDUCATION,B,16668,8.07,0.22,N,9,724,0
43,73961,MORTGAGE,12.8,HOMEIMPROVEMENT,B,4269,10.28,0.06,N,6,734,0
57,148622,MORTGAGE,19.5,DEBTCONSOLIDATION,C,14278,9.14,0.1,Y,27,681,0
52,44119,MORTGAGE,14.9,PERSONAL,B,5993,7.87,0.14,N,12,745,0
53,73217,RENT,17.0,VENTURE,C,8636,9.71,0.12,Y,9,657,0
21,51991,RENT,1.3,PERSONAL,D,11634,10.7,0.22,N,1,649,0
39,106672,MORTGAGE,10.4,VENTURE,C,15721,9.91,0.15,N,7,669,0
22,31847,RENT,2.4,HOMEIMPROVEMENT,B,9341,5.87,0.29,N,2,724,0
64,76649,RENT,8.1,DEBTCONSOLIDATION,C,31651,9.75,0.41,N,21,698,0
46,43616,RENT,17.5,HOMEIMPROVEMENT,B,13465,8.6,0.31,N,14,710,0
52,47168,MORTGAGE,6.6,HOMEIMPROVEMENT,C,17815,8.29,0.38,N,22,680,0
26,51795,OTHER,1.2,VENTURE,B,3043,7.37,0.06,N,3,740,0
52,57030,MORTGAGE,26.6,MEDICAL,C,16228,11.17,0.28,Y,21,668,0
24,45718,RENT,4.6,DEBTCONSOLIDATION,B,17691,6.05,0.39,N,2,730,0
31,55760,RENT,1.8,PERSONAL,B,2276,9.18,0.04,N,8,707,0
37,126357,RENT,7.8,MEDICAL,D,40000,13.64,0.32,N,4,626,0
58,88545,MORTGAGE,9.2,MEDICAL,C,9765,9.02,0.11,Y,22,699,0
44,82577,MORTGAGE,11.4,EDUCATION,B,8266,10.66,0.1,N,13,738,0
25,37297,RENT,4.8,PERSONAL,C,5778,12.05,0.15,N,2,674,0
54,28751,MORTGAGE,27.6,VENTURE,B,10533,9.94,0.37,N,14,708,0
26,86957,MORTGAGE,4.4,EDUCATION,C,32011,10.13,0.37,N,2,683,0
42,82919,RENT,8.3,EDUCATION,C,25276,10.82,0.3,N,5,662,0
31,118610,RENT,6.8,HOMEIMPROVEMENT,A,22795,8.64,0.19,N,6,756,0
36,34119,OTHER,5.7,VENTURE,C,6453,13.44,0.19,N,12,674,0
53,42713,RENT,25.8,MEDICAL,C,15384,10.73,0.36,N,16,689,0
29,18330,MORTGAGE,7.8,DEBTCONSOLIDATION,A,5858,7.94,0.32,N,5,827,0
26,38735,MORTGAGE,3.9,MEDICAL,E,3946,11.48,0.1,Y,1,584,0
36,89138,MORTGAGE,5.9,MEDICAL,B,14744,8.52,0.17,N,4,710,0
49,37052,MORTGAGE,9.5,HOMEIMPROVEMENT,D,6292,12.16,0.17,N,14,619,0
23,71990,MORTGAGE,0.6,MEDICAL,B,10864,10.38,0.15,N,3,741,0
40,43725,MORTGAGE,14.8,PERSONAL,D,23136,9.92,0.53,Y,14,604,1
56,59541,OWN,15.8,MEDICAL,A,10275,12.62,0.17,N,14,750,0
39,24621,MORTGAGE,6.9,MEDICAL,C,5937,11.15,0.24,N,9,651,0
46,51592,RENT,12.0,PERSONAL,E,6704,14.9,0.13,Y,13,587,0
23,18000,RENT,3.4,HOMEIMPROVEMENT,E,5064,13.48,0.28,Y,2,575,1
39,43820,MORTGAGE,3.9,EDUCATION,D,19257,10.05,0.44,Y,11,647,0
40,18429,MORTGAGE,15.4,VENTURE,D,6081,14.03,0.33,Y,13,641,1
52,101072,RENT,24.8,HOMEIMPROVEMENT,D,16566,11.51,0.16,Y,7,630,0
27,78154,RENT,6.9,MEDICAL,D,19246,11.02,0.25,N,6,620,0
61,64861,MORTGAGE,16.3,EDUCATION,C,28880,10.49,0.45,N,10,691,0
53,122100,RENT,8.8,VENTURE,C,26117,10.62,0.21,Y,15,697,0
60,27740,MORTGAGE,15.2,VENTURE,E,12026,13.54,0.43,Y,27,590,1
59,139862,MORTGAGE,13.7,VENTURE,A,28649,7.63,0.2,N,18,785,0
38,85760,MORTGAGE,4.5,PERSONAL,B,19028,9.9,0.22,N,4,710,0
60,42534,RENT,22.1,PERSONAL,A,1744,8.43,0.04,N,13,799,0
21,96893,RENT,1.3,EDUCATION,D,29285,12.72,0.3,Y,1,603,1
31,25240,RENT,9.2,MEDICAL,C,8958,9.34,0.35,N,3,678,0
48,29890,RENT,3.7,EDUCATION,D,14925,12.7,0.5,N,12,636,0
45,34024,MORTGAGE,14.9,MEDICAL,B,13574,5.17,0.4,N,9,725,0
43,35689,MORTGAGE,15.9,HOMEIMPROVEMENT,C,3884,11.56,0.11,Y,15,667,0
51,26005,RENT,20.8,VENTURE,C,3743,13.1,0.14,N,8,661,0
50,102114,RENT,23.0,VENTURE,A,21763,8.49,0.21,N,17,774,0
62,41969,RENT,26.9,PERSONAL,C,3577,7.53,0.09,N,17,691,0
55,60566,OTHER,27.7,HOMEIMPROVEMENT,B,13412,11.49,0.22,N,18,710,0
27,34814,MORTGAGE,3.0,DEBTCONSOLIDATION,B,10052,8.75,0.29,N,2,702,0
36,18000,MORTGAGE,8.1,HOMEIMPROVEMENT,D,5570,11.98,0.31,N,9,634,0
46,57643,MORTGAGE,3.1,MEDICAL,C,13233,12.28,0.23,N,15,677,0
22,18000,MORTGAGE,0.4,HOMEIMPROVEMENT,B,2051,8.56,0.11,N,1,705,0
21,47043,MORTGAGE,0.8,PERSONAL,B,6336,9.72,0.13,N,1,704,0
32,21568,RENT,2.4,MEDICAL,C,5641,8.14,0.26,N,8,685,0
25,161516,MORTGAGE,2.0,EDUCATION,B,8130,9.3,0.05,Y,1,702,0
57,84695,RENT,8.7,MEDICAL,A,3711,5.63,0.04,N,19,773,0
52,52232,MORTGAGE,4.1,EDUCATION,D,11900,12.0,0.23,N,16,647,0
29,104634,RENT,8.1,DEBTCONSOLIDATION,B,40000,6.87,0.38,N,2,719,0
61,29501,MORTGAGE,4.5,MEDICAL,B,10639,9.35,0.36,N,15,705,0
55,67920,RENT,22.8,VENTURE,A,5496,6.53,0.08,N,25,773,0
39,55264,MORTGAGE,4.3,DEBTCONSOLIDATION,C,12019,8.96,0.22,N,10,687,0
36,57435,RENT,13.3,EDUCATION,C,16814,11.35,0.29,N,11,698,0
23,105178,MORTGAGE,3.6,PERSONAL,B,17425,6.67,0.17,N,2,744,0
40,76076,MORTGAGE,12.3,DEBTCONSOLIDATION,B,22528,8.27,0.3,N,4,718,0
44,58292,RENT,14.8,DEBTCONSOLIDATION,C,8798,10.26,0.15,Y,6,689,0
53,18161,MORTGAGE,3.6,DEBTCONSOLIDATION,C,1243,10.85,0.07,N,19,692,0
44,27555,OWN,20.5,EDUCATION,B,1054,6.46,0.04,N,12,715,0
31,45541,RENT,9.3,EDUCATION,D,12289,11.44,0.27,N,3,633,0
28,51845,OWN,7.3,MEDICAL,B,2911,10.71,0.06,N,5,702,0
56,24881,MORTGAGE,21.3,VENTURE,C,7917,13.28,0.32,N,22,663,0
58,208356,MORTGAGE,13.7,DEBTCONSOLIDATION,B,19069,9.1,0.09,N,23,719,0
60,121763,RENT,30.5,MEDICAL,C,31844,8.52,0.26,Y,13,668,0
40,70352,MORTGAGE,6.7,MEDICAL,B,7132,8.44,0.1,N,7,738,0
55,51186,MORTGAGE,18.3,VENTURE,B,10489,8.54,0.2,N,25,712,0
45,43160,RENT,4.6,MEDICAL,B,6136,10.12,0.14,N,17,701,0
55,27690,MORTGAGE,27.6,VENTURE,B,13766,11.5,0.5,N,13,729,0
45,51353,RENT,5.4,PERSONAL,C,15205,8.31,0.3,N,16,686,0
49,57219,RENT,8.0,VENTURE,C,8321,11.84,0.15,N,8,682,0
38,23270,MORTGAGE,9.8,HOMEIMPROVEMENT,D,13106,12.6,0.56,N,5,648,0
66,59904,MORTGAGE,30.5,VENTURE,B,13186,10.49,0.22,Y,13,704,0
38,44660,MORTGAGE,10.7,VENTURE,C,16577,10.4,0.37,N,4,688,0
22,18000,RENT,1.0,HOMEIMPROVEMENT,E,10562,17.32,0.59,N,2,552,1
55,29253,RENT,3.7,VENTURE,C,12876,13.09,0.44,N,18,651,1
36,38247,RENT,11.3,EDUCATION,B,2452,7.8,0.06,N,5,731,0
61,152148,MORTGAGE,34.0,MEDICAL,A,19827,6.5,0.13,N,26,804,0
56,68455,MORTGAGE,25.3,MEDICAL,D,19551,10.2,0.29,Y,22,629,0
53,21998,MORTGAGE,14.8,PERSONAL,C,4353,12.46,0.2,N,8,676,0
24,65619,RENT,4.4,PERSONAL,D,6962,11.62,0.11,N,3,638,0
53,19372,MORTGAGE,13.5,HOMEIMPROVEMENT,B,4779,6.35,0.25,N,19,713,0
34,93865,MORTGAGE,7.5,EDUCATION,B,6984,5.0,0.07,N,8,748,0
41,36950,MORTGAGE,10.0,PERSONAL,C,16931,9.63,0.46,N,12,673,0
40,46342,RENT,9.1,MEDICAL,C,13174,8.93,0.28,N,6,682,0
28,108605,MORTGAGE,6.4,PERSONAL,C,20801,9.5,0.19,N,3,683,0
27,22645,RENT,4.2,PERSONAL,B,2049,9.3,0.09,N,5,701,0
23,21199,RENT,1.6,VENTURE,D,4688,14.18,0.22,N,3,616,0
37,34538,RENT,5.3,PERSONAL,D,11247,13.78,0.33,Y,6,635,1
53,91402,RENT,4.4,HOMEIMPROVEMENT,B,13586,11.97,0.15,N,7,733,0
32,19700,RENT,7.1,MEDICAL,C,1398,13.22,0.07,Y,8,667,0
42,18000,RENT,6.3,HOMEIMPROVEMENT,C,3810,11.08,0.21,N,9,684,0
42,37395,RENT,4.9,HOMEIMPROVEMENT,C,9890,8.62,0.26,N,8,665,0
66,68257,MORTGAGE,26.8,DEBTCONSOLIDATION,A,13555,8.98,0.2,N,17,760,0
50,100725,RENT,18.5,EDUCATION,C,28399,7.52,0.28,Y,13,692,0
58,37127,MORTGAGE,25.1,DEBTCONSOLIDATION,D,8525,12.73,0.23,Y,15,616,0
58,38297,RENT,18.1,DEBTCONSOLIDATION,B,4518,6.82,0.12,N,19,719,0
65,97962,OWN,34.1,VENTURE,C,40000,12.77,0.41,Y,11,693,0
28,18000,OWN,7.6,HOMEIMPROVEMENT,B,3192,10.09,0.18,N,6,704,0
47,38827,RENT,19.3,EDUCATION,B,4968,8.99,0.13,N,19,711,0
47,54954,MORTGAGE,15.8,MEDICAL,B,21649,8.22,0.39,N,19,724,0
54,64185,RENT,11.3,MEDICAL,C,10256,10.17,0.16,N,23,681,0
41,36102,OWN,18.1,EDUCATION,A,3931,5.7,0.11,N,12,792,0
50,50044,MORTGAGE,9.3,HOMEIMPROVEMENT,D,29478,10.72,0.59,N,9,649,0
53,18000,RENT,8.5,HOMEIMPROVEMENT,C,8499,7.25,0.47,N,7,680,0
48,33026,RENT,12.3,VENTURE,C,6750,8.81,0.2,N,7,682,0
67,64350,RENT,6.8,VENTURE,C,19377,7.95,0.3,N,17,698,0
53,27190,RENT,27.5,DEBTCONSOLIDATION,C,7869,10.91,0.29,N,15,684,0
25,50786,MORTGAGE,3.6,MEDICAL,B,12901,8.91,0.25,N,4,725,0
39,64095,MORTGAGE,10.3,VENTURE,C,11930,11.49,0.19,N,8,682,0
24,39913,RENT,3.4,EDUCATION,D,11522,11.73,0.29,Y,2,612,1
55,54299,RENT,16.6,MEDICAL,D,15669,11.69,0.29,Y,20,639,0
37,27511,RENT,2.3,HOMEIMPROVEMENT,C,2129,7.7,0.08,N,5,664,0
64,43305,RENT,24.3,MEDICAL,D,7827,12.8,0.18,N,30,642,0
48,70694,MORTGAGE,18.0,PERSONAL,A,23729,9.87,0.34,N,13,754,0
50,53862,RENT,12.5,MEDICAL,C,21957,10.67,0.41,N,10,698,0
49,34478,MORTGAGE,19.5,VENTURE,D,16828,10.42,0.49,N,20,632,0
66,56079,RENT,12.4,EDUCATION,E,3804,14.05,0.07,Y,24,584,0
26,75264,RENT,2.0,HOMEIMPROVEMENT,D,20850,12.68,0.28,Y,3,610,0
55,18000,MORTGAGE,7.9,HOMEIMPROVEMENT,C,1639,6.94,0.09,N,18,692,0
61,98267,MORTGAGE,15.5,VENTURE,B,16571,10.6,0.17,N,24,729,0
57,40064,RENT,27.0,VENTURE,A,9901,5.56,0.25,N,10,780,0
44,63278,MORTGAGE,17.7,VENTURE,C,11332,11.52,0.18,N,16,667,0
49,100543,MORTGAGE,11.4,PERSONAL,B,31109,8.91,0.31,N,21,725,0
66,21525,RENT,24.6,EDUCATION,A,2689,10.11,0.12,N,23,750,0
51,32027,MORTGAGE,20.0,PERSONAL,B,7395,7.23,0.23,N,17,736,0
55,41227,MORTGAGE,9.9,VENTURE,B,18940,8.57,0.46,N,23,710,0
53,30630,RENT,7.6,EDUCATION,B,1977,10.48,0.06,N,13,706,0
41,138823,MORTGAGE,18.0,VENTURE,A,24113,6.7,0.17,N,16,766,0
52,29317,RENT,18.1,EDUCATION,B,2357,11.49,0.08,N,18,709,0
43,35125,RENT,19.7,HOMEIMPROVEMENT,C,11591,9.92,0.33,N,10,654,0
53,55416,MORTGAGE,11.8,PERSONAL,C,30508,10.74,0.55,N,18,693,0
23,23830,MORTGAGE,3.0,DEBTCONSOLIDATION,D,11755,11.42,0.49,N,2,642,0
38,38661,MORTGAGE,5.1,VENTURE,D,18913,10.51,0.49,N,5,640,0
45,59306,RENT,7.6,VENTURE,C,25103,11.67,0.42,N,16,698,0
62,40146,RENT,20.2,MEDICAL,B,22080,7.81,0.55,N,21,708,0
51,46349,MORTGAGE,10.7,DEBTCONSOLIDATION,D,11001,13.34,0.24,Y,19,606,0
23,35681,RENT,1.1,HOMEIMPROVEMENT,C,12130,6.57,0.34,N,1,678,0
60,19758,MORTGAGE,11.9,VENTURE,D,6039,12.78,0.31,Y,19,614,0
66,59453,MORTGAGE,6.0,PERSONAL,C,21058,11.66,0.35,N,27,694,0
44,140499,OWN,15.4,HOMEIMPROVEMENT,A,22786,6.38,0.16,N,18,798,0
52,49565,RENT,15.1,VENTURE,B,3659,8.75,0.07,N,21,739,0
67,56115,RENT,8.1,PERSONAL,B,14337,11.89,0.26,N,30,710,0
42,74282,MORTGAGE,5.3,MEDICAL,C,5387,11.75,0.07,N,7,683,0
43,22888,MORTGAGE,4.3,MEDICAL,D,6381,7.87,0.28,N,15,649,0
22,136149,MORTGAGE,2.1,PERSONAL,B,40000,7.83,0.29,N,1,732,0
47,55348,RENT,4.8,HOMEIMPROVEMENT,D,14152,11.22,0.26,N,8,635,0
62,130498,MORTGAGE,27.6,PERSONAL,A,22742,8.22,0.17,N,11,761,0
22,31576,MORTGAGE,0.5,DEBTCONSOLIDATION,C,5578,11.02,0.18,N,2,652,0
46,145923,RENT,7.7,PERSONAL,B,24840,7.77,0.17,N,7,735,0
37,78049,MORTGAGE,13.7,MEDICAL,B,21746,8.51,0.28,N,5,708,0
60,68310,MORTGAGE,25.3,MEDICAL,B,21955,6.36,0.32,N,13,736,0
53,56410,RENT,5.3,MEDICAL,B,7812,7.57,0.14,N,17,718,0
29,42229,RENT,7.4,DEBTCONSOLIDATION,B,1874,9.6,0.04,N,7,742,0
63,100742,MORTGAGE,20.0,VENTURE,B,6468,7.41,0.06,Y,18,721,0
59,53327,MORTGAGE,28.4,DEBTCONSOLIDATION,B,10420,7.41,0.2,N,19,733,0
49,18000,MORTGAGE,16.1,VENTURE,C,1106,7.67,0.06,N,8,693,0
62,25076,RENT,25.4,DEBTCONSOLIDATION,C,7490,10.55,0.3,N,14,689,0
46,43848,RENT,22.3,EDUCATION,B,13282,10.89,0.3,N,7,706,0
55,59041,OTHER,9.7,VENTURE,E,30423,15.21,0.52,Y,14,576,1
45,47384,OWN,14.5,HOMEIMPROVEMENT,B,4247,7.91,0.09,N,13,737,0
44,101862,RENT,11.0,HOMEIMPROVEMENT,C,23337,9.85,0.23,Y,8,690,0
33,18000,MORTGAGE,1.9,MEDICAL,D,6590,12.52,0.37,N,9,608,1
27,53431,RENT,1.0,DEBTCONSOLIDATION,C,24557,10.06,0.46,N,6,666,0
56,18000,RENT,7.0,PERSONAL,B,5822,9.2,0.32,N,9,730,0
65,77329,RENT,26.1,MEDICAL,D,14649,13.62,0.19,Y,9,626,0
40,46319,RENT,10.9,PERSONAL,C,11306,11.69,0.24,Y,13,682,0
21,63055,MORTGAGE,1.5,DEBTCONSOLIDATION,C,10672,10.5,0.17,N,1,664,0
28,29192,MORTGAGE,1.2,MEDICAL,C,3160,9.95,0.11,N,3,664,0
66,105628,OTHER,20.6,MEDICAL,A,26439,5.9,0.25,N,19,765,0
36,91586,MORTGAGE,13.5,HOMEIMPROVEMENT,B,17016,5.61,0.19,N,11,746,0
34,69572,RENT,6.1,PERSONAL,B,2810,10.05,0.04,N,8,713,0
32,45355,MORTGAGE,7.5,EDUCATION,C,18684,11.09,0.41,N,3,653,0
43,69418,OTHER,16.1,EDUCATION,C,12041,10.21,0.17,N,5,682,0
35,32076,MORTGAGE,11.0,MEDICAL,C,9914,13.71,0.31,N,5,687,0
48,81906,MORTGAGE,13.9,DEBTCONSOLIDATION,D,17664,13.72,0.22,Y,10,645,0
54,131885,OWN,25.2,MEDICAL,C,19606,10.54,0.15,Y,15,673,0
22,93187,RENT,1.5,HOMEIMPROVEMENT,C,13619,9.98,0.15,N,2,699,0
52,31641,MORTGAGE,24.6,PERSONAL,C,5878,9.05,0.19,Y,12,665,0
43,60891,MORTGAGE,6.7,MEDICAL,B,21471,9.77,0.35,N,9,727,0
42,22564,OWN,7.1,DEBTCONSOLIDATION,D,6305,12.55,0.28,Y,8,617,0
45,69108,RENT,3.7,EDUCATION,C,33728,9.27,0.49,N,5,669,0
42,64238,MORTGAGE,15.8,PERSONAL,C,17673,10.44,0.28,N,16,686,0
42,18000,MORTGAGE,9.4,MEDICAL,D,8344,12.96,0.46,N,6,643,0
62,24414,RENT,11.5,PERSONAL,D,3115,14.62,0.13,Y,15,639,0
26,41361,MORTGAGE,2.1,HOMEIMPROVEMENT,D,15247,10.15,0.37,Y,2,610,1
35,40924,RENT,12.4,EDUCATION,C,7324,7.98,0.18,N,7,698,0
63,23725,RENT,30.8,DEBTCONSOLIDATION,A,5348,7.51,0.23,N,29,764,0
57,61906,RENT,19.0,PERSONAL,B,17373,9.3,0.28,N,9,722,0
53,57004,MORTGAGE,18.6,EDUCATION,B,12756,12.0,0.22,N,14,705,0
28,43627,RENT,4.3,MEDICAL,C,5876,12.34,0.13,N,2,672,0
64,31148,MORTGAGE,17.2,DEBTCONSOLIDATION,C,11023,7.36,0.35,N,26,673,0
64,91970,RENT,34.1,DEBTCONSOLIDATION,A,40000,6.93,0.43,N,23,767,0
25,132355,RENT,1.3,VENTURE,C,25243,7.42,0.19,N,3,698,0
59,36675,RENT,16.1,PERSONAL,C,18210,7.99,0.5,N,17,690,0
24,33951,RENT,2.0,EDUCATION,E,2129,13.82,0.06,Y,3,593,0
26,65822,MORTGAGE,3.6,PERSONAL,B,5376,9.82,0.08,N,3,701,0
65,39544,MORTGAGE,19.8,MEDICAL,B,11111,11.79,0.28,N,21,711,0
52,45087,RENT,15.7,MEDICAL,B,9085,6.72,0.2,Y,18,726,0
50,76404,RENT,6.3,DEBTCONSOLIDATION,C,11352,10.68,0.15,N,14,665,0
67,18000,MORTGAGE,22.5,DEBTCONSOLIDATION,B,4664,7.62,0.26,N,14,739,0
55,108118,RENT,10.0,EDUCATION,B,8701,11.72,0.08,N,13,709,0
60,51205,OWN,9.6,HOMEIMPROVEMENT,A,8874,6.65,0.17,N,10,753,0
36,38296,MORTGAGE,2.6,PERSONAL,D,13842,11.6,0.36,N,7,647,0
33,46465,RENT,9.5,PERSONAL,C,5625,8.35,0.12,Y,7,674,0
62,47928,RENT,17.6,MEDICAL,B,3900,10.73,0.08,N,11,735,0
50,18000,MORTGAGE,17.2,PERSONAL,C,3360,13.66,0.19,N,16,659,0
39,120206,RENT,12.8,EDUCATION,B,23717,7.23,0.2,N,13,744,0
37,50251,RENT,10.9,VENTURE,B,7566,7.58,0.15,N,7,727,0
39,63946,RENT,9.0,DEBTCONSOLIDATION,B,13636,9.2,0.21,N,6,727,0
48,86762,MORTGAGE,11.1,MEDICAL,C,34146,8.5,0.39,N,19,697,0
46,26563,MORTGAGE,10.2,DEBTCONSOLIDATION,B,7353,11.08,0.28,Y,15,709,0
57,65126,RENT,21.4,DEBTCONSOLIDATION,A,31420,7.91,0.48,N,9,778,0
46,41748,MORTGAGE,12.5,DEBTCONSOLIDATION,C,20299,11.72,0.49,N,11,694,0
43,81475,RENT,17.4,VENTURE,C,5454,8.17,0.07,N,13,695,0
29,18000,MORTGAGE,7.8,PERSONAL,C,1047,8.75,0.06,N,5,662,0
32,46191,RENT,3.1,HOMEIMPROVEMENT,C,11360,10.96,0.25,N,7,675,0
21,34142,MORTGAGE,0.6,DEBTCONSOLIDATION,C,6350,12.91,0.19,N,1,676,0
21,63535,OWN,1.6,EDUCATION,D,7633,11.32,0.12,Y,1,600,0
67,64992,RENT,15.2,DEBTCONSOLIDATION,B,12154,10.27,0.19,N,17,702,0
54,32061,RENT,4.1,DEBTCONSOLIDATION,D,7671,11.36,0.24,N,19,612,0
52,31974,RENT,24.5,PERSONAL,C,2681,12.49,0.08,N,23,659,0
45,45871,RENT,7.0,EDUCATION,C,15083,8.74,0.33,N,10,686,0
60,28624,RENT,31.5,PERSONAL,A,6418,7.21,0.22,N,25,792,0
65,81242,MORTGAGE,28.3,DEBTCONSOLIDATION,C,40000,12.09,0.49,N,15,675,0
21,39280,OWN,1.9,PERSONAL,D,2138,10.15,0.05,Y,1,618,0
36,18000,RENT,4.3,PERSONAL,D,2727,13.23,0.15,Y,12,613,1
59,39148,MORTGAGE,10.8,MEDICAL,B,6225,8.57,0.16,N,8,717,0
25,26288,MORTGAGE,3.3,VENTURE,D,13398,12.82,0.51,N,2,638,0
42,18420,MORTGAGE,5.3,HOMEIMPROVEMENT,C,1224,11.64,0.07,N,10,653,0
49,23331,RENT,9.7,VENTURE,B,6729,8.76,0.29,N,12,708,0
23,52346,RENT,1.6,VENTURE,D,16879,12.28,0.32,N,2,610,0
32,108791,MORTGAGE,3.0,EDUCATION,B,25042,6.14,0.23,N,4,724,0
46,59154,RENT,6.8,MEDICAL,E,17049,14.19,0.29,Y,6,595,1
36,34067,MORTGAGE,11.7,MEDICAL,C,11157,12.52,0.33,N,6,699,0
57,64443,MORTGAGE,8.5,PERSONAL,B,13126,7.37,0.2,N,18,747,0
42,37217,RENT,2.9,VENTURE,E,5257,12.83,0.14,Y,11,595,0
49,32313,RENT,16.8,HOMEIMPROVEMENT,C,12079,12.49,0.37,N,15,684,0
34,24523,OWN,12.5,EDUCATION,C,11016,8.06,0.45,N,7,664,0
48,18000,MORTGAGE,10.0,MEDICAL,C,9742,11.23,0.54,Y,9,673,0
25,38794,MORTGAGE,1.3,PERSONAL,C,11673,13.11,0.3,N,4,669,0
67,53897,RENT,24.5,HOMEIMPROVEMENT,B,26733,8.57,0.5,N,11,704,0
50,46259,MORTGAGE,23.5,VENTURE,B,8436,7.96,0.18,N,9,728,0
66,38193,MORTGAGE,31.1,HOMEIMPROVEMENT,A,4930,8.72,0.13,N,27,794,0
25,27793,MORTGAGE,3.8,MEDICAL,C,2139,8.96,0.08,N,2,669,0
32,70611,RENT,4.5,EDUCATION,B,10656,9.91,0.15,N,6,733,0
36,22241,RENT,8.6,VENTURE,C,5709,11.5,0.26,N,6,658,0
46,78089,RENT,4.6,EDUCATION,C,20543,12.27,0.26,N,12,670,0
46,26867,MORTGAGE,16.1,DEBTCONSOLIDATION,B,3959,8.73,0.15,N,10,723,0
41,31211,OWN,14.0,HOMEIMPROVEMENT,B,7242,10.58,0.23,N,16,744,0
59,20331,OTHER,31.8,HOMEIMPROVEMENT,B,2001,8.13,0.1,N,15,730,0
56,36284,OWN,10.7,PERSONAL,C,7536,7.89,0.21,N,19,685,0
53,88008,RENT,4.0,VENTURE,B,40000,7.05,0.45,N,22,709,0
50,66794,RENT,15.4,HOMEIMPROVEMENT,C,9109,9.39,0.14,Y,16,655,0
57,88172,RENT,23.2,MEDICAL,B,40000,9.14,0.45,N,18,749,0
43,67056,RENT,16.3,DEBTCONSOLIDATION,C,13203,9.56,0.2,N,12,666,0
30,25280,MORTGAGE,2.8,MEDICAL,D,11663,12.02,0.46,N,5,622,0
25,40196,MORTGAGE,2.0,EDUCATION,C,22464,11.23,0.56,N,4,653,0
56,30695,RENT,17.4,DEBTCONSOLIDATION,B,5690,7.64,0.19,N,8,727,0
54,108917,MORTGAGE,11.9,DEBTCONSOLIDATION,B,37759,9.44,0.35,N,23,714,0
51,23907,OWN,23.2,MEDICAL,B,2400,10.12,0.1,N,16,730,0
30,83802,MORTGAGE,5.2,HOMEIMPROVEMENT,B,11782,8.67,0.14,N,7,733,0
39,83765,RENT,13.9,MEDICAL,C,28340,11.94,0.34,N,4,670,0
52,146938,MORTGAGE,17.2,VENTURE,A,40000,6.85,0.27,N,21,772,0
21,38337,RENT,1.9,EDUCATION,B,8556,9.48,0.22,N,1,718,0
25,75161,MORTGAGE,2.3,DEBTCONSOLIDATION,D,19601,12.53,0.26,Y,3,611,0
65,192719,RENT,32.1,VENTURE,A,40000,8.96,0.21,N,19,774,0
24,33840,RENT,1.8,HOMEIMPROVEMENT,B,3982,9.72,0.12,N,3,718,0
36,19515,OTHER,8.7,HOMEIMPROVEMENT,B,5477,7.38,0.28,N,9,742,0
44,18000,MORTGAGE,6.5,MEDICAL,C,5947,11.05,0.33,N,7,678,0
36,75179,MORTGAGE,7.8,PERSONAL,C,16231,8.91,0.22,N,8,677,0
22,18000,OWN,1.3,DEBTCONSOLIDATION,C,1000,10.74,0.06,N,1,684,0
48,39206,RENT,8.6,DEBTCONSOLIDATION,C,11728,10.86,0.3,N,14,659,0
52,63728,RENT,26.4,PERSONAL,B,30210,8.47,0.47,N,19,745,0
47,54781,MORTGAGE,6.1,HOMEIMPROVEMENT,C,16287,9.95,0.3,N,6,688,0
40,63276,RENT,14.3,HOMEIMPROVEMENT,C,19555,9.46,0.31,N,10,676,0
44,56014,MORTGAGE,20.5,DEBTCONSOLIDATION,C,5198,9.37,0.09,Y,13,673,0
32,105590,RENT,1.6,EDUCATION,C,29610,11.88,0.28,N,4,680,0
55,27684,RENT,21.8,DEBTCONSOLIDATION,C,10611,13.76,0.38,N,25,658,0
53,32656,MORTGAGE,9.7,HOMEIMPROVEMENT,B,14546,9.95,0.45,N,16,703,0
53,30834,RENT,4.5,HOMEIMPROVEMENT,C,4536,9.71,0.15,N,10,699,0
63,80669,MORTGAGE,17.2,EDUCATION,B,28065,7.73,0.35,N,11,702,0
57,84140,MORTGAGE,29.4,VENTURE,A,32197,5.0,0.38,N,18,786,0
32,64262,OWN,1.5,VENTURE,C,9793,8.15,0.15,N,5,670,0
23,99717,MORTGAGE,2.6,EDUCATION,B,11926,10.43,0.12,N,1,700,0
21,24177,RENT,1.4,EDUCATION,C,5859,7.41,0.24,N,1,686,0
53,133296,MORTGAGE,24.9,VENTURE,A,24252,7.56,0.18,N,16,799,0
60,122264,MORTGAGE,6.7,VENTURE,A,4472,6.38,0.04,N,20,752,0
30,76219,MORTGAGE,6.9,VENTURE,C,9183,10.06,0.12,N,3,694,0
63,142782,MORTGAGE,25.9,VENTURE,C,27671,9.18,0.19,Y,22,695,0
64,18142,MORTGAGE,26.1,DEBTCONSOLIDATION,C,4574,8.17,0.25,N,30,696,0
49,35786,MORTGAGE,23.5,DEBTCONSOLIDATION,B,10798,7.41,0.3,N,21,705,0
33,31533,MORTGAGE,10.1,MEDICAL,C,3291,7.21,0.1,N,9,695,0
32,75575,RENT,1.8,EDUCATION,C,6964,9.53,0.09,Y,8,651,0
51,26105,RENT,14.2,PERSONAL,E,8172,16.09,0.31,Y,10,599,1
66,77226,MORTGAGE,18.2,MEDICAL,A,12473,9.52,0.16,N,13,767,0
22,111560,RENT,1.3,PERSONAL,C,40000,10.0,0.36,N,1,697,0
55,74393,RENT,15.4,PERSONAL,C,21771,9.49,0.29,N,18,687,0
43,58119,RENT,9.2,HOMEIMPROVEMENT,B,21495,8.6,0.37,N,15,705,0
37,27099,MORTGAGE,7.7,EDUCATION,C,9402,10.6,0.35,N,6,674,0
46,29492,RENT,22.0,DEBTCONSOLIDATION,B,3204,8.47,0.11,N,12,710,0
28,103753,MORTGAGE,1.6,MEDICAL,A,7829,6.7,0.08,N,5,767,0
49,78245,RENT,23.1,EDUCATION,B,30790,9.9,0.39,N,13,715,0
46,47886,MORTGAGE,12.2,VENTURE,C,10571,8.43,0.22,N,11,690,0
30,38148,RENT,6.4,EDUCATION,B,5691,5.02,0.15,N,3,729,0
46,18000,MORTGAGE,19.1,PERSONAL,C,2966,10.0,0.16,Y,19,660,0
54,25783,RENT,12.7,DEBTCONSOLIDATION,B,5500,11.04,0.21,N,15,725,0
61,154330,OWN,17.3,VENTURE,B,13529,5.68,0.09,N,20,749,0
27,22736,OWN,3.5,EDUCATION,C,7122,8.46,0.31,N,2,678,0
24,54923,MORTGAGE,2.2,EDUCATION,E,11499,12.67,0.21,Y,2,571,1
65,89721,OWN,35.1,DEBTCONSOLIDATION,C,40000,7.8,0.45,N,15,682,0
31,23087,RENT,8.8,PERSONAL,C,8585,13.25,0.37,N,3,656,0
49,54766,MORTGAGE,5.5,VENTURE,C,18039,10.15,0.33,N,10,688,0
56,86055,MORTGAGE,6.7,PERSONAL,A,22401,5.0,0.26,N,7,791,0
45,49389,MORTGAGE,10.8,DEBTCONSOLIDATION,A,4112,7.65,0.08,N,13,758,0
41,250000,MORTGAGE,3.9,EDUCATION,B,40000,8.46,0.16,N,9,736,0
56,18012,MORTGAGE,20.3,MEDICAL,B,3162,7.91,0.18,N,24,744,0
30,92525,OTHER,2.4,MEDICAL,D,33554,11.09,0.36,N,2,645,0
57,44192,RENT,18.2,HOMEIMPROVEMENT,B,22071,7.99,0.5,N,8,747,0
29,77897,MORTGAGE,1.2,MEDICAL,C,25302,11.03,0.32,N,7,670,0
44,63881,MORTGAGE,8.4,DEBTCONSOLIDATION,C,13074,10.63,0.2,N,6,686,0
55,31574,MORTGAGE,21.2,DEBTCONSOLIDATION,B,9051,5.94,0.29,N,7,747,0
55,56240,RENT,16.2,DEBTCONSOLIDATION,D,6203,11.7,0.11,Y,10,636,0
56,18000,MORTGAGE,29.8,VENTURE,A,3615,7.1,0.2,N,23,791,0
38,70399,OWN,14.2,HOMEIMPROVEMENT,D,10542,10.76,0.15,Y,12,634,0
59,58623,RENT,14.4,VENTURE,B,14386,10.87,0.25,N,15,743,0
52,71911,MORTGAGE,4.5,MEDICAL,B,19213,9.51,0.27,N,18,700,0
44,92491,RENT,18.0,MEDICAL,B,40000,9.09,0.43,N,11,742,0
43,61118,OTHER,18.4,EDUCATION,C,13816,9.36,0.23,N,16,687,0
52,53575,MORTGAGE,22.9,VENTURE,C,11001,10.23,0.21,N,7,666,0
57,28893,RENT,7.4,PERSONAL,C,2116,11.17,0.07,N,23,667,0
32,31973,RENT,11.2,EDUCATION,C,4194,7.87,0.13,N,3,690,0
33,99911,MORTGAGE,4.2,VENTURE,C,31661,10.91,0.32,N,5,695,0
43,116052,RENT,15.2,DEBTCONSOLIDATION,B,11537,6.83,0.1,N,7,731,0
45,42494,MORTGAGE,19.9,HOMEIMPROVEMENT,D,8218,12.63,0.19,N,14,646,0
55,50392,OWN,9.8,VENTURE,C,26649,10.62,0.53,N,19,655,0
61,28487,MORTGAGE,31.6,HOMEIMPROVEMENT,B,7998,11.71,0.28,N,20,733,0
50,99077,RENT,10.1,HOMEIMPROVEMENT,C,40000,11.14,0.4,N,17,699,0
37,73075,OTHER,14.9,MEDICAL,D,8119,12.76,0.11,Y,9,647,0
40,157114,MORTGAGE,6.5,PERSONAL,B,40000,9.27,0.25,N,12,719,0
45,28940,RENT,20.7,VENTURE,B,2644,10.32,0.09,N,8,727,0
42,39073,RENT,3.3,PERSONAL,D,16486,12.91,0.42,N,9,631,1
33,56323,RENT,8.9,HOMEIMPROVEMENT,D,7707,8.89,0.14,Y,4,630,0
39,72250,MORTGAGE,9.9,MEDICAL,C,18504,8.55,0.26,N,8,693,0
56,43070,RENT,16.5,PERSONAL,E,14351,11.64,0.33,Y,20,590,0
32,29034,RENT,3.6,EDUCATION,C,10474,9.61,0.36,N,7,663,0
61,83186,MORTGAGE,25.5,HOMEIMPROVEMENT,C,39357,10.58,0.47,N,23,657,0
39,75559,MORTGAGE,4.9,EDUCATION,C,7792,10.78,0.1,N,7,688,0
32,28289,MORTGAGE,6.8,DEBTCONSOLIDATION,C,7640,11.55,0.27,N,7,695,0
29,110554,MORTGAGE,3.0,PERSONAL,B,22825,9.71,0.21,N,4,727,0
27,98925,RENT,6.9,PERSONAL,B,28409,11.19,0.29,N,6,710,0
48,53134,MORTGAGE,3.6,PERSONAL,D,15664,10.43,0.29,Y,11,623,0
34,51418,RENT,3.8,DEBTCONSOLIDATION,B,2215,8.08,0.04,N,8,726,0
51,68352,MORTGAGE,8.9,VENTURE,C,31458,9.49,0.46,N,18,692,0
39,29230,MORTGAGE,8.2,HOMEIMPROVEMENT,B,15937,8.48,0.55,N,13,705,0
67,49912,RENT,12.9,HOMEIMPROVEMENT,D,14370,10.18,0.29,N,20,628,0
36,18000,OWN,8.0,HOMEIMPROVEMENT,B,5306,9.97,0.29,N,6,708,0
25,82940,MORTGAGE,5.0,VENTURE,D,18607,10.78,0.22,N,2,629,0
55,19208,RENT,22.1,PERSONAL,D,4272,13.26,0.22,Y,13,622,1
32,120819,OWN,7.1,PERSONAL,A,5753,5.82,0.05,N,7,764,0
45,40212,MORTGAGE,4.4,DEBTCONSOLIDATION,B,13036,10.93,0.32,N,17,700,0
41,43174,MORTGAGE,13.5,EDUCATION,C,5741,10.61,0.13,N,6,679,0
56,33636,MORTGAGE,8.2,VENTURE,C,8069,10.33,0.24,N,18,688,0
43,41240,MORTGAGE,16.3,MEDICAL,C,16586,10.74,0.4,N,16,676,0
36,114819,RENT,5.0,VENTURE,B,37808,8.31,0.33,N,4,739,0
59,18000,RENT,16.1,DEBTCONSOLIDATION,C,6783,9.97,0.38,N,18,686,0
65,105469,MORTGAGE,16.2,EDUCATION,B,22982,8.8,0.22,N,29,714,0
62,60042,RENT,30.9,EDUCATION,A,10236,8.08,0.17,N,28,765,0
59,23760,MORTGAGE,7.7,EDUCATION,B,2801,10.0,0.12,N,18,715,0
34,25714,RENT,7.9,PERSONAL,C,14462,10.38,0.56,N,3,654,1
51,134032,RENT,6.6,MEDICAL,A,6975,9.71,0.05,N,8,765,0
25,27797,RENT,4.2,EDUCATION,D,12000,10.66,0.43,Y,3,649,0
55,24538,MORTGAGE,27.1,HOMEIMPROVEMENT,E,9150,12.57,0.37,Y,9,571,0
43,96992,MORTGAGE,10.1,PERSONAL,A,24576,7.52,0.25,N,6,761,0
49,60061,RENT,13.7,MEDICAL,A,12723,6.51,0.21,N,18,764,0
63,27924,MORTGAGE,33.7,HOMEIMPROVEMENT,A,4747,8.48,0.17,N,25,760,0
31,55824,RENT,6.0,MEDICAL,C,5741,9.58,0.1,N,8,695,0
38,26490,MORTGAGE,8.8,DEBTCONSOLIDATION,D,2195,12.38,0.08,N,5,647,0
67,94891,RENT,24.7,MEDICAL,B,29256,8.19,0.31,N,14,744,0
32,92672,MORTGAGE,8.2,HOMEIMPROVEMENT,B,7438,9.13,0.08,N,8,712,0
29,67454,MORTGAGE,1.9,VENTURE,D,13896,10.72,0.21,N,6,645,0
30,60900,OWN,8.1,MEDICAL,C,9630,11.37,0.16,N,7,684,0
64,141027,RENT,18.6,VENTURE,A,13265,7.26,0.09,N,30,765,0
37,49011,MORTGAGE,2.9,MEDICAL,D,7601,12.13,0.16,Y,12,632,1
58,24121,MORTGAGE,26.0,DEBTCONSOLIDATION,C,8651,11.95,0.36,N,18,676,0
27,64195,OWN,3.3,HOMEIMPROVEMENT,D,21012,12.53,0.33,N,3,602,1
66,171378,RENT,8.2,MEDICAL,C,22279,10.26,0.13,Y,23,675,0
33,26665,RENT,8.2,EDUCATION,D,10161,11.02,0.38,N,7,644,0
60,39463,MORTGAGE,30.1,DEBTCONSOLIDATION,B,19855,9.92,0.5,N,15,700,0
62,62935,RENT,31.7,EDUCATION,C,36227,12.39,0.58,N,25,650,0
29,47460,RENT,8.5,DEBTCONSOLIDATION,C,8882,11.14,0.19,N,2,689,0
47,27190,RENT,20.5,DEBTCONSOLIDATION,B,7570,9.69,0.28,N,17,722,0
22,96097,MORTGAGE,0.4,MEDICAL,D,8056,13.71,0.08,Y,1,627,1
25,197210,RENT,2.6,HOMEIMPROVEMENT,A,40000,8.18,0.2,N,3,751,0
49,55142,MORTGAGE,20.9,HOMEIMPROVEMENT,B,4759,10.94,0.09,N,19,726,0
57,28497,MORTGAGE,13.9,PERSONAL,D,7714,13.44,0.27,N,9,628,0
58,19353,RENT,20.8,HOMEIMPROVEMENT,C,8305,8.75,0.43,N,18,697,0
39,57227,RENT,11.0,VENTURE,C,4376,11.1,0.08,N,5,691,0
28,95065,RENT,3.6,MEDICAL,E,40000,10.72,0.42,Y,6,575,1
65,65192,MORTGAGE,34.5,EDUCATION,B,8096,10.85,0.12,Y,28,719,0
21,48950,MORTGAGE,1.4,HOMEIMPROVEMENT,C,8936,9.62,0.18,N,2,697,0
42,34421,MORTGAGE,10.2,EDUCATION,C,10325,9.46,0.3,N,15,668,0
37,25455,RENT,15.2,PERSONAL,C,7467,7.29,0.29,N,10,691,0
27,80890,MORTGAGE,4.0,MEDICAL,D,24164,11.57,0.3,Y,2,631,0
45,84817,MORTGAGE,6.1,HOMEIMPROVEMENT,D,18742,13.04,0.22,N,9,649,0
65,19390,MORTGAGE,21.6,EDUCATION,C,7165,11.21,0.37,N,21,661,0
24,127249,MORTGAGE,4.0,DEBTCONSOLIDATION,C,31023,9.63,0.24,N,2,681,0
56,69178,RENT,24.5,HOMEIMPROVEMENT,B,29154,8.12,0.42,N,22,740,0
26,113522,MORTGAGE,5.2,PERSONAL,A,24852,9.37,0.22,N,2,773,0
51,21910,RENT,19.7,DEBTCONSOLIDATION,B,1930,9.42,0.09,N,8,741,0
39,21601,RENT,5.8,EDUCATION,C,1214,9.6,0.06,N,9,699,0
64,44829,MORTGAGE,32.4,EDUCATION,B,7874,10.67,0.18,N,12,712,0
59,66281,OWN,29.7,MEDICAL,A,7948,8.29,0.12,N,22,782,0
47,144035,MORTGAGE,6.8,MEDICAL,B,17520,7.44,0.12,N,14,728,0
30,74880,RENT,2.3,EDUCATION,D,38108,11.03,0.51,N,6,638,1
46,42378,RENT,21.9,DEBTCONSOLIDATION,A,7487,10.19,0.18,N,6,751,0
39,26480,MORTGAGE,14.9,MEDICAL,C,6967,11.39,0.26,Y,14,676,0
59,102539,MORTGAGE,29.7,EDUCATION,A,26203,9.67,0.26,N,8,785,0
23,27478,RENT,3.6,DEBTCONSOLIDATION,A,2139,8.22,0.08,N,1,775,0
65,130233,MORTGAGE,22.5,VENTURE,B,21350,7.43,0.16,N,25,737,0
33,41331,RENT,8.3,HOMEIMPROVEMENT,C,11127,10.38,0.27,N,3,675,0
48,127306,MORTGAGE,14.5,VENTURE,B,40000,10.69,0.31,N,7,704,0
40,73670,OWN,3.0,VENTURE,C,6360,10.33,0.09,N,5,677,0
48,45152,RENT,18.7,HOMEIMPROVEMENT,B,5582,9.6,0.12,Y,14,704,0
28,35895,RENT,4.5,EDUCATION,D,8554,14.39,0.24,N,6,645,0
61,39952,MORTGAGE,23.8,EDUCATION,B,11289,9.22,0.28,N,20,702,0
59,63385,MORTGAGE,18.5,MEDICAL,C,17221,10.3,0.27,Y,20,694,0
21,51343,MORTGAGE,1.3,PERSONAL,C,24626,10.71,0.48,N,1,678,0
23,34327,MORTGAGE,1.1,EDUCATION,D,16232,13.42,0.47,N,1,622,0
33,44383,RENT,4.4,HOMEIMPROVEMENT,C,6251,10.27,0.14,N,3,692,0
48,51387,MORTGAGE,6.3,PERSONAL,D,19682,12.21,0.38,N,19,623,0
45,18000,RENT,6.4,HOMEIMPROVEMENT,D,3810,15.57,0.21,Y,6,606,1
53,64530,OWN,27.3,HOMEIMPROVEMENT,B,10667,7.97,0.17,N,24,749,0
58,27232,RENT,8.3,HOMEIMPROVEMENT,C,5332,10.86,0.2,N,11,696,0
26,24538,MORTGAGE,2.3,PERSONAL,C,5066,8.54,0.21,Y,4,673,0
64,18000,RENT,23.6,VENTURE,A,1406,7.97,0.08,N,30,754,0
65,18000,RENT,24.8,DEBTCONSOLIDATION,C,1308,9.8,0.07,N,17,690,0
52,21736,RENT,7.1,HOMEIMPROVEMENT,C,2164,9.59,0.1,N,19,698,0
65,32035,MORTGAGE,30.8,MEDICAL,C,10859,8.48,0.34,Y,17,654,0
67,158253,MORTGAGE,31.8,EDUCATION,A,40000,5.0,0.25,N,17,850,0
41,35755,MORTGAGE,6.1,DEBTCONSOLIDATION,C,5773,9.01,0.16,N,6,678,0
36,54537,RENT,5.4,EDUCATION,C,21196,11.73,0.39,N,10,685,0
41,62335,MORTGAGE,17.4,EDUCATION,C,6392,9.24,0.1,Y,7,671,0
31,53031,MORTGAGE,8.8,PERSONAL,D,31545,12.62,0.59,N,4,634,0
57,46795,RENT,22.9,MEDICAL,C,10346,11.48,0.22,N,27,673,0
56,23928,RENT,6.0,MEDICAL,C,1469,9.11,0.06,N,13,688,0
55,117073,MORTGAGE,14.5,DEBTCONSOLIDATION,C,15400,8.42,0.13,Y,15,698,0
39,144975,RENT,10.3,MEDICAL,B,18431,9.15,0.13,N,14,702,0
40,18000,RENT,5.1,MEDICAL,C,1441,9.44,0.08,N,8,687,0
38,26518,MORTGAGE,8.3,MEDICAL,C,4568,9.09,0.17,N,7,670,0
67,41444,RENT,25.5,DEBTCONSOLIDATION,C,3402,10.03,0.08,N,30,673,0
61,27481,MORTGAGE,14.2,VENTURE,B,5414,9.76,0.2,N,15,711,0
34,66408,OWN,10.3,MEDICAL,B,7381,6.86,0.11,N,5,732,0
35,31667,MORTGAGE,11.7,MEDICAL,C,19113,9.62,0.6,N,6,691,0
51,179698,MORTGAGE,10.8,PERSONAL,A,35224,6.25,0.2,N,18,784,0
21,100140,RENT,2.1,PERSONAL,D,12363,11.6,0.12,Y,1,641,0
23,55689,MORTGAGE,0.9,MEDICAL,B,11344,12.4,0.2,N,1,702,0
36,90779,RENT,12.4,VENTURE,B,25767,6.59,0.28,N,6,725,0
43,95181,MORTGAGE,5.2,MEDICAL,E,15868,13.99,0.17,Y,8,554,1
31,34948,OWN,2.1,MEDICAL,D,14021,12.74,0.4,N,6,613,0
32,30039,MORTGAGE,7.7,MEDICAL,D,2866,11.87,0.1,Y,4,603,0
30,51373,MORTGAGE,5.2,HOMEIMPROVEMENT,C,10062,10.31,0.2,N,6,696,0
52,82205,RENT,25.0,VENTURE,A,8534,5.47,0.1,N,15,764,0
36,53286,RENT,6.4,EDUCATION,B,11489,8.52,0.22,N,5,719,0
28,19030,MORTGAGE,3.0,MEDICAL,B,2163,5.39,0.11,N,3,708,0
58,30281,RENT,18.0,EDUCATION,B,6828,8.78,0.23,N,11,716,0
32,46892,MORTGAGE,5.9,VENTURE,B,9572,7.45,0.2,N,3,711,0
44,46845,RENT,8.9,MEDICAL,B,16618,8.81,0.35,N,13,742,0
48,160095,MORTGAGE,17.6,EDUCATION,A,21396,9.19,0.13,N,16,783,0
28,21341,RENT,6.3,DEBTCONSOLIDATION,C,6812,10.85,0.32,N,2,674,0
48,66393,MORTGAGE,20.9,EDUCATION,B,23238,8.41,0.35,N,15,736,0
56,119786,MORTGAGE,29.7,VENTURE,A,40000,6.11,0.33,N,26,789,0
46,191543,MORTGAGE,8.0,MEDICAL,B,39577,7.98,0.21,Y,6,740,0
28,38459,RENT,6.0,HOMEIMPROVEMENT,D,15796,11.22,0.41,N,4,636,1
48,65831,MORTGAGE,11.3,VENTURE,D,21300,11.36,0.32,N,16,645,0
48,68999,RENT,17.2,HOMEIMPROVEMENT,B,8866,9.18,0.13,N,6,738,0
57,55121,RENT,16.9,MEDICAL,C,16014,9.66,0.29,N,22,662,0
61,46198,RENT,34.2,EDUCATION,C,14847,12.53,0.32,Y,29,662,0
56,63677,MORTGAGE,23.2,DEBTCONSOLIDATION,B,20494,8.73,0.32,Y,9,719,0
47,18000,RENT,22.2,DEBTCONSOLIDATION,B,2404,9.01,0.13,N,17,721,0
37,73809,OTHER,13.0,VENTURE,B,27393,11.38,0.37,N,7,706,0
29,52876,MORTGAGE,8.1,VENTURE,C,5542,6.6,0.1,N,2,695,0
53,42895,RENT,23.5,VENTURE,A,11344,5.0,0.26,N,15,776,0
40,167395,MORTGAGE,9.3,PERSONAL,A,40000,8.34,0.24,N,5,761,0
33,32697,MORTGAGE,4.1,DEBTCONSOLIDATION,C,12475,11.07,0.38,N,6,654,0
48,38490,RENT,10.8,DEBTCONSOLIDATION,A,5953,10.13,0.15,N,6,756,0
49,161932,MORTGAGE,3.5,MEDICAL,B,40000,6.77,0.25,N,17,738,0
33,29755,MORTGAGE,7.0,PERSONAL,C,3329,10.92,0.11,N,6,682,0
66,35239,RENT,21.8,VENTURE,D,11947,11.04,0.34,N,20,637,0
55,44881,MORTGAGE,17.3,VENTURE,C,7812,12.51,0.17,Y,11,653,0
26,81181,RENT,6.3,HOMEIMPROVEMENT,C,22613,6.79,0.28,N,3,686,0
38,55530,RENT,14.8,PERSONAL,D,8939,11.19,0.16,Y,5,637,1
25,22571,MORTGAGE,1.5,EDUCATION,C,3892,11.81,0.17,N,3,665,0
67,35621,MORTGAGE,17.6,DEBTCONSOLIDATION,D,8095,10.11,0.23,N,14,646,0
45,34050,MORTGAGE,10.7,MEDICAL,B,11951,9.37,0.35,Y,13,706,0
22,46801,MORTGAGE,1.4,EDUCATION,C,12363,11.07,0.26,N,1,656,0
30,63291,MORTGAGE,7.9,EDUCATION,B,18222,9.49,0.29,N,6,721,0
50,63002,MORTGAGE,14.9,MEDICAL,B,18339,7.88,0.29,N,15,704,0
65,18000,RENT,23.5,VENTURE,E,2998,13.42,0.17,Y,19,554,0
25,92815,MORTGAGE,4.9,DEBTCONSOLIDATION,B,25011,10.38,0.27,N,3,700,0
53,57041,MORTGAGE,23.2,HOMEIMPROVEMENT,B,12379,9.67,0.22,N,14,735,0
21,112501,RENT,0.6,VENTURE,C,28408,10.3,0.25,N,1,687,0
38,63992,MORTGAGE,12.0,VENTURE,A,9830,7.02,0.15,N,11,768,0
52,94920,RENT,13.8,PERSONAL,A,11367,6.75,0.12,N,15,798,0
67,64856,MORTGAGE,15.0,EDUCATION,B,29313,10.62,0.45,N,30,709,0
31,109944,MORTGAGE,1.8,EDUCATION,B,19935,9.1,0.18,N,7,727,0
41,67060,OWN,10.1,DEBTCONSOLIDATION,E,34226,11.73,0.51,Y,10,575,1
46,46223,RENT,9.8,EDUCATION,C,6615,9.0,0.14,N,6,666,0
45,191656,MORTGAGE,7.5,HOMEIMPROVEMENT,C,38003,10.87,0.2,Y,13,662,0
42,83568,RENT,14.1,HOMEIMPROVEMENT,A,20776,5.0,0.25,N,9,791,0
47,69164,MORTGAGE,18.5,HOMEIMPROVEMENT,C,23115,10.86,0.33,N,13,699,0
33,22793,MORTGAGE,4.1,MEDICAL,B,3987,7.35,0.17,N,7,729,0
53,22629,MORTGAGE,4.7,DEBTCONSOLIDATION,D,10859,9.94,0.48,N,18,634,0
54,58432,MORTGAGE,25.0,HOMEIMPROVEMENT,C,15886,12.23,0.27,N,19,698,0
61,53493,MORTGAGE,4.6,PERSONAL,C,19657,10.01,0.37,N,23,663,0
55,33912,RENT,28.0,PERSONAL,B,2226,9.29,0.07,N,9,725,0
21,53347,RENT,1.6,VENTURE,D,22626,12.23,0.42,N,1,645,1
41,127156,MORTGAGE,7.5,VENTURE,A,40000,9.5,0.31,N,11,775,0
26,74402,MORTGAGE,2.2,DEBTCONSOLIDATION,C,32974,9.46,0.44,N,3,677,0
48,24720,RENT,3.2,VENTURE,C,4752,10.71,0.19,N,17,674,0
37,45848,MORTGAGE,5.0,VENTURE,C,13307,9.89,0.29,N,4,686,0
25,30243,RENT,1.4,PERSONAL,B,8527,13.11,0.28,N,2,704,0
51,38846,RENT,17.4,VENTURE,B,2969,5.86,0.08,N,15,724,0
25,38247,MORTGAGE,1.5,PERSONAL,C,5624,9.52,0.15,N,3,696,0
58,36805,RENT,18.8,HOMEIMPROVEMENT,A,3014,7.72,0.08,N,13,761,0
23,23084,RENT,2.6,HOMEIMPROVEMENT,D,4572,11.29,0.2,N,2,641,0
43,45406,RENT,7.7,DEBTCONSOLIDATION,D,6361,10.47,0.14,Y,5,603,0
57,35018,MORTGAGE,4.9,MEDICAL,C,4771,6.98,0.14,N,8,696,0
57,18000,OWN,4.9,VENTURE,D,7440,9.21,0.41,N,9,639,0
30,168010,MORTGAGE,1.4,HOMEIMPROVEMENT,B,40000,10.25,0.24,N,5,722,0
30,94208,RENT,7.4,HOMEIMPROVEMENT,C,10134,10.07,0.11,N,7,685,0
39,39113,OWN,6.8,DEBTCONSOLIDATION,C,11576,8.39,0.3,N,6,655,0
37,49577,MORTGAGE,12.5,EDUCATION,A,5332,10.12,0.11,N,4,754,0
41,24270,MORTGAGE,9.3,EDUCATION,C,5996,13.35,0.25,N,12,675,0
34,135595,MORTGAGE,6.7,DEBTCONSOLIDATION,B,40000,9.84,0.29,N,10,708,0
29,153027,RENT,5.0,PERSONAL,B,32803,10.12,0.21,N,2,705,0
66,53853,MORTGAGE,28.8,MEDICAL,B,8966,9.34,0.17,N,18,714,0
21,90591,RENT,0.9,DEBTCONSOLIDATION,C,22827,9.9,0.25,N,1,661,0
65,54457,RENT,8.7,EDUCATION,D,17083,8.47,0.31,N,11,649,0
33,21981,MORTGAGE,7.3,MEDICAL,C,5691,9.34,0.26,N,7,657,0
24,38288,MORTGAGE,2.0,HOMEIMPROVEMENT,C,8219,10.23,0.21,N,4,678,0
21,53058,MORTGAGE,1.2,DEBTCONSOLIDATION,B,15848,10.44,0.3,N,1,702,0
60,37319,MORTGAGE,23.2,PERSONAL,B,3520,8.33,0.09,N,29,731,0
52,42993,RENT,15.2,MEDICAL,C,8316,10.2,0.19,N,14,677,0
54,46404,RENT,19.2,EDUCATION,D,17438,12.27,0.38,Y,23,617,0
48,46698,RENT,14.4,HOMEIMPROVEMENT,C,4407,9.83,0.09,N,9,699,0
51,50582,MORTGAGE,20.4,DEBTCONSOLIDATION,C,25046,9.47,0.5,N,8,677,0
28,25942,MORTGAGE,5.9,VENTURE,C,10851,11.65,0.42,N,5,655,0
59,31881,RENT,19.4,HOMEIMPROVEMENT,B,12314,7.01,0.39,N,15,731,0
46,22680,OTHER,16.1,EDUCATION,B,2607,8.98,0.11,N,10,736,0
54,88140,RENT,25.6,DEBTCONSOLIDATION,A,10646,5.0,0.12,N,19,812,0
23,18000,MORTGAGE,2.0,EDUCATION,C,1000,9.24,0.06,N,1,655,0
32,97944,MORTGAGE,5.4,VENTURE,C,17579,9.3,0.18,N,6,676,0
21,112623,RENT,1.9,HOMEIMPROVEMENT,C,24952,9.99,0.22,N,1,698,0
64,40892,MORTGAGE,23.4,MEDICAL,A,4248,7.67,0.1,N,27,775,0
25,18000,MORTGAGE,1.0,MEDICAL,F,6582,14.08,0.37,Y,2,515,1
50,39466,MORTGAGE,23.2,HOMEIMPROVEMENT,C,8787,8.81,0.22,Y,14,658,0
50,47168,MORTGAGE,3.9,MEDICAL,D,4742,14.04,0.1,Y,6,616,0
37,26732,RENT,11.9,DEBTCONSOLIDATION,B,8542,9.43,0.32,N,11,710,0
67,35985,MORTGAGE,30.9,HOMEIMPROVEMENT,C,4746,9.74,0.13,Y,24,690,0
43,122776,OWN,19.2,HOMEIMPROVEMENT,A,29733,8.05,0.24,N,7,769,0
35,73054,RENT,2.3,EDUCATION,D,20299,10.12,0.28,Y,5,638,1
57,28148,RENT,20.2,PERSONAL,A,11709,8.28,0.42,N,12,796,0
41,18796,OWN,9.2,EDUCATION,B,7241,9.36,0.39,N,11,737,0
34,40287,RENT,5.3,MEDICAL,B,5406,8.44,0.13,N,7,725,0
22,43127,MORTGAGE,0.7,PERSONAL,D,17321,11.12,0.4,N,1,649,0
31,66020,MORTGAGE,6.4,HOMEIMPROVEMENT,C,19624,9.83,0.3,N,7,682,0
59,35554,MORTGAGE,17.8,MEDICAL,C,6692,12.13,0.19,Y,26,684,0
58,66629,RENT,6.9,VENTURE,B,26121,9.36,0.39,N,8,730,0
54,156544,RENT,19.0,MEDICAL,B,40000,9.52,0.26,N,14,730,0
58,79961,RENT,24.7,PERSONAL,E,23483,12.89,0.29,Y,19,598,0
54,47626,MORTGAGE,22.9,PERSONAL,C,12126,10.87,0.25,N,17,660,0
38,43919,MORTGAGE,14.7,HOMEIMPROVEMENT,C,16756,13.48,0.38,Y,4,667,0
50,39576,MORTGAGE,12.4,DEBTCONSOLIDATION,B,11263,7.7,0.28,N,9,745,0
35,99546,MORTGAGE,13.0,VENTURE,B,40000,9.53,0.4,N,3,714,0
47,33644,RENT,20.5,HOMEIMPROVEMENT,B,5413,11.74,0.16,N,14,732,0
54,50369,RENT,11.1,VENTURE,A,9141,9.46,0.18,N,18,770,0
58,50550,MORTGAGE,8.5,VENTURE,C,13672,10.33,0.27,Y,11,696,0
53,36276,MORTGAGE,14.2,HOMEIMPROVEMENT,C,3014,8.3,0.08,Y,12,670,0
44,21515,RENT,9.9,MEDICAL,C,8526,13.66,0.4,N,9,675,0
35,59503,RENT,8.6,EDUCATION,C,7993,9.43,0.13,N,10,695,0
50,47258,RENT,16.3,VENTURE,C,15754,9.92,0.33,N,9,695,0
62,66180,RENT,27.5,PERSONAL,B,18386,10.84,0.28,N,20,711,0
37,35590,MORTGAGE,8.7,HOMEIMPROVEMENT,B,12454,9.14,0.35,N,11,706,0
25,101976,OWN,1.2,DEBTCONSOLIDATION,B,16248,9.8,0.16,N,4,705,0
49,28967,MORTGAGE,21.7,MEDICAL,C,4831,9.98,0.17,N,16,692,0
24,136929,OWN,1.9,VENTURE,A,29366,7.21,0.21,N,2,761,0
30,18000,OWN,9.4,DEBTCONSOLIDATION,B,3849,9.92,0.21,N,7,708,0
37,63631,MORTGAGE,3.5,MEDICAL,C,22087,8.9,0.35,N,10,693,0
30,65202,RENT,9.2,HOMEIMPROVEMENT,B,12073,7.84,0.19,N,6,703,0
37,30414,MORTGAGE,3.1,DEBTCONSOLIDATION,C,15377,11.28,0.51,N,4,673,0
40,63236,RENT,5.8,PERSONAL,C,9173,11.76,0.15,N,4,692,0
44,105631,RENT,3.4,VENTURE,A,40000,5.59,0.38,N,14,795,0
25,18000,RENT,4.2,VENTURE,A,1723,6.78,0.1,N,4,767,0
54,66280,MORTGAGE,25.0,DEBTCONSOLIDATION,C,4540,11.13,0.07,Y,21,652,0
26,18000,RENT,3.2,MEDICAL,C,3224,10.57,0.18,N,4,670,0
22,27463,RENT,3.0,HOMEIMPROVEMENT,C,3615,8.07,0.13,N,1,655,0
33,130287,MORTGAGE,7.7,EDUCATION,C,40000,10.33,0.31,N,5,657,0
63,34576,MORTGAGE,24.3,VENTURE,A,11769,10.04,0.34,N,24,774,0
63,24237,MORTGAGE,31.1,PERSONAL,B,8091,11.11,0.33,N,25,720,0
31,43531,MORTGAGE,4.0,VENTURE,D,14100,14.02,0.32,N,6,641,0
67,169522,RENT,17.1,VENTURE,B,40000,10.5,0.24,N,30,702,0
43,18000,RENT,18.4,EDUCATION,B,3387,8.34,0.19,N,9,716,0
36,26087,MORTGAGE,13.2,EDUCATION,B,2374,9.34,0.09,N,3,722,0
51,120386,MORTGAGE,25.9,HOMEIMPROVEMENT,A,30795,8.28,0.26,N,21,773,0
31,149435,MORTGAGE,9.5,VENTURE,A,20460,6.52,0.14,N,3,785,0
36,46071,MORTGAGE,3.4,VENTURE,B,5662,6.25,0.12,N,9,726,0
28,23308,MORTGAGE,6.8,MEDICAL,D,4566,12.82,0.2,N,6,641,0
24,172388,OWN,2.3,MEDICAL,C,34282,8.99,0.2,N,2,699,0
60,127601,RENT,33.3,DEBTCONSOLIDATION,A,9855,6.71,0.08,N,25,825,0
24,73671,RENT,2.6,DEBTCONSOLIDATION,C,26422,8.38,0.36,N,2,664,0
45,30108,MORTGAGE,13.2,PERSONAL,D,9295,10.47,0.31,N,16,642,0
23,47599,RENT,2.4,PERSONAL,D,3844,11.79,0.08,N,1,649,0
52,44524,RENT,11.1,MEDICAL,B,9657,9.5,0.22,N,17,735,0
23,59785,RENT,0.8,DEBTCONSOLIDATION,C,30284,10.88,0.51,N,2,696,0
47,117078,RENT,21.1,PERSONAL,B,37332,8.08,0.32,N,12,747,0
49,83087,RENT,20.5,VENTURE,B,20323,9.86,0.24,N,16,702,0
52,25682,RENT,6.7,DEBTCONSOLIDATION,C,3995,10.59,0.16,N,22,688,0
39,111960,MORTGAGE,13.5,EDUCATION,B,14339,9.03,0.13,N,11,735,0
41,59152,MORTGAGE,12.4,DEBTCONSOLIDATION,B,8734,10.46,0.15,N,15,701,0
25,74031,MORTGAGE,2.7,VENTURE,B,13748,7.2,0.19,N,2,723,0
38,118175,MORTGAGE,5.6,MEDICAL,D,7099,14.1,0.06,Y,9,646,0
48,25161,RENT,21.1,HOMEIMPROVEMENT,C,3895,10.32,0.15,Y,9,669,0
62,47978,RENT,26.0,HOMEIMPROVEMENT,A,4380,7.79,0.09,N,30,755,0
42,35636,RENT,11.6,MEDICAL,C,5771,10.62,0.16,N,5,654,0
41,19135,MORTGAGE,12.1,VENTURE,B,1869,9.89,0.1,Y,8,703,0
26,60356,MORTGAGE,1.3,PERSONAL,B,11244,7.13,0.19,N,2,711,0
21,221224,RENT,1.3,DEBTCONSOLIDATION,B,40000,8.91,0.18,N,1,700,0
25,18000,RENT,1.6,DEBTCONSOLIDATION,D,3491,9.12,0.19,N,4,624,0
61,48080,OWN,10.6,PERSONAL,A,8144,7.02,0.17,N,16,762,0
32,71993,MORTGAGE,7.9,HOMEIMPROVEMENT,B,7478,9.19,0.1,N,9,722,0
46,52777,MORTGAGE,20.7,MEDICAL,B,10694,9.07,0.2,N,11,746,0
66,45803,RENT,18.4,MEDICAL,B,14638,8.84,0.32,N,30,723,0
54,22481,RENT,8.8,EDUCATION,B,5219,9.26,0.23,N,16,726,0
34,56368,MORTGAGE,8.9,HOMEIMPROVEMENT,C,4876,7.66,0.09,Y,5,682,0
46,31130,MORTGAGE,19.9,MEDICAL,D,2378,12.19,0.08,Y,11,625,0
65,18000,MORTGAGE,29.3,EDUCATION,B,6521,10.47,0.36,N,19,734,0
47,100383,MORTGAGE,20.5,PERSONAL,C,28029,10.67,0.28,N,9,689,0
29,87119,MORTGAGE,5.2,HOMEIMPROVEMENT,C,23819,9.6,0.27,N,3,665,0
46,50564,MORTGAGE,17.5,HOMEIMPROVEMENT,B,9004,9.58,0.18,N,8,710,0
67,56243,RENT,9.7,MEDICAL,D,31262,14.25,0.56,N,18,617,1
42,93394,RENT,8.3,MEDICAL,C,39482,11.33,0.42,N,12,673,0
67,56083,MORTGAGE,18.3,VENTURE,E,23593,14.89,0.42,Y,19,559,1
50,84323,RENT,14.7,PERSONAL,C,19037,9.88,0.23,Y,17,654,0
63,41007,MORTGAGE,33.8,PERSONAL,A,9166,5.91,0.22,N,30,803,0
37,107709,MORTGAGE,13.5,DEBTCONSOLIDATION,C,28938,10.8,0.27,Y,7,659,0
46,59425,OTHER,5.4,EDUCATION,B,7547,12.19,0.13,N,12,705,0
56,55073,RENT,8.4,EDUCATION,C,22146,9.07,0.4,N,10,674,0
21,22878,RENT,1.1,VENTURE,D,2378,11.66,0.1,Y,1,647,1
28,58231,MORTGAGE,3.0,DEBTCONSOLIDATION,C,10635,10.86,0.18,N,5,693,0
55,29757,MORTGAGE,19.6,PERSONAL,D,3778,13.47,0.13,Y,11,612,0
35,33424,MORTGAGE,12.4,EDUCATION,C,11858,9.39,0.35,N,4,696,0
67,30054,MORTGAGE,37.9,PERSONAL,A,5522,5.84,0.18,N,19,807,0
42,25854,RENT,13.4,PERSONAL,D,6923,14.23,0.27,N,14,645,0
34,175406,MORTGAGE,11.0,DEBTCONSOLIDATION,B,35589,8.52,0.2,N,8,723,0
46,108967,MORTGAGE,13.1,EDUCATION,B,34481,8.39,0.32,N,19,720,0
48,155161,MORTGAGE,7.4,MEDICAL,C,39598,12.48,0.26,Y,19,653,0
43,23535,RENT,11.7,MEDICAL,B,3863,9.4,0.16,N,6,714,0
34,51161,RENT,7.8,DEBTCONSOLIDATION,C,6185,8.55,0.12,N,3,672,0
44,22559,MORTGAGE,16.1,EDUCATION,C,5518,11.63,0.24,N,10,683,0
22,32292,OWN,1.0,VENTURE,D,6826,11.85,0.21,Y,1,609,0
65,28257,MORTGAGE,16.8,HOMEIMPROVEMENT,B,7356,8.81,0.26,N,21,707,0
46,103130,RENT,9.9,DEBTCONSOLIDATION,A,33880,10.38,0.33,N,7,805,0
34,38648,RENT,12.3,PERSONAL,B,7435,8.3,0.19,N,4,732,0
27,93062,MORTGAGE,3.7,DEBTCONSOLIDATION,E,37461,13.82,0.4,Y,2,568,1
23,70436,RENT,3.1,HOMEIMPROVEMENT,C,5667,11.87,0.08,N,3,672,0
67,195278,MORTGAGE,30.7,DEBTCONSOLIDATION,A,38174,6.54,0.2,N,30,755,0
43,20177,MORTGAGE,7.1,EDUCATION,A,1896,8.9,0.09,N,6,751,0
66,104353,MORTGAGE,24.0,PERSONAL,B,40000,10.99,0.38,N,14,701,0
63,97525,RENT,32.7,HOMEIMPROVEMENT,B,30479,11.32,0.31,Y,11,710,0
67,27336,MORTGAGE,21.2,MEDICAL,D,14415,12.57,0.53,Y,30,637,1
65,89704,RENT,35.8,VENTURE,B,7880,7.11,0.09,N,30,728,0
38,59975,RENT,5.0,DEBTCONSOLIDATION,D,6078,12.73,0.1,Y,6,621,0
58,42766,OWN,6.1,DEBTCONSOLIDATION,C,9658,8.21,0.23,N,14,681,0
55,29900,MORTGAGE,26.8,HOMEIMPROVEMENT,C,4206,12.13,0.14,N,14,679,0
35,31841,MORTGAGE,11.8,VENTURE,A,5556,9.24,0.17,N,7,765,0
45,167692,RENT,21.5,DEBTCONSOLIDATION,B,40000,9.79,0.24,Y,14,706,0
57,49040,RENT,22.4,MEDICAL,A,11992,7.44,0.24,N,17,780,0
48,78376,RENT,22.7,HOMEIMPROVEMENT,A,20173,6.13,0.26,N,20,813,0
30,30499,RENT,8.1,EDUCATION,D,2768,11.57,0.09,Y,2,636,0
59,30702,MORTGAGE,28.3,PERSONAL,A,3848,9.51,0.13,N,24,751,0
37,93825,RENT,9.5,MEDICAL,C,14288,9.29,0.15,N,6,696,0
59,21812,MORTGAGE,15.1,VENTURE,B,6899,11.69,0.32,N,15,740,0
42,38210,RENT,18.1,VENTURE,B,2953,9.19,0.08,N,13,723,0
46,50031,RENT,11.3,MEDICAL,C,12126,11.87,0.24,N,18,688,0
64,52408,OTHER,21.9,EDUCATION,D,7670,9.16,0.15,Y,25,635,0
45,44026,RENT,11.1,DEBTCONSOLIDATION,C,20340,9.23,0.46,N,15,685,0
37,62161,RENT,9.4,EDUCATION,C,9918,12.19,0.16,Y,10,662,0
33,74288,RENT,6.4,DEBTCONSOLIDATION,B,19876,9.87,0.27,N,5,708,0
40,76174,RENT,2.9,DEBTCONSOLIDATION,B,6752,8.91,0.09,N,12,725,0
45,27133,MORTGAGE,19.4,VENTURE,C,11566,11.63,0.43,N,15,687,0
24,41336,RENT,2.5,DEBTCONSOLIDATION,B,8690,12.76,0.21,N,2,702,0
30,100393,MORTGAGE,6.1,MEDICAL,B,12798,6.73,0.13,N,5,738,0
23,83850,MORTGAGE,1.0,DEBTCONSOLIDATION,C,5889,11.69,0.07,Y,2,682,0
61,21510,MORTGAGE,4.4,MEDICAL,B,5616,8.85,0.26,N,26,704,0
65,60529,RENT,12.8,PERSONAL,B,25877,10.92,0.43,N,17,700,0
38,18000,MORTGAGE,11.9,VENTURE,B,4737,8.83,0.26,N,12,704,0
67,50420,RENT,8.3,EDUCATION,C,14198,11.85,0.28,N,29,654,0
56,153071,MORTGAGE,28.0,HOMEIMPROVEMENT,A,40000,8.99,0.26,Y,12,751,0
67,27757,MORTGAGE,12.3,EDUCATION,D,4271,10.94,0.15,Y,27,624,0
42,29714,RENT,5.8,EDUCATION,C,1353,9.08,0.05,N,7,695,0
54,77529,MORTGAGE,8.2,HOMEIMPROVEMENT,C,26706,9.88,0.34,N,8,683,0
67,19425,OWN,5.4,VENTURE,D,9335,9.39,0.48,N,23,629,0
28,33535,MORTGAGE,6.4,DEBTCONSOLIDATION,C,1288,11.12,0.04,N,6,674,0
60,70113,RENT,29.9,PERSONAL,B,18100,11.57,0.26,N,9,709,0
64,33504,MORTGAGE,24.4,EDUCATION,C,14577,7.81,0.44,N,28,698,0
39,42549,OWN,4.9,DEBTCONSOLIDATION,B,4050,9.79,0.1,N,9,727,0
62,76612,RENT,13.2,EDUCATION,B,10838,9.38,0.14,N,27,725,0
61,63128,MORTGAGE,18.6,VENTURE,C,22312,9.62,0.35,Y,26,667,0
57,57531,RENT,30.0,VENTURE,A,6162,10.5,0.11,N,24,771,0
26,39995,RENT,2.2,MEDICAL,C,3279,12.04,0.08,N,4,678,0
46,61208,MORTGAGE,17.1,VENTURE,A,15665,9.61,0.26,N,17,761,0
54,45513,MORTGAGE,14.7,VENTURE,C,7559,10.38,0.17,Y,10,678,0
65,64516,MORTGAGE,14.5,EDUCATION,C,17641,8.26,0.27,Y,16,671,0
26,36382,OWN,3.4,PERSONAL,D,13075,12.46,0.36,Y,2,617,1
57,43934,RENT,5.8,EDUCATION,C,11578,10.19,0.26,N,22,676,0
53,27065,RENT,23.1,DEBTCONSOLIDATION,B,5261,10.89,0.19,N,9,709,0
42,48001,OWN,6.5,VENTURE,C,27310,9.83,0.57,N,6,665,0
41,30133,RENT,14.0,MEDICAL,A,3822,9.88,0.13,N,14,757,0
26,25123,MORTGAGE,1.2,PERSONAL,C,2917,10.22,0.12,Y,4,651,0
26,57250,MORTGAGE,6.1,MEDICAL,D,21592,12.74,0.38,N,5,634,0
24,55694,RENT,1.4,HOMEIMPROVEMENT,C,28218,9.35,0.51,N,1,673,0
50,78411,RENT,23.0,MEDICAL,C,6937,10.72,0.09,N,12,663,0
31,37847,MORTGAGE,8.7,MEDICAL,C,4274,8.01,0.11,N,4,688,0
50,62619,MORTGAGE,24.9,DEBTCONSOLIDATION,D,15728,11.57,0.25,Y,6,641,0
51,68219,MORTGAGE,14.3,VENTURE,B,5886,6.64,0.09,N,11,748,0
44,64014,MORTGAGE,15.8,DEBTCONSOLIDATION,C,21382,11.33,0.33,N,10,672,0
29,29869,MORTGAGE,4.0,VENTURE,D,2906,12.6,0.1,N,2,638,0
23,53616,RENT,1.1,DEBTCONSOLIDATION,C,3108,10.21,0.06,N,2,681,0
51,60991,RENT,13.5,VENTURE,B,13137,8.25,0.22,N,12,713,0
60,49232,RENT,9.1,VENTURE,D,20748,12.62,0.42,N,9,623,0
57,18000,RENT,30.7,VENTURE,A,5097,9.02,0.28,N,21,766,0
56,53975,RENT,6.4,MEDICAL,D,12108,11.89,0.22,Y,21,619,0
44,184890,RENT,13.3,HOMEIMPROVEMENT,A,40000,7.04,0.22,N,16,763,0
51,39496,RENT,17.8,VENTURE,B,15227,6.57,0.39,N,14,738,0
26,31670,RENT,3.8,HOMEIMPROVEMENT,E,3643,13.21,0.12,Y,5,595,0
22,61329,MORTGAGE,2.3,HOMEIMPROVEMENT,B,8516,9.71,0.14,N,2,749,0
40,59126,MORTGAGE,4.0,EDUCATION,B,6603,11.69,0.11,N,10,703,0
48,100271,RENT,14.7,EDUCATION,A,17606,8.08,0.18,N,12,762,0
31,23046,OWN,3.9,PERSONAL,C,5804,7.78,0.25,N,2,692,0
24,76025,RENT,4.5,DEBTCONSOLIDATION,C,6201,9.95,0.08,Y,3,667,0
35,69860,MORTGAGE,10.8,EDUCATION,B,5580,10.62,0.08,N,8,725,0
26,45013,RENT,6.2,VENTURE,C,6168,11.43,0.14,N,5,682,0
50,60066,MORTGAGE,4.0,HOMEIMPROVEMENT,A,17755,6.39,0.3,N,15,755,0
58,90914,RENT,12.0,DEBTCONSOLIDATION,B,10964,11.67,0.12,N,27,730,0
22,82734,MORTGAGE,0.9,PERSONAL,C,13115,9.16,0.16,N,2,663,0
35,24690,RENT,1.8,EDUCATION,C,6556,10.51,0.27,Y,11,653,1
31,80185,MORTGAGE,3.5,MEDICAL,D,22236,13.02,0.28,Y,4,615,0
28,47154,RENT,5.8,DEBTCONSOLIDATION,D,2041,11.19,0.04,N,2,646,0
46,51211,RENT,7.3,PERSONAL,C,12749,10.2,0.25,N,16,666,0
65,51221,MORTGAGE,21.4,VENTURE,C,5931,10.74,0.12,N,27,665,0
64,44795,RENT,33.2,DEBTCONSOLIDATION,B,14056,10.8,0.31,N,14,712,0
25,100210,OWN,4.1,HOMEIMPROVEMENT,A,20796,10.26,0.21,N,4,773,0
26,46619,RENT,3.0,VENTURE,C,12962,10.15,0.28,N,3,698,0
46,25041,MORTGAGE,10.1,VENTURE,C,5521,8.94,0.22,N,7,692,0
24,38711,MORTGAGE,2.5,DEBTCONSOLIDATION,C,3304,10.63,0.09,N,2,673,0
39,54568,RENT,4.7,MEDICAL,D,17492,15.38,0.32,Y,13,610,1
40,102490,RENT,12.0,MEDICAL,A,9779,8.51,0.1,N,9,776,0
53,70393,MORTGAGE,12.4,DEBTCONSOLIDATION,E,19293,15.45,0.27,Y,20,577,0
40,29427,MORTGAGE,15.3,DEBTCONSOLIDATION,A,12627,8.1,0.43,N,4,790,0
32,217752,OWN,8.8,DEBTCONSOLIDATION,B,40000,9.84,0.18,N,7,739,0
67,57461,RENT,25.8,HOMEIMPROVEMENT,B,30236,9.61,0.53,N,30,703,0
21,105370,MORTGAGE,1.1,EDUCATION,B,11968,11.52,0.11,N,1,709,0
46,44755,RENT,6.9,VENTURE,C,10514,5.82,0.23,N,10,686,0
34,67508,RENT,10.3,DEBTCONSOLIDATION,B,2734,10.49,0.04,N,8,700,0
58,81119,MORTGAGE,17.6,EDUCATION,A,26426,8.78,0.33,N,26,751,0
57,101815,RENT,10.0,HOMEIMPROVEMENT,A,8011,6.05,0.08,N,11,774,0
31,92449,RENT,3.1,VENTURE,A,6945,8.61,0.08,N,5,750,0
56,82728,RENT,8.2,EDUCATION,B,12255,9.91,0.15,N,10,720,0
33,40576,MORTGAGE,9.7,VENTURE,C,16922,8.24,0.42,N,6,661,0
63,34785,OWN,11.7,MEDICAL,D,6437,12.5,0.19,Y,21,625,0
23,59848,MORTGAGE,2.3,DEBTCONSOLIDATION,C,19021,12.24,0.32,N,3,679,0
53,85808,MORTGAGE,14.6,MEDICAL,C,10066,12.19,0.12,N,14,699,0
26,42888,MORTGAGE,4.0,PERSONAL,B,4587,10.52,0.11,N,3,702,0
30,92883,MORTGAGE,8.6,HOMEIMPROVEMENT,A,15730,6.95,0.17,N,7,783,0
25,117192,RENT,5.0,DEBTCONSOLIDATION,D,29908,12.96,0.26,Y,2,640,1
43,28288,RENT,10.4,EDUCATION,B,2260,7.67,0.08,N,13,723,0
30,29668,RENT,1.3,VENTURE,C,4299,12.07,0.14,N,6,660,0
64,45061,MORTGAGE,18.3,PERSONAL,B,9516,8.1,0.21,N,16,748,0
22,58957,MORTGAGE,2.1,HOMEIMPROVEMENT,C,8496,12.26,0.14,N,1,673,0
33,35784,RENT,7.4,HOMEIMPROVEMENT,E,11063,12.06,0.31,Y,6,599,1
60,110339,RENT,23.3,HOMEIMPROVEMENT,B,20691,12.14,0.19,Y,15,703,0
22,63224,OWN,0.8,EDUCATION,D,21347,13.17,0.34,N,1,645,0
40,50194,MORTGAGE,12.2,DEBTCONSOLIDATION,C,7382,11.53,0.15,Y,15,657,0
21,20711,MORTGAGE,0.7,MEDICAL,B,6870,10.08,0.33,N,1,700,0
57,22259,RENT,24.4,PERSONAL,B,4808,11.44,0.22,N,24,725,0
29,58023,RENT,3.7,EDUCATION,B,12343,12.15,0.21,N,3,724,0
37,18000,RENT,11.3,VENTURE,E,6660,13.35,0.37,Y,12,564,1
29,90001,RENT,1.5,EDUCATION,B,36093,9.15,0.4,N,6,702,1
31,44582,RENT,5.0,VENTURE,C,4699,12.15,0.11,N,7,683,0
35,250000,MORTGAGE,10.1,VENTURE,A,37239,5.0,0.15,N,6,801,0
44,195780,RENT,6.7,HOMEIMPROVEMENT,A,40000,5.0,0.2,N,11,811,0
58,43964,RENT,26.3,EDUCATION,F,17066,13.37,0.39,Y,19,544,1
55,45990,RENT,20.0,MEDICAL,B,5226,9.94,0.11,N,22,707,0
50,89085,MORTGAGE,16.4,VENTURE,D,27031,9.77,0.3,N,19,644,0
51,136203,MORTGAGE,11.5,HOMEIMPROVEMENT,C,37788,8.1,0.28,N,7,691,0
25,18346,MORTGAGE,3.1,MEDICAL,D,6160,10.56,0.34,N,4,649,0
64,18000,RENT,23.8,EDUCATION,B,7104,10.74,0.39,N,30,733,0
34,33751,RENT,6.9,MEDICAL,B,11323,8.87,0.34,N,7,708,0
31,69538,RENT,7.7,EDUCATION,B,4195,9.98,0.06,N,3,745,0
29,66047,RENT,4.4,VENTURE,C,10447,11.35,0.16,Y,6,652,0
54,93140,MORTGAGE,8.7,PERSONAL,C,25989,13.12,0.28,N,17,665,0
32,23865,OWN,3.5,PERSONAL,B,4166,9.02,0.17,N,8,711,0
55,18000,MORTGAGE,3.9,DEBTCONSOLIDATION,C,2781,11.61,0.15,N,22,659,0
55,82027,OWN,11.5,DEBTCONSOLIDATION,B,20908,9.09,0.25,N,9,731,0
21,29824,MORTGAGE,1.9,VENTURE,C,3976,10.97,0.13,N,1,653,0
60,18000,RENT,27.5,MEDICAL,B,1292,10.0,0.07,N,18,730,0
42,53478,OTHER,5.8,EDUCATION,C,9475,10.88,0.18,N,16,696,0
49,78897,RENT,23.9,PERSONAL,A,15461,8.37,0.2,N,10,755,0
28,45559,MORTGAGE,4.5,EDUCATION,C,10972,8.15,0.24,N,3,658,0
31,37245,RENT,9.6,VENTURE,B,12782,7.66,0.34,N,8,710,0
61,44550,RENT,25.6,MEDICAL,C,10580,8.86,0.24,N,11,683,0
57,39247,MORTGAGE,23.6,EDUCATION,A,5559,7.27,0.14,N,21,791,0
34,21832,RENT,2.6,MEDICAL,C,4489,11.21,0.21,N,5,650,0
50,31926,RENT,8.1,PERSONAL,D,13149,11.48,0.41,N,15,607,1
55,67021,RENT,3.9,EDUCATION,B,7165,8.4,0.11,N,18,703,0
41,59456,RENT,13.8,HOMEIMPROVEMENT,C,25548,11.32,0.43,N,9,682,0
57,54221,OWN,13.3,PERSONAL,C,8978,9.2,0.17,N,26,682,0
25,26981,MORTGAGE,4.6,MEDICAL,B,1346,5.0,0.05,N,1,743,0
39,43962,MORTGAGE,7.1,VENTURE,B,7849,9.25,0.18,N,8,723,0
34,18000,RENT,10.8,HOMEIMPROVEMENT,B,4169,8.73,0.23,N,6,706,0
46,54561,MORTGAGE,5.4,DEBTCONSOLIDATION,C,14794,12.19,0.27,N,14,657,0
24,115533,RENT,1.3,EDUCATION,C,40000,9.15,0.35,N,2,682,0
45,20242,RENT,9.1,DEBTCONSOLIDATION,C,2996,10.24,0.15,N,6,672,0
65,34490,RENT,18.1,PERSONAL,D,15546,12.3,0.45,N,30,630,0
62,59722,MORTGAGE,15.1,EDUCATION,B,8685,5.47,0.15,N,17,731,0
45,103954,RENT,17.1,EDUCATION,A,19859,7.21,0.19,N,10,752,0
38,37461,RENT,3.4,HOMEIMPROVEMENT,C,13620,9.27,0.36,N,8,677,0
60,32359,MORTGAGE,14.5,HOMEIMPROVEMENT,B,6146,8.56,0.19,N,12,714,0
28,18000,RENT,6.9,HOMEIMPROVEMENT,D,5415,10.88,0.3,N,2,637,0
59,52159,MORTGAGE,6.0,HOMEIMPROVEMENT,C,17118,11.1,0.33,N,11,655,0
60,166915,MORTGAGE,31.9,VENTURE,A,40000,7.51,0.24,N,11,780,0
34,57896,RENT,12.6,MEDICAL,B,26560,9.41,0.46,N,4,740,0
52,48369,RENT,5.5,HOMEIMPROVEMENT,B,14965,9.66,0.31,N,13,726,0
58,59471,RENT,12.2,PERSONAL,B,8412,10.41,0.14,N,20,735,0
53,48695,MORTGAGE,12.6,EDUCATION,A,7381,8.59,0.15,N,18,783,0
43,30097,MORTGAGE,16.1,DEBTCONSOLIDATION,D,9495,13.46,0.32,Y,5,646,0
35,80335,RENT,8.8,HOMEIMPROVEMENT,B,16104,10.46,0.2,N,11,735,0
53,56131,RENT,19.3,PERSONAL,A,6572,6.36,0.12,N,21,783,0
45,49541,RENT,17.0,VENTURE,B,5638,7.73,0.11,N,18,749,0
37,27303,MORTGAGE,3.5,PERSONAL,C,3243,10.1,0.12,Y,7,676,0
53,107162,MORTGAGE,23.9,DEBTCONSOLIDATION,B,40000,10.17,0.37,N,18,742,0
67,73044,RENT,29.1,DEBTCONSOLIDATION,B,10010,8.34,0.14,N,13,733,0
22,35180,MORTGAGE,2.0,PERSONAL,C,3994,11.35,0.11,N,2,685,0
34,89419,MORTGAGE,11.6,VENTURE,B,25486,6.15,0.29,N,4,724,0
60,36368,OWN,24.8,DEBTCONSOLIDATION,C,5911,6.62,0.16,N,15,699,0
60,30662,RENT,10.1,VENTURE,C,5613,12.52,0.18,N,18,673,0
59,31075,RENT,16.4,EDUCATION,C,6543,10.72,0.21,N,20,693,0
26,18000,RENT,3.6,HOMEIMPROVEMENT,D,2631,13.3,0.15,N,3,643,0
26,65050,MORTGAGE,1.1,DEBTCONSOLIDATION,D,14443,10.55,0.22,Y,2,600,0
23,18000,MORTGAGE,3.8,PERSONAL,B,3191,9.83,0.18,N,2,706,0
27,23457,MORTGAGE,1.7,MEDICAL,C,14655,8.46,0.62,N,5,670,0
28,18000,RENT,5.9,MEDICAL,D,10692,14.14,0.59,N,6,602,1
62,46553,RENT,20.0,EDUCATION,D,19454,11.51,0.42,Y,21,645,0
35,44793,RENT,2.0,MEDICAL,C,3544,9.81,0.08,N,8,693,0
67,40294,MORTGAGE,36.6,EDUCATION,A,7980,8.3,0.2,N,12,790,0
49,26224,RENT,21.6,HOMEIMPROVEMENT,B,2157,9.11,0.08,N,9,717,0
53,24261,RENT,16.3,EDUCATION,C,5217,10.79,0.22,N,11,661,0
50,64771,MORTGAGE,8.3,VENTURE,C,29425,8.56,0.45,N,14,669,0
59,35230,RENT,7.6,VENTURE,E,11779,15.82,0.33,Y,23,570,1
47,59267,MORTGAGE,10.3,VENTURE,D,19767,12.48,0.33,N,12,618,0
56,28820,RENT,10.6,DEBTCONSOLIDATION,C,6140,10.75,0.21,N,9,694,0
49,54646,MORTGAGE,14.1,VENTURE,B,13164,6.83,0.24,N,13,729,0
58,107148,MORTGAGE,31.1,VENTURE,B,23057,11.74,0.22,Y,11,704,0
53,69682,OWN,17.6,VENTURE,D,21472,13.01,0.31,Y,20,603,0
57,38274,MORTGAGE,28.2,VENTURE,C,7703,12.71,0.2,N,11,688,0
47,57200,OWN,16.1,DEBTCONSOLIDATION,B,20310,10.86,0.36,N,12,713,0
53,42429,MORTGAGE,15.1,VENTURE,A,7097,5.0,0.17,N,19,773,0
24,49253,MORTGAGE,4.2,VENTURE,B,9935,9.77,0.2,N,1,737,0
42,40321,OWN,10.3,HOMEIMPROVEMENT,C,16755,11.99,0.42,N,5,672,0
22,44417,RENT,2.8,DEBTCONSOLIDATION,D,7400,12.95,0.17,Y,1,627,0
30,55673,RENT,3.6,VENTURE,B,5540,9.03,0.1,N,2,733,0
25,27010,RENT,1.3,EDUCATION,C,11323,10.86,0.42,N,3,654,0
30,26648,MORTGAGE,8.4,HOMEIMPROVEMENT,E,6200,13.64,0.23,Y,6,572,0
53,21308,MORTGAGE,17.9,DEBTCONSOLIDATION,D,1216,14.3,0.06,N,12,620,0
58,18766,MORTGAGE,28.9,MEDICAL,B,1948,10.61,0.1,N,17,743,0
33,23614,RENT,11.3,PERSONAL,C,5862,9.92,0.25,N,9,685,0
51,53942,RENT,4.5,DEBTCONSOLIDATION,D,4304,10.28,0.08,N,14,644,0
67,28690,RENT,22.1,HOMEIMPROVEMENT,E,10645,15.14,0.37,Y,30,586,1
56,66713,MORTGAGE,13.8,VENTURE,D,28110,13.54,0.42,Y,10,621,0
65,50052,RENT,25.3,HOMEIMPROVEMENT,B,9170,9.5,0.18,N,26,717,0
44,18000,OWN,17.0,PERSONAL,C,5531,9.0,0.31,Y,13,676,0
35,72619,RENT,5.0,PERSONAL,B,20723,5.8,0.29,N,10,745,0
49,79736,RENT,15.2,DEBTCONSOLIDATION,C,16760,10.99,0.21,N,7,695,0
28,27002,MORTGAGE,6.0,VENTURE,B,3493,7.48,0.13,N,3,745,0
25,63077,MORTGAGE,1.4,VENTURE,B,21147,7.69,0.34,N,1,737,0
49,29322,RENT,20.8,EDUCATION,B,3990,9.35,0.14,N,20,732,0
67,51979,MORTGAGE,25.7,PERSONAL,C,22074,9.32,0.42,N,20,686,0
24,22955,RENT,4.6,VENTURE,C,4037,9.33,0.18,N,3,688,0
32,18000,OTHER,4.7,PERSONAL,D,1184,11.22,0.07,N,4,616,0
65,38960,MORTGAGE,8.3,EDUCATION,E,19318,14.38,0.5,Y,12,581,1
22,45513,RENT,1.8,MEDICAL,D,18987,11.1,0.42,Y,1,607,1
47,38614,MORTGAGE,4.6,PERSONAL,D,6045,9.44,0.16,Y,14,635,0
51,24090,RENT,25.7,EDUCATION,B,6608,8.12,0.27,N,20,703,0
56,38563,MORTGAGE,4.8,EDUCATION,C,10650,12.26,0.28,N,14,685,0
56,57617,OWN,23.8,EDUCATION,B,8045,8.67,0.14,N,24,703,0
46,47718,MORTGAGE,13.1,HOMEIMPROVEMENT,A,14129,8.83,0.3,N,9,750,0
63,54693,RENT,16.1,DEBTCONSOLIDATION,A,4381,6.76,0.08,N,24,778,0
47,32791,RENT,4.2,VENTURE,B,10471,9.34,0.32,N,16,700,0
25,99015,RENT,3.7,PERSONAL,B,4177,11.26,0.04,N,2,714,0
40,24204,MORTGAGE,11.2,DEBTCONSOLIDATION,C,3306,10.69,0.14,N,4,672,0
31,65679,MORTGAGE,3.9,HOMEIMPROVEMENT,B,15993,11.4,0.24,N,4,724,0
30,99621,MORTGAGE,8.8,PERSONAL,B,40000,12.2,0.4,N,2,711,0
60,65417,OWN,13.1,DEBTCONSOLIDATION,C,30135,13.25,0.46,N,27,660,0
58,43411,RENT,16.6,HOMEIMPROVEMENT,B,10256,7.37,0.24,N,27,748,0
26,35704,RENT,3.8,VENTURE,C,12437,11.2,0.35,N,4,658,0
28,91276,RENT,1.7,EDUCATION,C,12607,12.54,0.14,N,5,678,0
43,20873,RENT,18.8,DEBTCONSOLIDATION,B,4652,9.56,0.22,N,8,741,0
67,27389,RENT,17.7,DEBTCONSOLIDATION,C,4085,11.82,0.15,N,11,686,0
46,38617,MORTGAGE,4.4,PERSONAL,C,8713,11.82,0.23,N,16,690,0
66,103011,RENT,17.8,EDUCATION,A,32152,9.24,0.31,N,23,776,0
63,61565,RENT,23.4,VENTURE,A,10993,5.75,0.18,N,24,778,0
32,27423,MORTGAGE,6.4,PERSONAL,C,10708,10.05,0.39,N,8,684,0
46,40693,RENT,16.4,MEDICAL,C,4835,9.35,0.12,N,11,678,0
33,33907,MORTGAGE,2.1,MEDICAL,C,7077,10.61,0.21,N,4,663,0
60,32020,RENT,12.6,MEDICAL,A,6943,7.36,0.22,N,25,784,0
38,88197,MORTGAGE,13.5,VENTURE,A,9154,7.73,0.1,N,8,767,0
45,21524,OWN,4.2,MEDICAL,C,6809,9.9,0.32,N,16,663,0
53,128703,RENT,24.5,DEBTCONSOLIDATION,B,40000,7.4,0.31,N,14,711,0
67,80574,MORTGAGE,8.1,PERSONAL,C,7868,8.81,0.1,N,15,653,0
60,94326,MORTGAGE,28.7,DEBTCONSOLIDATION,A,9271,9.02,0.1,N,11,809,0
63,37132,MORTGAGE,15.9,MEDICAL,A,2481,9.52,0.07,N,25,764,0
32,44803,RENT,7.4,PERSONAL,C,8744,10.31,0.2,N,6,695,0
64,20746,RENT,9.5,DEBTCONSOLIDATION,C,2835,5.94,0.14,N,18,681,0
56,35782,MORTGAGE,5.6,VENTURE,B,7174,7.51,0.2,N,16,729,0
24,65919,MORTGAGE,1.5,EDUCATION,D,14583,12.24,0.22,N,2,640,0
25,106685,RENT,1.3,DEBTCONSOLIDATION,A,27587,8.62,0.26,N,2,774,0
57,25227,RENT,12.4,HOMEIMPROVEMENT,B,8693,8.77,0.34,N,15,713,0
28,39367,RENT,4.6,MEDICAL,D,6266,12.08,0.16,N,3,648,0
62,44766,RENT,22.5,HOMEIMPROVEMENT,B,17735,8.32,0.4,N,17,738,0
48,21216,RENT,19.6,EDUCATION,C,4228,11.74,0.2,N,13,687,0
51,69899,RENT,18.5,VENTURE,C,15938,10.23,0.23,N,9,679,0
29,31748,RENT,5.8,DEBTCONSOLIDATION,B,4597,8.91,0.14,N,4,720,0
49,43597,RENT,12.0,VENTURE,C,11662,10.09,0.27,N,12,661,0
34,37377,OWN,6.9,EDUCATION,D,6103,12.35,0.16,N,5,649,0
60,30527,RENT,16.4,HOMEIMPROVEMENT,B,3387,9.24,0.11,N,29,733,0
61,48814,RENT,29.6,DEBTCONSOLIDATION,B,17581,7.1,0.36,N,10,726,0
42,43072,RENT,6.3,MEDICAL,B,12300,9.54,0.29,N,12,722,0
31,39217,OWN,1.4,PERSONAL,C,10608,10.97,0.27,N,3,666,0
43,31663,MORTGAGE,13.9,VENTURE,C,3125,11.14,0.1,N,15,698,0
21,59380,MORTGAGE,0.7,EDUCATION,D,21792,12.47,0.37,N,1,604,0
66,132213,RENT,34.7,DEBTCONSOLIDATION,A,31022,5.05,0.23,N,19,801,0
57,53312,MORTGAGE,27.4,HOMEIMPROVEMENT,B,31365,8.71,0.59,N,23,708,0
41,89113,RENT,3.5,MEDICAL,A,9017,10.66,0.1,N,7,756,0
46,21287,RENT,4.9,HOMEIMPROVEMENT,B,4151,9.07,0.2,N,7,708,0
66,53887,MORTGAGE,21.4,MEDICAL,B,28656,10.78,0.53,N,17,713,0
56,25376,MORTGAGE,20.0,DEBTCONSOLIDATION,C,11156,8.54,0.44,N,14,669,0
43,20208,MORTGAGE,7.3,PERSONAL,C,2969,10.97,0.15,N,9,676,0
21,31457,MORTGAGE,1.8,PERSONAL,B,3693,7.18,0.12,N,1,705,0
60,100221,OWN,21.7,EDUCATION,B,28394,8.54,0.28,N,17,739,0
35,86682,RENT,5.6,EDUCATION,A,10888,6.52,0.13,N,9,765,0
41,56715,RENT,2.7,MEDICAL,C,21105,9.67,0.37,Y,7,654,1
67,19543,RENT,30.6,MEDICAL,C,2038,9.25,0.1,Y,10,662,0
29,43574,MORTGAGE,2.8,MEDICAL,D,6847,11.7,0.16,Y,4,623,0
29,58748,RENT,7.5,MEDICAL,C,8108,7.43,0.14,N,4,679,0
30,54465,MORTGAGE,4.7,DEBTCONSOLIDATION,C,10803,7.76,0.2,N,2,691,0
46,18000,RENT,14.1,DEBTCONSOLIDATION,B,2030,8.57,0.11,N,7,739,0
61,28733,RENT,30.6,PERSONAL,C,15903,7.36,0.55,N,19,689,0
55,47171,RENT,26.1,EDUCATION,B,10225,6.74,0.22,N,11,720,0
45,67627,RENT,9.7,EDUCATION,C,8216,13.09,0.12,N,17,675,0
46,18000,MORTGAGE,6.9,VENTURE,C,3134,13.01,0.17,N,8,667,0
31,44476,RENT,8.4,EDUCATION,B,14199,8.08,0.32,N,2,710,0
58,53414,RENT,16.1,EDUCATION,B,4096,9.57,0.08,N,16,718,0
22,81614,RENT,0.9,HOMEIMPROVEMENT,C,9157,9.48,0.11,N,2,665,0
27,74288,RENT,6.6,HOMEIMPROVEMENT,D,9407,10.04,0.13,Y,4,649,0
38,69532,RENT,4.8,VENTURE,B,9110,5.0,0.13,N,7,705,0
47,30334,RENT,3.4,MEDICAL,B,12983,11.84,0.43,N,6,703,1
54,18000,MORTGAGE,4.1,VENTURE,C,3046,11.18,0.17,N,15,677,0
47,38722,RENT,15.5,VENTURE,C,5676,11.4,0.15,N,8,679,0
37,89409,RENT,10.7,PERSONAL,C,16047,10.87,0.18,Y,9,686,0
63,113105,MORTGAGE,14.3,DEBTCONSOLIDATION,D,25004,11.44,0.22,Y,22,632,0
64,75081,RENT,14.9,EDUCATION,C,5053,9.28,0.07,N,15,688,0
44,63424,RENT,8.8,PERSONAL,C,13014,10.54,0.21,N,6,669,0
45,61560,MORTGAGE,15.6,DEBTCONSOLIDATION,D,24163,14.52,0.39,Y,15,613,1
27,35113,RENT,1.3,EDUCATION,E,1455,14.09,0.04,Y,4,557,1
26,45340,MORTGAGE,6.0,VENTURE,D,6220,14.46,0.14,N,4,638,0
44,133444,MORTGAGE,6.6,EDUCATION,A,31796,6.8,0.24,N,8,754,0
53,27846,MORTGAGE,28.0,MEDICAL,B,6885,6.75,0.25,N,18,721,0
49,129167,OWN,6.8,MEDICAL,B,28940,7.6,0.22,N,8,721,0
63,40408,RENT,28.8,VENTURE,C,8884,10.51,0.22,Y,15,664,1
42,108581,RENT,6.2,HOMEIMPROVEMENT,B,24651,10.58,0.23,N,12,737,0
46,21076,RENT,4.4,MEDICAL,C,3918,10.36,0.19,N,17,653,0
48,69671,RENT,21.4,VENTURE,A,9689,5.63,0.14,N,10,759,0
41,31506,MORTGAGE,16.1,PERSONAL,C,12070,9.72,0.38,N,13,698,0
27,20969,MORTGAGE,3.4,HOMEIMPROVEMENT,D,7885,13.6,0.38,N,4,631,0
37,55888,MORTGAGE,11.2,MEDICAL,B,4800,8.46,0.09,N,7,738,0
40,89830,MORTGAGE,10.8,VENTURE,B,34236,9.66,0.38,N,14,709,0
61,29526,RENT,30.0,VENTURE,C,7025,9.75,0.24,N,19,695,0
40,19942,MORTGAGE,7.1,PERSONAL,C,2218,10.59,0.11,N,11,659,0
42,46392,MORTGAGE,11.2,PERSONAL,D,15824,15.09,0.34,Y,10,640,1
48,46515,MORTGAGE,13.2,HOMEIMPROVEMENT,B,9710,10.28,0.21,N,12,743,0
60,68117,RENT,14.6,DEBTCONSOLIDATION,B,24437,11.92,0.36,N,26,717,0
27,86660,MORTGAGE,6.5,MEDICAL,B,18672,12.7,0.22,N,3,741,0
21,47304,RENT,0.6,VENTURE,B,15191,11.04,0.32,N,1,717,0
52,149238,MORTGAGE,7.0,HOMEIMPROVEMENT,B,9681,7.66,0.06,N,21,741,0
33,56080,MORTGAGE,7.6,HOMEIMPROVEMENT,B,12111,10.81,0.22,N,9,705,0
50,39820,RENT,17.9,PERSONAL,C,5964,13.34,0.15,Y,12,673,0
43,18639,MORTGAGE,5.9,VENTURE,C,1321,11.89,0.07,N,7,653,0
39,41873,MORTGAGE,7.8,EDUCATION,B,12242,8.35,0.29,N,11,725,0
52,40061,RENT,25.9,DEBTCONSOLIDATION,A,18366,9.9,0.46,N,8,758,0
50,87219,OWN,8.7,DEBTCONSOLIDATION,C,13019,7.91,0.15,N,13,694,0
49,64698,MORTGAGE,17.6,PERSONAL,A,19871,6.26,0.31,N,7,816,0
65,24158,MORTGAGE,29.1,VENTURE,A,6728,9.14,0.28,N,23,753,0
49,54358,MORTGAGE,12.8,HOMEIMPROVEMENT,B,12864,9.41,0.24,N,6,702,0
50,73344,MORTGAGE,24.2,DEBTCONSOLIDATION,D,10587,13.57,0.14,Y,16,603,0
36,122616,MORTGAGE,11.1,HOMEIMPROVEMENT,B,28529,9.72,0.23,N,9,729,0
60,83491,RENT,17.7,MEDICAL,A,7806,8.75,0.09,N,18,756,0
39,77381,RENT,10.5,EDUCATION,B,19696,8.67,0.25,N,6,722,0
38,50820,MORTGAGE,11.7,PERSONAL,C,5601,9.99,0.11,N,5,669,0
21,61882,MORTGAGE,1.5,DEBTCONSOLIDATION,C,2937,10.08,0.05,N,1,680,0
34,103746,MORTGAGE,11.4,MEDICAL,B,31480,6.22,0.3,N,6,744,0
67,22033,MORTGAGE,17.1,MEDICAL,B,6687,11.11,0.3,N,25,719,0
22,39748,MORTGAGE,1.2,EDUCATION,B,11124,10.2,0.28,N,1,708,0
48,30836,RENT,7.5,PERSONAL,B,2150,9.73,0.07,N,16,705,0
50,61543,OTHER,4.0,PERSONAL,C,19934,9.08,0.32,N,17,685,0
58,102552,RENT,5.2,HOMEIMPROVEMENT,D,39691,11.44,0.39,Y,16,648,1
24,34262,MORTGAGE,4.3,PERSONAL,D,11190,12.61,0.33,Y,2,609,1
21,18000,MORTGAGE,1.7,MEDICAL,D,4153,11.52,0.23,N,1,618,0
28,38279,MORTGAGE,5.6,HOMEIMPROVEMENT,A,3567,9.6,0.09,N,5,752,0
49,84802,RENT,16.4,PERSONAL,C,36457,8.74,0.43,Y,21,674,1
59,67682,OWN,28.5,EDUCATION,C,10456,8.39,0.15,Y,15,696,0
23,63380,MORTGAGE,2.2,MEDICAL,D,13221,13.0,0.21,N,3,645,0
52,41440,OWN,24.1,VENTURE,A,4737,9.88,0.11,N,8,765,0
30,22755,RENT,4.2,EDUCATION,C,6851,11.35,0.3,N,4,658,1
30,66781,MORTGAGE,9.0,EDUCATION,B,15260,7.07,0.23,N,5,735,0
39,29715,MORTGAGE,12.4,PERSONAL,D,10298,13.57,0.35,Y,8,637,0
66,181762,MORTGAGE,13.4,HOMEIMPROVEMENT,A,40000,8.41,0.22,N,24,750,0
54,69030,OWN,17.8,HOMEIMPROVEMENT,A,6889,7.6,0.1,N,10,772,0
53,34600,RENT,16.6,MEDICAL,C,6659,12.88,0.19,N,22,670,0
43,33967,RENT,4.9,PERSONAL,C,13669,11.72,0.4,N,11,673,0
48,46361,MORTGAGE,15.4,HOMEIMPROVEMENT,A,17044,7.32,0.37,N,19,757,0
52,42459,RENT,10.9,DEBTCONSOLIDATION,B,12147,6.91,0.29,N,6,712,0
27,95807,OWN,1.2,VENTURE,B,23097,8.14,0.24,N,4,733,0
49,54822,RENT,23.7,DEBTCONSOLIDATION,B,10116,9.2,0.18,N,12,737,0
28,31603,MORTGAGE,5.5,PERSONAL,C,3619,10.78,0.11,N,4,694,0
21,152400,RENT,2.1,PERSONAL,C,27796,8.17,0.18,N,1,688,0
23,50492,MORTGAGE,2.9,HOMEIMPROVEMENT,C,6754,8.97,0.13,N,1,690,0
44,77753,RENT,9.1,EDUCATION,B,17474,5.0,0.22,N,7,735,0
43,34032,RENT,11.5,PERSONAL,C,5156,11.21,0.15,N,13,666,0
28,60953,RENT,5.7,EDUCATION,C,20698,8.49,0.34,N,4,654,0
67,59081,RENT,37.8,MEDICAL,A,18563,6.82,0.31,N,15,769,0
57,18000,OTHER,10.8,MEDICAL,C,2744,9.68,0.15,Y,17,655,0
23,164253,RENT,3.6,HOMEIMPROVEMENT,A,18578,7.12,0.11,N,2,814,0
53,106338,MORTGAGE,26.1,MEDICAL,B,25532,8.82,0.24,N,19,745,0
48,38626,OTHER,17.1,DEBTCONSOLIDATION,D,5301,10.42,0.14,Y,6,639,0
67,25301,MORTGAGE,36.8,DEBTCONSOLIDATION,A,3618,7.36,0.14,N,24,781,0
28,60387,OTHER,3.8,DEBTCONSOLIDATION,C,37015,11.21,0.61,N,5,682,1
54,51638,OWN,27.6,HOMEIMPROVEMENT,B,11813,9.23,0.23,N,20,728,0
55,60681,MORTGAGE,21.9,HOMEIMPROVEMENT,B,4921,5.0,0.08,N,23,740,0
52,54992,MORTGAGE,4.4,DEBTCONSOLIDATION,C,17703,14.24,0.32,N,14,663,0
44,66419,RENT,19.1,EDUCATION,C,21396,11.12,0.32,N,9,678,0
34,116819,RENT,7.0,DEBTCONSOLIDATION,B,32853,10.92,0.28,N,4,713,0
52,68931,MORTGAGE,14.4,EDUCATION,C,24166,8.83,0.35,Y,12,691,0
66,26113,MORTGAGE,23.8,MEDICAL,C,4973,8.33,0.19,N,11,697,0
63,111028,MORTGAGE,9.2,EDUCATION,C,23346,9.61,0.21,N,27,675,0
36,131185,MORTGAGE,7.7,PERSONAL,C,22357,12.67,0.17,N,10,699,0
24,250000,RENT,4.1,VENTURE,A,10604,5.98,0.04,N,2,803,0
57,24981,MORTGAGE,4.3,PERSONAL,D,1139,11.43,0.05,Y,12,639,0
41,56711,MORTGAGE,6.7,PERSONAL,B,16730,11.31,0.3,N,5,736,0
34,18000,RENT,1.6,HOMEIMPROVEMENT,C,1000,10.58,0.06,Y,10,652,0
51,68315,MORTGAGE,12.9,VENTURE,D,23500,11.33,0.34,Y,21,646,0
38,35280,RENT,12.2,HOMEIMPROVEMENT,D,18431,9.84,0.52,Y,6,629,1
27,155448,MORTGAGE,5.9,EDUCATION,B,23157,12.09,0.15,N,4,715,0
30,30798,MORTGAGE,9.1,DEBTCONSOLIDATION,B,2841,7.66,0.09,N,3,727,0
27,18000,RENT,4.7,EDUCATION,C,2922,10.03,0.16,N,2,679,0
53,36947,MORTGAGE,9.7,VENTURE,B,12887,5.0,0.35,N,7,715,0
43,18000,MORTGAGE,18.7,MEDICAL,B,4495,8.79,0.25,N,12,719,0
41,76930,RENT,14.8,EDUCATION,B,14798,9.27,0.19,N,6,708,0
39,18000,RENT,10.5,PERSONAL,C,3063,10.37,0.17,N,4,656,0
39,49864,MORTGAGE,12.3,VENTURE,B,2115,6.94,0.04,N,5,703,0
56,18000,RENT,28.4,VENTURE,B,7831,9.99,0.44,N,13,715,0
49,40449,MORTGAGE,18.6,EDUCATION,C,7029,7.06,0.17,N,16,691,0
38,131403,RENT,7.2,EDUCATION,B,40000,6.63,0.3,N,6,717,0
22,60863,MORTGAGE,2.4,HOMEIMPROVEMENT,B,20715,8.63,0.34,N,2,720,0
21,29199,OWN,0.4,HOMEIMPROVEMENT,D,10980,13.52,0.38,Y,1,633,0
67,48111,RENT,18.2,PERSONAL,C,16989,10.99,0.35,Y,17,654,0
25,49553,MORTGAGE,2.7,VENTURE,B,16943,9.31,0.34,N,2,725,0
40,65093,MORTGAGE,4.8,MEDICAL,C,15784,10.11,0.24,N,7,652,0
31,21587,MORTGAGE,1.5,MEDICAL,C,10652,8.72,0.49,N,3,697,0
62,69950,MORTGAGE,8.5,VENTURE,D,30309,12.75,0.43,N,15,642,0
22,18000,MORTGAGE,2.2,PERSONAL,D,10649,13.22,0.59,N,2,644,1
23,33592,MORTGAGE,3.3,HOMEIMPROVEMENT,C,8680,12.85,0.26,N,2,650,0
43,36571,MORTGAGE,19.8,HOMEIMPROVEMENT,B,9231,9.32,0.25,N,15,740,0
32,71682,MORTGAGE,4.8,HOMEIMPROVEMENT,D,17368,11.86,0.24,N,3,644,0
40,49690,RENT,11.4,MEDICAL,E,6744,11.22,0.14,Y,9,579,1
25,21092,OTHER,5.3,MEDICAL,C,1942,9.77,0.09,N,2,668,0
57,27146,RENT,8.5,PERSONAL,C,1732,9.28,0.06,N,21,677,0
58,55227,RENT,24.1,MEDICAL,B,5811,9.09,0.11,N,27,721,0
50,46749,RENT,20.1,EDUCATION,B,5608,10.65,0.12,N,19,705,0
29,34631,RENT,1.8,MEDICAL,B,3674,8.76,0.11,N,2,712,0
54,36735,RENT,25.3,HOMEIMPROVEMENT,B,14434,5.56,0.39,N,12,711,0
64,74436,RENT,30.8,PERSONAL,A,13971,8.13,0.19,N,9,810,0
55,35932,RENT,4.6,VENTURE,B,3290,8.17,0.09,N,8,704,0
42,46497,MORTGAGE,3.9,VENTURE,B,10700,7.82,0.23,N,5,718,0
64,180225,RENT,6.2,PERSONAL,C,40000,10.7,0.22,Y,15,697,0
44,20864,RENT,8.7,EDUCATION,D,7596,10.56,0.36,N,9,645,0
37,18000,RENT,8.7,VENTURE,C,7371,11.12,0.41,N,7,653,0
30,78445,RENT,5.7,HOMEIMPROVEMENT,B,25434,9.18,0.32,N,4,731,0
50,32624,RENT,9.2,VENTURE,E,20737,13.01,0.64,N,18,598,1
66,40500,MORTGAGE,35.4,VENTURE,A,6486,7.07,0.16,N,12,771,0
43,30678,OWN,8.9,HOMEIMPROVEMENT,C,4499,10.1,0.15,N,6,691,0
52,41945,MORTGAGE,4.5,MEDICAL,C,6551,14.17,0.16,N,17,666,0
37,127915,MORTGAGE,5.9,EDUCATION,C,18428,13.06,0.14,Y,9,652,0
37,79322,RENT,9.0,HOMEIMPROVEMENT,A,15089,8.88,0.19,N,5,771,0
34,82234,RENT,6.2,HOMEIMPROVEMENT,D,26568,12.24,0.32,N,10,639,0
29,20957,RENT,3.2,DEBTCONSOLIDATION,D,7790,14.58,0.37,N,4,622,0
60,24570,MORTGAGE,8.1,PERSONAL,D,4332,13.47,0.18,N,16,623,0
22,18000,RENT,2.7,EDUCATION,C,3418,12.9,0.19,N,1,662,0
65,30163,MORTGAGE,37.5,MEDICAL,B,10770,11.29,0.36,N,16,716,0
45,87031,RENT,8.9,DEBTCONSOLIDATION,B,16277,10.08,0.19,N,12,723,0
59,66847,RENT,15.1,HOMEIMPROVEMENT,B,8795,10.29,0.13,N,16,709,0
29,42919,OTHER,5.9,DEBTCONSOLIDATION,C,20109,9.69,0.47,N,3,687,0
42,48369,MORTGAGE,14.5,MEDICAL,C,24556,13.94,0.51,N,15,659,0
63,32424,MORTGAGE,16.8,DEBTCONSOLIDATION,B,7556,9.34,0.23,Y,15,711,0
66,55428,MORTGAGE,35.2,DEBTCONSOLIDATION,A,20044,6.08,0.36,N,26,765,0
24,77615,MORTGAGE,3.0,DEBTCONSOLIDATION,B,22737,9.97,0.29,N,2,711,0
46,18591,MORTGAGE,11.6,HOMEIMPROVEMENT,B,3971,9.0,0.21,N,11,715,0
49,58676,OWN,17.1,HOMEIMPROVEMENT,C,4018,8.38,0.07,N,9,695,0
65,85773,RENT,36.0,PERSONAL,A,29526,6.77,0.34,N,27,750,0
54,38213,MORTGAGE,23.6,VENTURE,B,8153,9.24,0.21,N,20,718,0
43,74639,MORTGAGE,3.2,EDUCATION,C,5109,10.07,0.07,N,5,694,0
57,250000,RENT,13.0,PERSONAL,A,40000,5.09,0.16,N,8,781,0
31,46045,MORTGAGE,5.6,MEDICAL,B,15675,8.78,0.34,N,8,711,0
26,62067,OWN,2.6,DEBTCONSOLIDATION,B,5234,11.11,0.08,N,5,701,0
38,31481,MORTGAGE,11.8,HOMEIMPROVEMENT,C,11794,5.9,0.37,N,9,697,0
41,54652,RENT,15.6,DEBTCONSOLIDATION,C,6179,10.35,0.11,N,10,665,0
62,64612,MORTGAGE,26.9,HOMEIMPROVEMENT,C,9406,10.12,0.15,N,26,686,0
56,55100,MORTGAGE,30.1,EDUCATION,D,14907,12.58,0.27,Y,10,637,0
61,26587,MORTGAGE,12.5,PERSONAL,A,4280,7.47,0.16,N,22,760,0
58,55482,RENT,28.5,PERSONAL,A,4936,5.28,0.09,N,17,822,0
54,117867,MORTGAGE,22.9,MEDICAL,A,19795,7.68,0.17,N,20,793,0
37,64162,RENT,6.7,PERSONAL,C,8812,9.75,0.14,N,4,694,0
57,87307,MORTGAGE,23.9,PERSONAL,A,6204,10.06,0.07,N,19,772,0
45,42522,RENT,4.7,VENTURE,B,4285,9.27,0.1,N,12,742,0
58,76875,MORTGAGE,26.1,EDUCATION,A,10376,7.24,0.13,N,24,817,0
32,57963,MORTGAGE,6.6,DEBTCONSOLIDATION,C,9741,10.92,0.17,N,7,662,0
43,27707,RENT,7.6,PERSONAL,D,7963,14.93,0.29,Y,16,620,1
62,59344,RENT,24.6,MEDICAL,D,19205,10.47,0.32,Y,28,646,0
42,27037,RENT,13.2,DEBTCONSOLIDATION,B,4680,7.17,0.17,N,9,724,0
41,33532,RENT,5.7,HOMEIMPROVEMENT,B,1709,9.43,0.05,N,6,702,0
47,54918,RENT,3.5,PERSONAL,C,4498,10.26,0.08,N,14,667,0
51,58591,OTHER,13.3,PERSONAL,B,18867,8.87,0.32,N,21,718,0
26,24015,MORTGAGE,4.0,DEBTCONSOLIDATION,E,5147,16.13,0.21,Y,1,586,0
47,92262,MORTGAGE,20.7,HOMEIMPROVEMENT,B,8575,6.94,0.09,N,13,749,0
60,69092,OWN,31.5,VENTURE,A,10723,7.75,0.16,N,10,758,0
54,32117,RENT,16.9,EDUCATION,A,10089,5.33,0.31,N,7,760,0
32,19485,RENT,8.8,VENTURE,B,1633,12.17,0.08,N,7,710,0
65,44938,RENT,19.2,MEDICAL,B,8342,5.59,0.19,N,25,718,0
27,37512,MORTGAGE,5.6,DEBTCONSOLIDATION,B,10940,9.61,0.29,N,4,708,0
30,52464,MORTGAGE,2.9,PERSONAL,C,4288,8.58,0.08,N,7,669,0
65,39423,RENT,16.9,VENTURE,D,10275,9.34,0.26,Y,11,642,1
37,18000,RENT,10.3,EDUCATION,C,6892,8.34,0.38,N,4,699,0
46,38831,MORTGAGE,3.2,MEDICAL,B,6559,7.74,0.17,N,17,708,0
41,40807,MORTGAGE,13.9,VENTURE,C,7379,10.32,0.18,N,10,691,0
48,71696,MORTGAGE,20.5,PERSONAL,B,11734,6.21,0.16,N,10,749,0
66,32243,RENT,18.2,EDUCATION,B,3319,9.81,0.1,N,27,745,0
22,134215,OWN,1.7,PERSONAL,D,34969,14.29,0.26,Y,2,614,0
63,18000,RENT,31.3,PERSONAL,B,3072,11.65,0.17,N,24,715,0
21,107656,MORTGAGE,1.9,MEDICAL,B,11604,7.16,0.11,N,1,706,0
56,42847,OWN,11.5,EDUCATION,A,15004,6.21,0.35,N,12,773,0
46,82104,OWN,9.1,HOMEIMPROVEMENT,C,15857,9.25,0.19,N,9,689,0
49,51425,RENT,17.8,PERSONAL,B,4957,7.58,0.1,N,19,739,0
41,97122,RENT,11.4,EDUCATION,C,40000,10.96,0.41,N,11,696,0
31,38854,MORTGAGE,2.8,PERSONAL,C,6601,11.54,0.17,N,4,654,0
60,25357,RENT,13.3,VENTURE,B,2692,7.26,0.11,N,19,732,0
31,114955,MORTGAGE,9.5,VENTURE,C,40000,10.23,0.35,N,7,667,0
56,45794,OWN,22.1,EDUCATION,A,13692,7.45,0.3,N,11,769,0
59,55990,RENT,32.4,MEDICAL,C,24735,9.53,0.44,N,21,695,0
60,102831,MORTGAGE,26.8,HOMEIMPROVEMENT,B,40000,7.91,0.39,N,9,720,0
55,26392,RENT,28.1,VENTURE,A,4716,6.36,0.18,N,13,752,0
54,70073,MORTGAGE,9.0,MEDICAL,C,18003,11.97,0.26,Y,19,661,0
67,34408,OWN,31.4,HOMEIMPROVEMENT,B,9813,6.6,0.29,N,13,741,0
44,45283,MORTGAGE,3.0,VENTURE,C,4627,11.41,0.1,N,8,677,0
42,51193,RENT,13.7,HOMEIMPROVEMENT,C,8438,11.26,0.16,N,15,659,0
25,19927,MORTGAGE,3.0,DEBTCONSOLIDATION,C,4617,9.22,0.23,N,3,672,0
53,30720,MORTGAGE,12.0,PERSONAL,C,5931,11.3,0.19,N,15,671,0
56,110265,RENT,26.7,EDUCATION,A,23243,6.24,0.21,Y,11,775,0
67,83425,MORTGAGE,34.2,VENTURE,A,15654,8.29,0.19,N,18,771,0
40,47212,OWN,2.5,VENTURE,F,24482,13.18,0.52,Y,10,547,1
39,56719,MORTGAGE,11.1,PERSONAL,C,9925,9.83,0.17,N,5,699,0
55,41087,MORTGAGE,13.2,VENTURE,B,15630,9.01,0.38,N,16,718,0
63,110630,RENT,17.6,VENTURE,B,40000,8.68,0.36,Y,18,701,0
37,43468,MORTGAGE,13.0,DEBTCONSOLIDATION,B,3658,8.98,0.08,N,8,706,0
65,56336,RENT,14.9,VENTURE,B,4722,8.02,0.08,N,11,721,0
63,97501,RENT,34.2,VENTURE,B,9250,10.5,0.09,Y,11,729,0
54,30747,RENT,8.1,VENTURE,C,2739,9.57,0.09,N,24,668,0
29,124900,RENT,6.2,MEDICAL,B,38681,8.63,0.31,N,7,729,0
46,19569,RENT,16.0,VENTURE,B,2180,5.85,0.11,N,11,721,0
22,130324,MORTGAGE,1.1,PERSONAL,B,40000,7.74,0.31,N,2,728,0
29,39198,MORTGAGE,3.6,DEBTCONSOLIDATION,C,11654,11.3,0.3,N,5,677,0
29,42377,MORTGAGE,7.5,VENTURE,E,8525,14.34,0.2,Y,2,571,1
60,18000,RENT,26.6,HOMEIMPROVEMENT,B,3419,9.27,0.19,N,14,733,0
37,37313,RENT,6.3,DEBTCONSOLIDATION,C,8861,10.92,0.24,N,6,657,0
21,26268,MORTGAGE,1.4,DEBTCONSOLIDATION,B,7815,9.12,0.3,N,1,729,0
45,34044,MORTGAGE,3.9,HOMEIMPROVEMENT,B,16106,11.03,0.47,N,13,725,0
63,45144,OTHER,11.1,PERSONAL,D,18074,9.86,0.4,N,29,648,0
60,87088,RENT,18.5,MEDICAL,D,8139,13.21,0.09,Y,24,644,0
62,55523,MORTGAGE,7.0,PERSONAL,D,5376,10.57,0.1,N,27,627,0
45,58959,RENT,18.6,MEDICAL,B,28564,9.22,0.48,N,17,728,0
59,25404,MORTGAGE,24.7,EDUCATION,C,14544,9.19,0.57,N,24,673,0
55,28898,MORTGAGE,28.1,HOMEIMPROVEMENT,B,9026,9.92,0.31,N,13,732,0
23,144240,OWN,2.9,DEBTCONSOLIDATION,B,37175,7.61,0.26,N,1,703,0
57,31535,OTHER,29.6,DEBTCONSOLIDATION,C,4488,8.62,0.14,N,18,684,0
64,132418,RENT,22.5,DEBTCONSOLIDATION,A,32530,7.46,0.25,N,25,765,0
64,42368,MORTGAGE,23.9,HOMEIMPROVEMENT,A,9476,6.23,0.22,N,18,772,0
50,49088,MORTGAGE,25.1,HOMEIMPROVEMENT,B,12708,7.71,0.26,N,19,728,0
58,93173,MORTGAGE,22.0,MEDICAL,B,16879,9.15,0.18,N,27,710,0
54,105149,RENT,4.4,DEBTCONSOLIDATION,B,25360,7.57,0.24,N,17,706,0
32,45867,MORTGAGE,8.5,PERSONAL,D,14369,11.74,0.31,Y,5,638,1
39,38834,OWN,15.4,MEDICAL,D,19563,13.0,0.5,Y,13,609,1
57,47403,RENT,25.6,DEBTCONSOLIDATION,D,21024,10.18,0.44,Y,8,606,0
64,60040,RENT,23.4,HOMEIMPROVEMENT,A,23023,7.19,0.38,N,12,791,0
37,83682,RENT,10.8,HOMEIMPROVEMENT,C,18803,11.05,0.22,N,11,664,0
30,49145,MORTGAGE,9.5,HOMEIMPROVEMENT,C,24156,10.63,0.49,Y,6,689,0
67,71063,RENT,8.0,DEBTCONSOLIDATION,C,35075,10.4,0.49,N,19,681,0
32,131008,OWN,7.9,HOMEIMPROVEMENT,C,36422,10.57,0.28,Y,9,687,0
36,61622,MORTGAGE,5.4,EDUCATION,C,18375,10.22,0.3,N,6,698,0
44,59100,MORTGAGE,14.2,HOMEIMPROVEMENT,D,12604,12.66,0.21,Y,13,614,0
39,19705,MORTGAGE,11.0,DEBTCONSOLIDATION,B,1652,8.68,0.08,N,10,749,0
28,18000,RENT,2.1,MEDICAL,C,3116,11.98,0.17,N,2,699,0
51,61884,OWN,8.1,HOMEIMPROVEMENT,C,33950,12.44,0.55,N,11,673,0
41,46309,MORTGAGE,12.3,VENTURE,C,12566,10.83,0.27,Y,15,656,0
37,35994,OTHER,3.6,EDUCATION,C,11177,9.6,0.31,N,5,671,0
43,56733,MORTGAGE,7.1,DEBTCONSOLIDATION,E,10354,16.02,0.18,Y,7,555,1
57,47275,MORTGAGE,26.7,HOMEIMPROVEMENT,C,16440,14.18,0.35,N,17,664,0
36,96439,RENT,5.9,VENTURE,B,6585,8.85,0.07,N,4,724,0
26,51620,MORTGAGE,3.5,DEBTCONSOLIDATION,C,10529,11.0,0.2,N,5,680,0
28,31314,MORTGAGE,7.6,MEDICAL,C,8860,9.7,0.28,N,2,682,0
45,88796,MORTGAGE,7.0,EDUCATION,C,20572,10.46,0.23,N,13,699,0
38,43032,MORTGAGE,7.5,HOMEIMPROVEMENT,C,6622,7.9,0.15,N,7,660,0
45,67233,RENT,14.2,MEDICAL,C,22613,10.12,0.34,N,16,659,0
32,36811,OWN,8.8,DEBTCONSOLIDATION,C,5820,11.68,0.16,N,6,669,0
35,33193,OTHER,12.4,VENTURE,B,10746,7.77,0.32,N,6,718,0
46,51559,RENT,20.7,DEBTCONSOLIDATION,D,7352,12.57,0.14,Y,19,632,0
61,49399,OWN,27.7,DEBTCONSOLIDATION,A,12913,8.25,0.26,N,10,770,0
65,65375,RENT,12.2,EDUCATION,C,8562,11.03,0.13,N,22,683,0
46,41723,MORTGAGE,3.3,HOMEIMPROVEMENT,B,12249,8.23,0.29,N,19,721,0
67,18000,RENT,18.1,MEDICAL,D,2603,13.13,0.14,Y,26,624,0
52,37810,OWN,6.8,EDUCATION,C,12001,13.27,0.32,N,19,672,0
30,78927,RENT,7.2,VENTURE,C,19535,9.05,0.25,N,2,695,0
36,41010,MORTGAGE,10.1,HOMEIMPROVEMENT,B,3982,7.77,0.1,N,3,728,0
27,42284,RENT,1.2,EDUCATION,D,2054,11.42,0.05,Y,1,634,1
37,88594,RENT,13.0,VENTURE,B,33339,9.59,0.38,N,13,715,0
43,31978,MORTGAGE,6.9,VENTURE,C,5644,8.43,0.18,N,17,689,0
46,19425,RENT,11.3,MEDICAL,C,4996,9.91,0.26,N,10,669,0
41,44516,MORTGAGE,13.1,DEBTCONSOLIDATION,C,10235,12.65,0.23,Y,7,673,0
42,36661,OTHER,9.6,VENTURE,B,3950,11.09,0.11,N,6,708,0
27,27453,MORTGAGE,3.7,VENTURE,B,4735,8.03,0.17,N,3,704,0
34,44124,MORTGAGE,2.3,DEBTCONSOLIDATION,C,11765,12.84,0.27,N,6,687,1
35,65834,RENT,6.5,PERSONAL,E,32338,12.24,0.49,Y,9,595,1
27,48748,RENT,5.7,VENTURE,A,6567,7.54,0.13,N,5,784,0
29,58934,MORTGAGE,8.1,HOMEIMPROVEMENT,B,19295,8.59,0.33,N,6,736,0
28,145516,RENT,3.9,EDUCATION,B,40000,10.86,0.27,N,5,705,0
43,39905,OWN,9.9,DEBTCONSOLIDATION,A,9154,5.79,0.23,N,14,769,0
49,57931,RENT,18.3,DEBTCONSOLIDATION,B,27269,7.79,0.47,N,17,734,0
38,36115,OWN,15.2,DEBTCONSOLIDATION,D,19297,9.99,0.53,N,8,644,0
51,29501,RENT,9.5,HOMEIMPROVEMENT,C,2373,9.13,0.08,Y,12,665,0
50,34511,MORTGAGE,13.1,DEBTCONSOLIDATION,B,5708,7.9,0.17,N,10,720,0
59,36781,RENT,26.9,HOMEIMPROVEMENT,B,13042,7.58,0.35,N,22,726,0
55,60820,RENT,19.5,MEDICAL,C,15027,10.97,0.25,Y,25,688,0
38,200675,MORTGAGE,3.5,PERSONAL,A,16482,6.83,0.08,N,9,772,0
62,31900,RENT,23.7,DEBTCONSOLIDATION,C,2480,10.4,0.08,N,28,663,0
59,38178,MORTGAGE,9.5,PERSONAL,D,9453,8.55,0.25,N,8,646,0
37,47198,MORTGAGE,8.7,DEBTCONSOLIDATION,E,10504,14.27,0.22,Y,11,598,1
34,62160,RENT,7.5,HOMEIMPROVEMENT,C,15655,7.1,0.25,Y,10,699,0
51,57418,OWN,23.5,EDUCATION,A,15921,8.23,0.28,N,17,750,0
44,105921,MORTGAGE,11.0,PERSONAL,B,40000,10.64,0.38,N,17,732,0
55,18000,MORTGAGE,10.9,PERSONAL,C,4916,12.22,0.27,N,18,691,0
64,18000,MORTGAGE,12.0,HOMEIMPROVEMENT,E,7273,11.39,0.4,Y,14,576,1
65,36405,MORTGAGE,33.5,PERSONAL,B,1904,9.18,0.05,N,14,706,0
54,94691,RENT,7.9,MEDICAL,A,7514,8.88,0.08,N,17,762,0
23,19160,RENT,2.0,HOMEIMPROVEMENT,B,7190,8.44,0.38,N,3,719,0
57,18000,MORTGAGE,9.0,PERSONAL,B,1365,10.58,0.08,N,9,722,0
63,69058,RENT,28.9,PERSONAL,B,15612,5.68,0.23,N,22,729,0
60,56737,RENT,18.1,PERSONAL,B,12609,9.68,0.22,N,24,706,0
46,25485,MORTGAGE,9.7,HOMEIMPROVEMENT,C,2366,11.67,0.09,Y,7,656,0
43,27137,MORTGAGE,8.8,EDUCATION,E,12088,11.07,0.45,Y,6,598,1
64,27396,RENT,32.0,VENTURE,B,3722,9.66,0.14,N,17,738,0
59,52382,RENT,20.0,DEBTCONSOLIDATION,B,3356,7.57,0.06,N,13,717,0
35,33664,RENT,10.2,PERSONAL,C,7808,12.94,0.23,N,5,672,0
24,65935,RENT,4.4,VENTURE,C,36003,10.2,0.55,N,1,666,1
49,18000,RENT,22.7,VENTURE,E,2101,12.58,0.12,Y,8,597,0
42,29316,RENT,7.9,PERSONAL,C,11250,8.15,0.38,N,12,698,0
45,24943,OTHER,20.7,PERSONAL,D,8000,10.97,0.32,N,14,640,0
33,42032,MORTGAGE,1.8,DEBTCONSOLIDATION,C,20092,8.61,0.48,N,8,699,0
38,35495,RENT,7.3,VENTURE,D,7292,13.09,0.21,Y,9,603,0
53,79118,RENT,25.4,EDUCATION,B,21667,8.91,0.27,N,23,736,0
36,18000,MORTGAGE,5.3,VENTURE,D,2643,11.51,0.15,Y,11,635,1
65,50377,RENT,13.7,EDUCATION,D,10309,12.02,0.2,Y,30,631,0
62,68528,MORTGAGE,13.7,MEDICAL,C,21186,8.49,0.31,N,17,684,0
64,149341,OWN,24.3,EDUCATION,B,10214,7.41,0.07,Y,29,722,0
22,36714,MORTGAGE,1.6,DEBTCONSOLIDATION,A,7320,9.65,0.2,N,2,758,0
55,59556,RENT,22.5,HOMEIMPROVEMENT,A,9781,6.57,0.16,N,13,763,0
62,18000,MORTGAGE,32.0,PERSONAL,B,3802,9.87,0.21,N,11,707,0
54,18000,OWN,20.6,MEDICAL,C,3696,6.21,0.21,N,19,699,0
50,81378,MORTGAGE,7.8,VENTURE,C,40000,11.14,0.49,N,8,672,0
33,48857,MORTGAGE,11.3,EDUCATION,C,15401,12.62,0.32,N,5,660,0
33,99419,RENT,4.3,MEDICAL,B,20535,8.83,0.21,N,6,732,0
38,21503,RENT,4.1,HOMEIMPROVEMENT,E,6004,13.23,0.28,Y,10,592,1
52,66966,MORTGAGE,5.5,EDUCATION,D,19358,14.0,0.29,Y,22,635,0
52,150435,OWN,16.8,DEBTCONSOLIDATION,C,40000,11.3,0.27,N,16,660,0
55,63058,MORTGAGE,6.6,VENTURE,B,19155,8.05,0.3,N,19,718,0
59,57869,MORTGAGE,8.1,VENTURE,C,9607,9.44,0.17,N,14,685,0
66,49273,RENT,14.9,EDUCATION,C,14342,9.62,0.29,N,26,671,0
49,19100,RENT,9.2,HOMEIMPROVEMENT,D,6732,13.23,0.35,N,12,631,0
49,110563,MORTGAGE,16.2,PERSONAL,B,27112,11.45,0.25,N,19,704,0
64,33978,RENT,30.9,PERSONAL,B,7615,10.56,0.22,N,18,722,0
36,66349,MORTGAGE,11.4,VENTURE,A,6413,6.94,0.1,N,7,752,0
64,19190,RENT,13.1,HOMEIMPROVEMENT,D,1555,12.19,0.08,Y,19,621,0
67,24156,MORTGAGE,13.3,VENTURE,B,3811,9.54,0.16,N,29,737,0
30,115966,MORTGAGE,9.3,PERSONAL,B,26358,6.77,0.23,N,8,736,0
50,39799,MORTGAGE,3.4,VENTURE,A,3115,9.18,0.08,N,11,759,0
45,117238,RENT,19.3,EDUCATION,B,40000,10.3,0.34,N,11,720,0
59,46773,MORTGAGE,9.8,DEBTCONSOLIDATION,B,4751,9.79,0.1,N,22,724,0
40,18000,OTHER,16.8,EDUCATION,C,7597,12.1,0.42,Y,14,660,0
25,83720,MORTGAGE,2.4,DEBTCONSOLIDATION,C,10882,10.78,0.13,Y,3,659,0
21,34408,RENT,1.2,HOMEIMPROVEMENT,C,2569,8.88,0.07,N,1,684,0
50,74549,RENT,19.0,PERSONAL,D,16194,13.15,0.22,Y,12,643,0
23,49767,RENT,2.6,HOMEIMPROVEMENT,D,8732,12.12,0.18,N,2,622,0
65,19421,RENT,15.2,HOMEIMPROVEMENT,C,5935,9.35,0.31,N,19,684,0
34,54099,MORTGAGE,7.8,PERSONAL,C,5201,10.57,0.1,N,4,676,0
50,183090,MORTGAGE,19.6,MEDICAL,A,40000,8.12,0.22,N,6,755,0
24,65893,RENT,0.8,MEDICAL,C,30350,9.81,0.46,N,3,672,0
38,47357,RENT,2.2,VENTURE,E,12403,14.87,0.26,Y,13,557,1
57,93452,RENT,16.4,MEDICAL,B,10302,12.33,0.11,N,25,706,0
45,55625,OWN,5.2,EDUCATION,B,9901,7.43,0.18,N,14,711,0
21,55587,MORTGAGE,1.7,DEBTCONSOLIDATION,D,20299,9.94,0.37,N,1,631,0
66,25464,MORTGAGE,12.0,HOMEIMPROVEMENT,B,2558,11.37,0.1,N,15,704,0
35,56404,RENT,6.9,VENTURE,C,8204,12.21,0.15,N,8,655,0
29,91241,MORTGAGE,2.6,HOMEIMPROVEMENT,B,25610,11.62,0.28,N,2,717,0
35,29683,RENT,8.2,PERSONAL,C,12570,12.56,0.42,N,9,697,0
44,115231,RENT,4.7,MEDICAL,A,6291,8.51,0.05,N,17,774,0
24,46396,MORTGAGE,0.7,PERSONAL,B,8187,7.02,0.18,N,3,729,0
32,28777,MORTGAGE,1.9,VENTURE,C,4252,10.42,0.15,N,6,692,0
57,89194,RENT,30.0,DEBTCONSOLIDATION,C,34099,9.64,0.38,N,23,683,0
57,41271,RENT,7.8,EDUCATION,B,5846,10.39,0.14,N,26,700,0
63,77320,RENT,26.8,MEDICAL,A,22651,6.78,0.29,N,13,757,0
26,41148,RENT,1.2,PERSONAL,C,6943,10.8,0.17,N,4,689,0
59,47292,MORTGAGE,7.2,DEBTCONSOLIDATION,A,3527,8.73,0.07,N,13,765,0
66,65915,OWN,21.9,MEDICAL,A,18803,7.86,0.29,N,30,772,0
44,58368,RENT,11.1,HOMEIMPROVEMENT,B,9107,9.89,0.16,N,6,713,0
31,18000,RENT,10.0,EDUCATION,C,2474,12.25,0.14,Y,3,652,0
33,25015,RENT,11.4,DEBTCONSOLIDATION,E,3700,12.27,0.15,Y,8,579,1
54,85617,MORTGAGE,23.2,MEDICAL,A,10016,8.36,0.12,N,10,757,0
45,45284,RENT,14.1,EDUCATION,C,6615,10.47,0.15,N,7,670,0
27,35802,MORTGAGE,3.8,DEBTCONSOLIDATION,C,9577,12.15,0.27,N,4,674,0
24,21695,RENT,2.1,HOMEIMPROVEMENT,C,1477,11.99,0.07,N,3,663,0
28,25646,MORTGAGE,7.6,HOMEIMPROVEMENT,D,15185,10.82,0.59,N,3,635,1
40,18000,MORTGAGE,11.5,PERSONAL,C,4943,11.96,0.27,N,13,660,0
49,46130,OWN,15.7,VENTURE,B,3998,11.49,0.09,N,18,708,0
65,34232,OWN,12.3,PERSONAL,C,4259,10.64,0.12,N,23,688,0
66,27447,MORTGAGE,6.4,EDUCATION,D,4374,10.94,0.16,Y,25,643,0
30,47057,OWN,9.1,PERSONAL,C,23789,9.09,0.51,N,2,666,0
63,60984,RENT,14.4,DEBTCONSOLIDATION,B,22145,6.63,0.36,N,17,702,0
54,172115,RENT,14.8,MEDICAL,B,40000,11.31,0.23,Y,11,700,0
46,19788,RENT,5.0,DEBTCONSOLIDATION,C,3399,7.8,0.17,N,7,694,0
61,98285,MORTGAGE,29.5,PERSONAL,C,16180,9.41,0.16,Y,16,658,0
23,87891,OWN,0.6,VENTURE,C,21917,10.19,0.25,N,1,687,0
26,30716,RENT,5.5,DEBTCONSOLIDATION,D,14518,13.1,0.47,Y,4,603,1
25,55378,MORTGAGE,1.4,DEBTCONSOLIDATION,E,15803,15.55,0.29,Y,3,580,1
25,37250,MORTGAGE,5.0,DEBTCONSOLIDATION,D,11820,11.92,0.32,N,4,644,0
67,54798,OWN,29.9,VENTURE,D,5381,11.03,0.1,Y,13,642,0
43,121234,MORTGAGE,5.4,DEBTCONSOLIDATION,B,39163,8.62,0.32,N,5,720,0
29,70499,OWN,5.5,EDUCATION,C,12965,7.55,0.18,N,5,694,0
55,66513,RENT,11.8,HOMEIMPROVEMENT,C,25429,11.98,0.38,N,7,694,0
40,37866,RENT,4.9,VENTURE,D,4649,13.04,0.12,N,13,633,0
62,20121,MORTGAGE,30.9,EDUCATION,B,3643,8.91,0.18,N,19,737,0
55,43257,RENT,14.2,VENTURE,B,6962,11.26,0.16,N,16,717,0
38,101110,RENT,7.6,VENTURE,B,31641,10.63,0.31,N,7,720,0
37,19608,MORTGAGE,4.2,HOMEIMPROVEMENT,B,9172,10.17,0.47,N,7,709,0
44,26028,MORTGAGE,9.6,MEDICAL,E,8815,13.14,0.34,Y,10,585,1
23,52878,MORTGAGE,3.6,EDUCATION,B,5881,9.2,0.11,N,1,716,0
52,27152,RENT,12.0,VENTURE,B,8401,7.39,0.31,N,8,701,0
55,30469,MORTGAGE,28.3,VENTURE,B,11984,10.23,0.39,N,16,733,0
58,38018,RENT,30.5,PERSONAL,C,6543,10.55,0.17,Y,11,661,0
33,21603,RENT,3.0,DEBTCONSOLIDATION,B,3152,10.96,0.15,N,8,709,0
67,27324,MORTGAGE,11.0,MEDICAL,C,2637,11.39,0.1,N,16,679,0
45,74761,RENT,19.0,HOMEIMPROVEMENT,B,21580,9.54,0.29,N,6,708,0
29,22372,RENT,4.1,EDUCATION,D,11900,12.51,0.53,N,3,648,1
24,18793,MORTGAGE,0.6,VENTURE,C,6524,9.95,0.35,N,2,652,0
34,33590,RENT,4.7,DEBTCONSOLIDATION,C,15328,8.07,0.46,N,3,679,0
57,76052,OWN,20.2,EDUCATION,B,17838,8.14,0.23,N,10,741,0
54,43557,MORTGAGE,23.7,HOMEIMPROVEMENT,B,13926,9.43,0.32,N,13,728,0
31,37095,OTHER,2.5,MEDICAL,B,7325,10.0,0.2,N,4,730,0
61,50343,RENT,7.6,PERSONAL,C,6482,9.87,0.13,N,25,697,0
23,18000,MORTGAGE,3.7,MEDICAL,B,4135,7.88,0.23,N,3,713,0
48,65961,RENT,18.8,PERSONAL,C,8341,11.72,0.13,N,8,696,0
49,61701,MORTGAGE,15.9,EDUCATION,C,25643,9.16,0.42,N,8,698,0
29,38346,RENT,7.0,MEDICAL,C,8878,10.59,0.23,N,5,688,0
23,89639,RENT,2.0,MEDICAL,D,40000,12.31,0.45,N,3,638,1
45,24921,MORTGAGE,17.0,MEDICAL,B,3234,9.28,0.13,N,18,715,0
54,96446,RENT,13.0,HOMEIMPROVEMENT,B,30529,6.01,0.32,N,7,723,0
32,53782,RENT,3.8,EDUCATION,C,25721,8.91,0.48,N,5,691,0
62,40057,RENT,26.9,PERSONAL,C,13227,11.26,0.33,Y,24,670,0
29,48439,MORTGAGE,4.3,MEDICAL,D,22053,14.28,0.46,N,6,626,1
35,45965,RENT,13.4,EDUCATION,C,13604,11.49,0.3,Y,3,673,0
60,101943,RENT,14.5,DEBTCONSOLIDATION,B,31502,10.12,0.31,N,22,708,0
45,25693,RENT,20.1,HOMEIMPROVEMENT,C,8468,7.21,0.33,N,9,682,0
25,31023,MORTGAGE,5.3,HOMEIMPROVEMENT,C,11783,11.56,0.38,N,1,689,0
31,91288,MORTGAGE,3.5,DEBTCONSOLIDATION,B,40000,10.47,0.44,N,5,718,0
54,34292,RENT,23.7,EDUCATION,B,7432,10.31,0.22,N,10,706,0
44,84146,RENT,10.5,PERSONAL,D,23805,11.9,0.28,Y,14,640,0
35,135898,RENT,12.6,EDUCATION,A,8997,7.77,0.07,N,9,785,0
58,38519,RENT,16.6,EDUCATION,C,13925,12.5,0.36,N,24,667,0
28,73778,RENT,6.2,VENTURE,F,13010,14.53,0.18,Y,3,539,1
25,24533,MORTGAGE,3.0,HOMEIMPROVEMENT,C,7309,10.51,0.3,N,1,690,0
46,77098,MORTGAGE,7.3,PERSONAL,B,7655,7.66,0.1,N,9,749,0
38,55251,OWN,4.8,VENTURE,E,6046,13.46,0.11,Y,8,577,0
26,65109,RENT,3.2,DEBTCONSOLIDATION,C,14051,9.99,0.22,N,4,694,0
57,33278,MORTGAGE,24.5,EDUCATION,B,9558,10.52,0.29,N,15,701,0
33,18094,MORTGAGE,7.9,DEBTCONSOLIDATION,B,1263,8.86,0.07,N,7,701,0
48,66300,MORTGAGE,17.5,HOMEIMPROVEMENT,C,9932,10.79,0.15,N,13,657,0
25,18000,MORTGAGE,2.1,VENTURE,D,1829,12.02,0.1,N,1,639,0
33,40521,RENT,6.6,VENTURE,B,10210,9.29,0.25,N,7,705,0
37,86224,RENT,2.5,PERSONAL,B,9296,9.69,0.11,N,7,706,0
60,55002,MORTGAGE,28.2,EDUCATION,A,30715,5.81,0.56,N,25,766,0
65,157787,RENT,37.3,PERSONAL,A,16738,8.64,0.11,Y,25,759,0
52,90677,RENT,13.1,VENTURE,D,36675,11.63,0.4,Y,8,606,1
49,33112,RENT,3.3,VENTURE,B,5853,7.26,0.18,N,13,710,0
23,49830,RENT,1.1,PERSONAL,B,10424,8.68,0.21,N,2,745,0
60,47647,MORTGAGE,23.4,VENTURE,B,6451,9.15,0.14,N,10,732,0
54,18971,RENT,19.0,MEDICAL,B,7411,10.04,0.39,N,21,708,0
60,27882,RENT,27.4,HOMEIMPROVEMENT,C,1865,10.34,0.07,Y,13,699,0
47,35015,MORTGAGE,8.1,EDUCATION,D,7095,12.81,0.2,Y,13,618,0
33,18000,MORTGAGE,9.5,HOMEIMPROVEMENT,D,1198,14.13,0.07,N,10,626,0
65,50437,OWN,27.3,EDUCATION,B,21838,9.68,0.43,N,22,739,0
53,42216,RENT,11.4,VENTURE,B,5167,9.87,0.12,N,14,738,0
26,18000,OWN,3.9,PERSONAL,B,2552,9.41,0.14,N,1,735,0
44,62475,MORTGAGE,5.3,PERSONAL,C,15148,12.26,0.24,N,6,657,0
39,75321,MORTGAGE,8.8,VENTURE,C,36648,10.51,0.49,N,10,651,0
36,56174,RENT,12.9,EDUCATION,D,16687,13.39,0.3,Y,8,610,0
60,40358,MORTGAGE,16.6,VENTURE,B,8048,11.16,0.2,N,16,707,0
48,69903,MORTGAGE,20.6,EDUCATION,A,14158,7.71,0.2,N,19,752,0
53,73727,MORTGAGE,18.0,VENTURE,C,9807,11.85,0.13,N,12,695,0
61,58949,RENT,10.1,VENTURE,C,22247,10.49,0.38,Y,20,656,1
33,29888,RENT,7.6,VENTURE,B,12873,10.22,0.43,N,7,704,0
63,57870,MORTGAGE,20.4,PERSONAL,B,23444,6.79,0.41,N,20,743,0
65,100437,OWN,17.8,EDUCATION,C,7038,11.8,0.07,Y,20,669,0
45,34269,RENT,5.0,DEBTCONSOLIDATION,D,7500,14.35,0.22,N,9,607,1
62,172605,MORTGAGE,17.2,VENTURE,A,40000,5.86,0.23,N,28,821,0
56,35761,MORTGAGE,5.7,HOMEIMPROVEMENT,C,10132,8.81,0.28,N,16,662,0
47,49983,MORTGAGE,4.9,HOMEIMPROVEMENT,B,20089,9.63,0.4,N,13,702,0
58,32745,MORTGAGE,15.6,PERSONAL,B,2764,7.63,0.08,N,21,722,0
27,56047,RENT,2.8,MEDICAL,B,16408,9.03,0.29,N,2,724,0
25,18000,OWN,5.2,DEBTCONSOLIDATION,C,2522,11.38,0.14,N,4,684,0
63,35326,MORTGAGE,16.3,PERSONAL,C,14806,10.5,0.42,N,20,695,0
65,25456,MORTGAGE,29.6,MEDICAL,B,7210,6.29,0.28,N,24,733,0
51,53167,RENT,15.5,PERSONAL,C,11119,10.38,0.21,Y,19,660,0
43,89024,MORTGAGE,14.8,HOMEIMPROVEMENT,C,7652,10.13,0.09,N,15,694,0
62,72229,RENT,12.4,VENTURE,A,4987,8.84,0.07,N,17,793,0
30,18000,RENT,9.1,EDUCATION,C,3638,9.85,0.2,N,7,686,0
52,166915,MORTGAGE,16.0,VENTURE,A,36500,7.88,0.22,N,11,781,0
63,58522,MORTGAGE,30.7,HOMEIMPROVEMENT,A,10483,6.72,0.18,N,23,803,0
50,30764,MORTGAGE,11.4,EDUCATION,C,6042,8.82,0.2,N,8,698,0
59,53867,RENT,7.0,MEDICAL,C,13781,10.22,0.26,N,8,659,0
51,54486,MORTGAGE,18.9,MEDICAL,E,24488,12.53,0.45,Y,8,597,1
38,32856,RENT,2.1,HOMEIMPROVEMENT,D,14557,13.21,0.44,N,7,646,1
56,55201,MORTGAGE,16.4,EDUCATION,C,7671,9.55,0.14,Y,8,665,0
22,34047,RENT,0.9,VENTURE,C,12961,9.98,0.38,N,2,680,0
34,38460,MORTGAGE,8.6,HOMEIMPROVEMENT,B,9333,7.75,0.24,N,5,732,0
33,32475,MORTGAGE,11.8,MEDICAL,D,8930,13.42,0.27,N,8,641,0
49,20751,RENT,13.2,HOMEIMPROVEMENT,B,2067,9.78,0.1,N,6,714,0
32,53503,RENT,9.4,VENTURE,B,1960,10.52,0.04,N,4,738,0
59,69645,MORTGAGE,18.7,PERSONAL,B,15010,5.0,0.22,N,16,747,0
22,66764,MORTGAGE,1.8,DEBTCONSOLIDATION,D,7920,13.62,0.12,N,1,616,0
52,80174,MORTGAGE,25.5,DEBTCONSOLIDATION,B,7294,6.99,0.09,N,9,742,0
33,59551,MORTGAGE,10.8,DEBTCONSOLIDATION,B,27978,8.26,0.47,N,10,716,0
66,35609,RENT,31.2,PERSONAL,B,9515,9.17,0.27,N,16,706,0
47,81129,RENT,8.9,VENTURE,C,23870,10.69,0.29,N,16,665,0
61,21709,RENT,20.7,EDUCATION,B,6889,8.87,0.32,N,13,724,0
37,28555,RENT,4.9,HOMEIMPROVEMENT,D,5134,10.83,0.18,Y,12,627,0
60,27487,MORTGAGE,17.3,VENTURE,B,8965,9.26,0.33,N,16,707,0
51,93716,RENT,14.5,PERSONAL,C,39205,9.8,0.42,N,21,690,0
54,86307,OWN,24.6,MEDICAL,B,15572,7.06,0.18,N,13,703,0
44,65669,MORTGAGE,18.9,DEBTCONSOLIDATION,A,9025,8.11,0.14,N,5,766,0
65,93261,MORTGAGE,18.3,DEBTCONSOLIDATION,A,7767,5.02,0.08,N,21,850,0
55,28924,OWN,4.2,VENTURE,D,5191,12.15,0.18,N,17,628,0
26,60424,RENT,5.6,DEBTCONSOLIDATION,B,15326,7.93,0.25,N,2,731,0
39,45473,MORTGAGE,4.7,DEBTCONSOLIDATION,C,21254,10.82,0.47,N,6,663,1
50,81481,RENT,17.1,VENTURE,B,19966,5.24,0.25,N,18,737,0
27,45746,RENT,1.1,VENTURE,C,5405,9.2,0.12,N,1,688,0
30,38911,MORTGAGE,4.6,PERSONAL,A,8683,7.02,0.22,N,5,763,0
61,67815,RENT,34.0,PERSONAL,B,7571,8.39,0.11,N,20,738,0
52,82925,OTHER,5.8,DEBTCONSOLIDATION,C,34487,10.52,0.42,N,18,670,0
54,32826,MORTGAGE,14.3,VENTURE,B,7439,10.91,0.23,N,7,705,0
48,47256,MORTGAGE,9.5,VENTURE,B,21501,7.94,0.45,N,14,701,0
35,25976,RENT,12.5,DEBTCONSOLIDATION,B,7332,9.51,0.28,N,3,739,0
50,18000,MORTGAGE,22.7,EDUCATION,B,9876,12.49,0.55,N,10,705,0
57,55286,RENT,10.4,MEDICAL,B,15944,8.69,0.29,N,17,707,0
49,70639,MORTGAGE,4.9,HOMEIMPROVEMENT,D,25402,13.73,0.36,Y,20,603,1
42,57367,RENT,12.9,HOMEIMPROVEMENT,B,26951,11.51,0.47,N,6,709,0
24,18000,MORTGAGE,2.0,DEBTCONSOLIDATION,D,5597,13.57,0.31,N,1,641,0
40,39715,RENT,12.6,HOMEIMPROVEMENT,C,15919,9.32,0.4,N,11,696,0
52,18000,RENT,4.2,PERSONAL,D,3088,14.23,0.17,Y,13,604,1
56,111504,MORTGAGE,7.3,PERSONAL,C,34763,11.54,0.31,N,19,680,0
24,25549,RENT,3.5,EDUCATION,B,5952,10.43,0.23,N,4,733,0
47,104114,MORTGAGE,7.2,DEBTCONSOLIDATION,C,40000,11.57,0.38,N,20,671,0
37,86467,RENT,13.3,PERSONAL,C,30625,11.42,0.35,N,7,699,0
32,28556,RENT,2.0,DEBTCONSOLIDATION,D,2585,11.4,0.09,N,6,632,0
42,24842,MORTGAGE,6.0,DEBTCONSOLIDATION,C,7073,9.78,0.28,N,15,673,0
37,60489,RENT,15.2,VENTURE,B,15308,5.47,0.25,N,4,729,0
30,29537,RENT,4.8,MEDICAL,E,2279,12.31,0.08,Y,5,593,1
21,52129,MORTGAGE,1.8,MEDICAL,E,9990,13.65,0.19,Y,1,555,1
42,36691,RENT,5.5,DEBTCONSOLIDATION,C,10092,7.86,0.28,N,8,670,0
46,18000,RENT,14.8,MEDICAL,C,4640,10.01,0.26,N,19,690,0
38,18000,RENT,12.2,MEDICAL,D,5779,14.12,0.32,Y,11,607,1
34,56162,RENT,5.1,HOMEIMPROVEMENT,C,24866,9.44,0.44,Y,6,662,1
67,34998,MORTGAGE,33.3,HOMEIMPROVEMENT,C,6447,12.85,0.18,Y,30,687,0
49,35176,RENT,16.2,VENTURE,B,4993,9.45,0.14,N,13,724,0
32,74422,MORTGAGE,5.2,EDUCATION,B,15172,10.44,0.2,N,8,715,0
56,99117,RENT,18.6,PERSONAL,A,15008,7.83,0.15,N,12,756,0
55,41625,RENT,18.6,PERSONAL,D,11196,10.59,0.27,Y,11,626,0
32,39960,RENT,3.0,HOMEIMPROVEMENT,C,4848,11.72,0.12,N,4,659,0
27,66176,MORTGAGE,3.4,DEBTCONSOLIDATION,A,13085,8.21,0.2,N,4,783,0
49,21716,OWN,10.6,MEDICAL,C,2712,9.53,0.12,N,10,695,0
31,56043,MORTGAGE,4.9,VENTURE,B,8118,9.99,0.14,N,3,701,0
53,68263,OTHER,22.1,EDUCATION,C,10206,10.52,0.15,Y,24,671,0
26,73728,RENT,3.5,HOMEIMPROVEMENT,C,16622,9.56,0.23,N,5,671,0
67,18000,RENT,37.2,DEBTCONSOLIDATION,A,1146,8.18,0.06,N,25,763,0
35,31044,RENT,5.2,VENTURE,F,15846,13.31,0.51,Y,10,547,1
52,28941,RENT,13.3,DEBTCONSOLIDATION,B,6455,10.01,0.22,N,22,725,0
31,52048,RENT,8.5,VENTURE,D,3075,15.15,0.06,Y,6,634,0
43,65411,RENT,12.1,HOMEIMPROVEMENT,B,24902,10.08,0.38,N,11,739,0
46,120333,RENT,13.5,VENTURE,A,33701,7.81,0.28,N,17,750,0
54,36425,RENT,4.9,MEDICAL,C,11066,10.35,0.3,N,17,694,1
66,36368,RENT,18.2,VENTURE,C,10021,11.95,0.28,N,12,680,0
54,97714,RENT,10.4,EDUCATION,B,8095,8.41,0.08,N,13,735,0
49,58568,MORTGAGE,24.8,VENTURE,C,12230,10.72,0.21,Y,13,692,0
24,104881,RENT,1.9,PERSONAL,B,27983,10.47,0.27,N,4,708,0
37,58292,MORTGAGE,13.7,VENTURE,C,21883,11.51,0.38,N,10,652,0
55,24482,MORTGAGE,21.2,DEBTCONSOLIDATION,C,12110,11.25,0.49,Y,23,657,0
33,22029,RENT,5.1,HOMEIMPROVEMENT,B,4317,10.93,0.2,N,8,709,0
61,19323,RENT,20.7,PERSONAL,C,2793,13.32,0.14,N,15,665,0
59,72928,RENT,28.2,HOMEIMPROVEMENT,B,27640,8.3,0.38,N,22,739,0
35,100023,MORTGAGE,12.2,DEBTCONSOLIDATION,A,21626,9.8,0.22,N,5,755,0
49,148689,RENT,6.6,EDUCATION,B,5275,6.54,0.04,N,12,728,0
49,81296,RENT,10.5,MEDICAL,D,12718,13.33,0.16,Y,18,604,1
31,98489,RENT,4.4,EDUCATION,C,36432,7.6,0.37,N,6,660,0
52,34613,MORTGAGE,4.4,PERSONAL,C,1354,8.63,0.04,N,20,695,0
22,24493,RENT,2.1,DEBTCONSOLIDATION,B,1000,7.37,0.04,N,1,723,0
67,81637,MORTGAGE,34.2,DEBTCONSOLIDATION,B,10065,11.07,0.12,N,28,733,0
34,62982,MORTGAGE,5.9,MEDICAL,C,21141,10.7,0.34,N,4,652,0
40,52285,MORTGAGE,13.6,VENTURE,C,17922,9.87,0.34,N,10,690,0
42,61847,MORTGAGE,12.9,PERSONAL,C,9115,10.17,0.15,Y,10,672,0
31,59510,MORTGAGE,4.7,MEDICAL,A,11020,5.64,0.19,N,6,759,0
47,105904,OWN,5.8,HOMEIMPROVEMENT,B,14460,9.29,0.14,N,7,725,0
23,106616,MORTGAGE,3.0,MEDICAL,D,8667,11.98,0.08,Y,1,628,0
37,67950,RENT,13.3,HOMEIMPROVEMENT,C,19684,8.97,0.29,N,10,682,0
64,81428,RENT,26.7,HOMEIMPROVEMENT,A,4523,8.34,0.06,N,22,809,0
48,66731,MORTGAGE,3.4,DEBTCONSOLIDATION,D,19461,13.33,0.29,N,14,646,1
49,37171,MORTGAGE,7.8,MEDICAL,C,9515,7.87,0.26,N,14,696,0
41,77183,MORTGAGE,3.4,DEBTCONSOLIDATION,A,6407,6.84,0.08,N,15,757,0
67,21232,MORTGAGE,24.5,DEBTCONSOLIDATION,B,3182,9.75,0.15,N,30,719,0
36,92257,MORTGAGE,11.3,EDUCATION,C,17667,9.37,0.19,N,6,686,0
57,23939,RENT,6.9,EDUCATION,B,5633,9.25,0.24,N,14,702,0
40,58190,MORTGAGE,15.1,DEBTCONSOLIDATION,D,13196,9.72,0.23,Y,10,648,0
26,29522,RENT,3.9,DEBTCONSOLIDATION,C,6825,8.22,0.23,N,1,697,0
39,68325,OWN,12.2,HOMEIMPROVEMENT,B,8771,7.59,0.13,N,7,741,0
25,48033,MORTGAGE,5.5,DEBTCONSOLIDATION,C,22521,10.14,0.47,N,2,690,0
23,18828,MORTGAGE,0.8,PERSONAL,C,1981,10.24,0.11,N,1,690,0
21,63096,RENT,2.2,MEDICAL,B,15117,7.98,0.24,N,1,714,0
58,34656,RENT,7.5,PERSONAL,B,13561,7.17,0.39,N,15,724,0
35,83173,RENT,6.4,EDUCATION,C,18079,8.36,0.22,N,4,681,0
54,49059,MORTGAGE,25.1,PERSONAL,B,4472,10.1,0.09,N,23,733,0
55,62146,MORTGAGE,27.2,VENTURE,B,12238,12.79,0.2,Y,23,701,0
45,27596,RENT,12.3,VENTURE,B,2502,10.13,0.09,N,17,705,0
44,34420,MORTGAGE,13.4,EDUCATION,E,10311,9.43,0.3,Y,10,582,0
32,37228,MORTGAGE,8.3,PERSONAL,C,20243,11.14,0.54,N,3,679,0
38,81962,RENT,13.7,MEDICAL,B,10896,11.04,0.13,N,5,712,0
35,134111,MORTGAGE,3.1,EDUCATION,B,30131,7.86,0.22,Y,5,726,0
64,30239,MORTGAGE,30.7,VENTURE,B,1000,10.49,0.03,Y,14,715,0
36,93536,MORTGAGE,7.9,EDUCATION,B,37462,9.98,0.4,N,11,741,0
47,18000,MORTGAGE,12.0,PERSONAL,C,3751,11.72,0.21,N,20,695,0
28,23944,MORTGAGE,4.0,PERSONAL,B,2395,8.76,0.1,N,6,700,0
66,27576,OTHER,21.9,PERSONAL,B,7789,9.75,0.28,N,27,700,0
45,21774,RENT,20.6,HOMEIMPROVEMENT,C,4555,10.43,0.21,N,13,683,0
37,18955,MORTGAGE,9.2,PERSONAL,C,1526,12.63,0.08,N,11,667,0
49,62805,RENT,23.8,DEBTCONSOLIDATION,A,5965,5.31,0.09,N,20,820,0
28,43112,RENT,2.3,VENTURE,B,2854,10.74,0.07,N,5,710,0
35,61552,RENT,10.3,VENTURE,D,33405,12.05,0.54,N,4,635,0
47,74182,RENT,19.4,HOMEIMPROVEMENT,A,17003,9.13,0.23,N,8,763,0
66,57490,OWN,27.6,VENTURE,B,26640,9.44,0.46,Y,23,743,0
27,72740,OWN,4.7,VENTURE,D,22713,10.54,0.31,N,3,639,0
23,47017,RENT,2.5,EDUCATION,B,5278,9.55,0.11,N,3,716,0
49,24047,MORTGAGE,21.8,PERSONAL,C,8741,9.68,0.36,N,15,665,0
64,92474,MORTGAGE,31.1,DEBTCONSOLIDATION,A,5910,6.08,0.06,N,24,814,0
44,34424,MORTGAGE,4.8,DEBTCONSOLIDATION,D,9290,15.16,0.27,N,5,606,1
23,27963,MORTGAGE,3.5,EDUCATION,C,5427,9.46,0.19,N,2,685,0
40,44057,RENT,8.6,DEBTCONSOLIDATION,B,8912,8.29,0.2,N,9,714,0
66,28348,MORTGAGE,13.3,EDUCATION,C,3375,10.63,0.12,N,26,659,0
35,38159,MORTGAGE,12.1,DEBTCONSOLIDATION,C,4227,12.01,0.11,Y,6,656,0
45,60260,MORTGAGE,10.9,VENTURE,D,22895,13.45,0.38,Y,18,609,1
50,60415,OWN,21.3,MEDICAL,A,22750,7.83,0.38,N,17,776,0
34,28604,OWN,4.6,PERSONAL,D,3498,10.26,0.12,N,8,641,0
27,36584,MORTGAGE,0.9,MEDICAL,B,2996,8.61,0.08,N,5,721,0
37,93395,MORTGAGE,8.5,VENTURE,C,40000,11.87,0.43,N,13,696,0
64,66028,OTHER,7.8,HOMEIMPROVEMENT,B,20463,6.06,0.31,N,13,742,0
40,170252,RENT,13.8,EDUCATION,A,40000,6.84,0.23,N,13,803,0
56,99516,RENT,11.1,DEBTCONSOLIDATION,B,13002,8.63,0.13,N,10,722,0
29,97399,RENT,4.5,DEBTCONSOLIDATION,B,16941,9.97,0.17,N,4,712,0
58,21317,MORTGAGE,6.4,VENTURE,B,2256,9.1,0.11,N,10,724,0
42,77521,MORTGAGE,7.2,DEBTCONSOLIDATION,B,17077,6.58,0.22,N,12,726,0
22,47483,RENT,2.6,VENTURE,C,3311,10.7,0.07,N,1,694,0
44,35221,OTHER,5.4,MEDICAL,C,4594,9.25,0.13,N,13,665,0
28,54220,MORTGAGE,5.5,HOMEIMPROVEMENT,B,5341,7.34,0.1,N,5,717,0
31,86433,MORTGAGE,9.6,EDUCATION,C,31374,10.76,0.36,N,6,666,0
33,66204,RENT,8.6,DEBTCONSOLIDATION,B,13304,8.09,0.2,N,5,730,0
37,28938,MORTGAGE,12.7,HOMEIMPROVEMENT,C,10674,9.8,0.37,Y,11,656,0
28,76532,MORTGAGE,1.8,HOMEIMPROVEMENT,C,17451,10.1,0.23,N,4,666,0
41,33437,MORTGAGE,6.3,HOMEIMPROVEMENT,C,11867,9.68,0.35,N,10,663,0
38,55826,MORTGAGE,14.5,PERSONAL,C,9737,12.11,0.17,N,13,695,0
50,40863,MORTGAGE,19.2,HOMEIMPROVEMENT,B,17542,8.96,0.43,N,10,737,0
38,42988,RENT,11.0,VENTURE,B,7943,9.21,0.18,N,9,706,0
66,77632,MORTGAGE,27.1,PERSONAL,B,10722,9.51,0.14,N,25,741,0
67,26262,RENT,19.1,PERSONAL,B,15673,9.26,0.6,N,12,703,0
51,157489,RENT,4.3,HOMEIMPROVEMENT,B,14531,8.41,0.09,N,12,727,0
58,18000,RENT,26.0,DEBTCONSOLIDATION,B,3063,10.48,0.17,N,24,718,0
52,34248,RENT,19.6,DEBTCONSOLIDATION,C,4553,9.12,0.13,N,10,683,0
31,61213,RENT,5.6,DEBTCONSOLIDATION,B,21771,7.61,0.36,N,5,716,0
65,69604,MORTGAGE,34.3,DEBTCONSOLIDATION,B,17181,10.06,0.25,N,24,718,0
45,46152,MORTGAGE,9.1,VENTURE,B,10268,8.37,0.22,N,14,749,0
53,47361,RENT,10.7,DEBTCONSOLIDATION,B,11058,9.56,0.23,N,19,710,0
58,62713,MORTGAGE,28.4,EDUCATION,D,31257,10.78,0.5,Y,25,646,0
61,42674,RENT,28.3,HOMEIMPROVEMENT,C,9975,11.64,0.23,Y,17,664,0
28,113086,RENT,4.6,PERSONAL,A,26802,5.26,0.24,N,5,775,0
31,81113,MORTGAGE,2.5,EDUCATION,E,6147,10.04,0.08,Y,7,593,0
42,82759,MORTGAGE,6.0,DEBTCONSOLIDATION,C,26473,10.46,0.32,N,8,654,0
44,27455,MORTGAGE,14.5,EDUCATION,B,12842,10.12,0.47,N,17,715,0
61,46740,RENT,15.9,PERSONAL,C,24892,12.89,0.53,N,27,655,0
37,40934,MORTGAGE,13.0,DEBTCONSOLIDATION,C,3415,10.77,0.08,N,6,690,0
32,26812,MORTGAGE,10.7,EDUCATION,D,2182,10.73,0.08,Y,7,620,0
66,60845,OWN,31.9,VENTURE,B,8919,7.49,0.15,Y,26,725,0
52,35504,RENT,12.4,VENTURE,B,4716,10.34,0.13,N,14,736,0
35,72637,MORTGAGE,11.1,HOMEIMPROVEMENT,D,25507,13.22,0.35,Y,10,628,0
36,25793,MORTGAGE,6.2,HOMEIMPROVEMENT,C,14367,11.36,0.56,N,9,671,0
42,137506,OTHER,5.2,EDUCATION,B,38127,9.9,0.28,N,12,736,0
48,28629,RENT,3.7,PERSONAL,D,6859,11.62,0.24,N,9,644,0
40,55914,MORTGAGE,8.1,VENTURE,C,2717,9.91,0.05,N,8,681,0
53,78835,RENT,25.6,MEDICAL,C,17208,10.23,0.22,N,14,673,0
30,34808,MORTGAGE,3.2,HOMEIMPROVEMENT,C,6633,11.61,0.19,Y,6,667,0
60,81754,RENT,10.3,VENTURE,C,31127,10.64,0.38,N,21,679,0
52,23446,RENT,26.5,DEBTCONSOLIDATION,B,1059,5.51,0.05,N,8,738,0
53,117157,MORTGAGE,4.1,EDUCATION,B,38233,10.13,0.33,N,12,727,0
22,49438,RENT,2.6,VENTURE,C,5680,11.69,0.11,N,1,662,0
53,34274,RENT,11.4,VENTURE,C,7916,11.11,0.23,N,19,668,0
53,40965,RENT,4.4,EDUCATION,D,12351,13.36,0.3,N,20,648,0
61,79646,RENT,31.9,HOMEIMPROVEMENT,C,19284,9.82,0.24,N,19,655,0
33,34521,OWN,3.0,HOMEIMPROVEMENT,D,5084,10.66,0.15,Y,3,615,0
50,31269,MORTGAGE,15.6,MEDICAL,A,18648,8.63,0.6,N,11,757,0
53,42919,MORTGAGE,10.2,MEDICAL,C,8389,9.03,0.2,N,11,683,0
33,24193,RENT,2.2,HOMEIMPROVEMENT,D,8898,13.81,0.37,N,8,646,0
46,146140,OWN,3.8,HOMEIMPROVEMENT,B,7444,7.7,0.05,N,8,729,0
42,34897,MORTGAGE,4.3,HOMEIMPROVEMENT,B,5548,8.56,0.16,N,10,700,0
59,80738,MORTGAGE,6.1,HOMEIMPROVEMENT,B,8657,7.61,0.11,N,21,746,0
22,55585,MORTGAGE,2.5,VENTURE,D,22721,10.89,0.41,N,2,645,0
58,27153,MORTGAGE,17.6,MEDICAL,B,6304,8.37,0.23,N,27,723,0
59,48845,MORTGAGE,13.9,EDUCATION,B,7758,8.9,0.16,N,27,711,0
46,78464,RENT,11.0,PERSONAL,C,8905,10.17,0.11,Y,15,665,0
66,43784,RENT,36.0,EDUCATION,A,9519,5.23,0.22,N,27,767,0
35,100294,MORTGAGE,12.5,DEBTCONSOLIDATION,B,11415,10.33,0.11,N,9,702,0
54,90482,MORTGAGE,21.6,PERSONAL,B,10919,8.02,0.12,N,22,731,0
62,85080,RENT,31.6,VENTURE,B,12173,9.04,0.14,Y,29,712,0
64,37205,RENT,14.9,DEBTCONSOLIDATION,B,4213,7.51,0.11,N,19,710,0
60,25644,MORTGAGE,15.4,MEDICAL,B,6872,6.52,0.27,N,17,727,0
31,33922,MORTGAGE,6.9,PERSONAL,C,4582,9.87,0.14,N,5,688,0
23,55146,RENT,2.7,HOMEIMPROVEMENT,B,17793,11.44,0.32,N,2,717,0
26,68014,RENT,3.5,DEBTCONSOLIDATION,D,6557,13.86,0.1,N,4,637,1
29,18000,MORTGAGE,4.2,VENTURE,B,1000,8.21,0.06,N,6,702,0
26,48782,MORTGAGE,6.3,PERSONAL,E,15510,12.51,0.32,Y,3,571,1
29,53898,RENT,7.4,HOMEIMPROVEMENT,C,9542,10.79,0.18,Y,4,671,0
59,41501,MORTGAGE,16.6,DEBTCONSOLIDATION,B,11371,5.58,0.27,N,28,702,0
51,106379,MORTGAGE,20.1,VENTURE,B,20187,7.68,0.19,N,10,735,0
52,63137,MORTGAGE,9.8,DEBTCONSOLIDATION,C,9305,10.5,0.15,N,10,683,0
61,107593,OWN,7.3,PERSONAL,B,40000,8.33,0.37,N,23,731,0
32,43063,OWN,4.9,HOMEIMPROVEMENT,B,13243,6.73,0.31,N,4,702,0
28,86033,RENT,3.8,MEDICAL,B,9977,6.83,0.12,N,3,702,0
28,130749,RENT,1.1,VENTURE,B,40000,6.5,0.31,N,3,732,0
48,107690,RENT,20.1,PERSONAL,B,39867,8.25,0.37,N,8,741,0
40,25456,RENT,7.7,HOMEIMPROVEMENT,C,2927,8.41,0.11,N,10,699,0
67,42099,RENT,24.8,MEDICAL,C,14922,12.74,0.35,Y,18,675,0
27,39850,RENT,1.4,DEBTCONSOLIDATION,C,11653,8.62,0.29,Y,3,668,0
31,65745,OWN,2.9,HOMEIMPROVEMENT,B,16293,11.45,0.25,N,3,701,0
40,73999,MORTGAGE,15.9,MEDICAL,B,13628,6.72,0.18,N,12,736,0
36,29633,MORTGAGE,9.5,PERSONAL,B,7348,12.7,0.25,N,6,723,0
24,51057,MORTGAGE,4.6,HOMEIMPROVEMENT,C,4027,11.59,0.08,N,2,669,0
26,18000,RENT,6.4,HOMEIMPROVEMENT,D,1113,8.85,0.06,Y,2,618,0
42,116444,RENT,8.6,EDUCATION,B,31528,11.21,0.27,N,10,708,0
46,36046,RENT,8.7,VENTURE,C,14836,9.28,0.41,N,12,689,0
23,50691,MORTGAGE,3.5,HOMEIMPROVEMENT,C,9662,11.06,0.19,N,2,699,0
61,40709,RENT,34.4,MEDICAL,A,10649,6.37,0.26,N,29,805,0
62,97500,MORTGAGE,23.8,VENTURE,A,29191,6.17,0.3,N,28,795,0
34,18000,MORTGAGE,10.5,PERSONAL,D,2026,10.92,0.11,N,8,646,0
31,48534,RENT,8.4,VENTURE,B,4024,7.2,0.08,N,2,722,0
38,46005,RENT,7.0,EDUCATION,B,19393,8.88,0.42,N,10,703,0
32,37339,MORTGAGE,7.0,PERSONAL,C,10685,8.07,0.29,N,3,688,0
43,138100,OWN,17.1,HOMEIMPROVEMENT,B,36993,8.03,0.27,N,13,729,0
32,28784,MORTGAGE,8.1,DEBTCONSOLIDATION,B,2918,8.48,0.1,N,5,747,0
33,77891,RENT,1.7,PERSONAL,B,15157,10.91,0.19,N,9,710,0
45,60703,MORTGAGE,9.1,PERSONAL,C,8330,12.67,0.14,N,18,674,0
65,104496,RENT,9.5,EDUCATION,A,23321,7.86,0.22,N,19,757,0
39,32849,OTHER,5.5,MEDICAL,B,2086,7.48,0.06,N,9,715,0
66,31578,MORTGAGE,35.2,PERSONAL,D,11415,11.38,0.36,Y,23,641,0
56,94621,MORTGAGE,4.8,MEDICAL,C,33641,10.29,0.36,N,11,671,0
65,63271,RENT,11.9,VENTURE,C,28634,12.69,0.45,N,30,665,0
28,19400,MORTGAGE,3.2,DEBTCONSOLIDATION,C,2133,12.31,0.11,Y,4,656,0
49,35469,RENT,16.5,EDUCATION,B,2586,8.69,0.07,N,8,742,0
52,61810,RENT,16.1,HOMEIMPROVEMENT,B,22828,10.68,0.37,N,19,740,0
64,81036,RENT,11.6,PERSONAL,B,15157,8.04,0.19,N,14,727,0
38,32612,OWN,4.3,DEBTCONSOLIDATION,C,4738,11.66,0.15,N,5,665,0
26,18000,MORTGAGE,2.1,DEBTCONSOLIDATION,D,8003,11.1,0.44,N,3,628,0
38,67099,RENT,9.0,MEDICAL,B,18461,7.72,0.28,N,10,739,0
39,23571,MORTGAGE,6.1,PERSONAL,B,3226,6.35,0.14,N,10,706,0
42,18000,RENT,18.3,DEBTCONSOLIDATION,D,2299,11.83,0.13,Y,12,634,0
57,18000,RENT,16.6,EDUCATION,C,4991,9.89,0.28,N,10,698,0
52,79888,RENT,4.8,HOMEIMPROVEMENT,B,21284,8.38,0.27,N,14,734,0
61,52953,MORTGAGE,26.3,VENTURE,A,11522,8.62,0.22,N,16,755,0
23,42813,MORTGAGE,1.7,VENTURE,C,8948,11.75,0.21,N,3,680,0
48,112804,MORTGAGE,16.7,MEDICAL,B,17497,8.25,0.16,N,6,744,0
30,71854,MORTGAGE,3.5,DEBTCONSOLIDATION,C,36319,11.96,0.51,N,4,654,1
55,129285,RENT,18.5,VENTURE,C,10634,10.41,0.08,Y,24,693,0
49,21255,MORTGAGE,19.9,MEDICAL,B,2280,10.97,0.11,N,21,709,0
35,48015,RENT,12.7,HOMEIMPROVEMENT,C,14099,10.47,0.29,N,10,699,0
53,18582,MORTGAGE,9.9,PERSONAL,D,3267,15.37,0.18,Y,8,603,0
27,42717,MORTGAGE,3.0,EDUCATION,D,18705,12.51,0.44,N,4,620,1
32,42227,MORTGAGE,5.9,HOMEIMPROVEMENT,B,19378,8.08,0.46,N,5,705,0
50,71393,MORTGAGE,24.0,HOMEIMPROVEMENT,B,38000,10.48,0.53,N,19,734,0
41,50379,MORTGAGE,16.8,VENTURE,B,10998,10.41,0.22,N,5,706,0
51,71256,RENT,5.4,VENTURE,D,15225,12.79,0.21,Y,9,621,1
44,74761,MORTGAGE,5.0,EDUCATION,E,10455,10.72,0.14,Y,11,590,1
40,178609,RENT,9.8,PERSONAL,A,28241,8.93,0.16,N,6,795,0
57,40571,RENT,6.8,HOMEIMPROVEMENT,B,7352,9.93,0.18,N,21,739,0
24,27872,MORTGAGE,2.1,DEBTCONSOLIDATION,C,10944,11.31,0.39,N,3,661,0
48,56820,MORTGAGE,6.1,VENTURE,B,8810,5.0,0.16,N,16,713,0
64,30291,RENT,25.1,HOMEIMPROVEMENT,C,7775,9.56,0.26,N,19,686,0
40,119273,OWN,16.8,PERSONAL,A,6926,10.68,0.06,N,14,759,0
44,41359,OWN,20.7,MEDICAL,B,3089,10.1,0.07,N,6,708,0
52,34914,MORTGAGE,12.3,PERSONAL,D,4833,10.51,0.14,Y,11,613,0
61,36945,MORTGAGE,22.3,HOMEIMPROVEMENT,B,1990,8.03,0.05,N,19,725,0
56,75436,MORTGAGE,26.6,HOMEIMPROVEMENT,B,20224,8.23,0.27,N,8,726,0
54,44593,RENT,6.6,EDUCATION,D,8999,13.8,0.2,Y,8,620,1
56,33356,MORTGAGE,22.1,HOMEIMPROVEMENT,B,14133,6.14,0.42,N,15,740,0
22,133147,OWN,1.5,VENTURE,D,29181,12.95,0.22,N,2,644,0
35,29328,OWN,4.2,DEBTCONSOLIDATION,D,12394,12.46,0.42,N,11,647,0
54,50078,OWN,13.7,EDUCATION,C,12660,14.27,0.25,Y,15,659,0
56,72503,RENT,5.8,HOMEIMPROVEMENT,B,17984,10.22,0.25,N,10,707,0
26,18420,RENT,4.7,PERSONAL,C,3666,9.23,0.2,N,2,653,0
59,65392,RENT,11.4,HOMEIMPROVEMENT,A,7810,6.69,0.12,N,15,793,0
62,26028,RENT,14.0,PERSONAL,A,13983,6.02,0.54,N,13,769,0
32,80311,RENT,2.6,PERSONAL,B,7344,9.94,0.09,N,3,709,0
23,27512,RENT,3.5,HOMEIMPROVEMENT,D,7411,14.07,0.27,N,2,641,0
65,74284,MORTGAGE,20.9,PERSONAL,B,10228,7.39,0.14,N,23,731,0
38,95177,MORTGAGE,10.0,DEBTCONSOLIDATION,C,9165,11.34,0.1,N,6,690,0
60,82195,MORTGAGE,20.9,MEDICAL,A,9525,6.88,0.12,N,24,759,0
41,56999,MORTGAGE,8.9,EDUCATION,B,22739,7.06,0.4,N,13,708,0
35,42668,RENT,4.0,HOMEIMPROVEMENT,B,3625,11.01,0.08,N,7,733,0
53,34687,RENT,21.8,MEDICAL,B,12383,9.31,0.36,N,8,722,0
55,118494,MORTGAGE,7.0,PERSONAL,C,9906,11.21,0.08,Y,24,673,0
46,32218,MORTGAGE,4.8,PERSONAL,C,4004,12.26,0.12,N,14,657,0
28,26311,MORTGAGE,6.0,EDUCATION,D,7757,9.06,0.29,N,3,636,0
56,73073,RENT,9.4,MEDICAL,D,31000,11.62,0.42,N,19,623,0
50,30403,RENT,10.1,MEDICAL,D,11475,9.83,0.38,Y,12,614,0
43,27721,MORTGAGE,10.8,HOMEIMPROVEMENT,C,2448,9.93,0.09,Y,12,665,0
62,20616,MORTGAGE,18.2,PERSONAL,A,1700,9.57,0.08,N,19,758,0
64,36689,OWN,27.4,VENTURE,C,12794,10.93,0.35,Y,20,680,0
34,46647,MORTGAGE,8.6,HOMEIMPROVEMENT,D,8734,11.28,0.19,Y,9,617,0
34,56718,MORTGAGE,8.8,HOMEIMPROVEMENT,C,19365,10.04,0.34,Y,8,688,0
22,86749,MORTGAGE,2.4,HOMEIMPROVEMENT,C,13799,10.25,0.16,N,1,673,0
57,67247,MORTGAGE,11.9,EDUCATION,E,29917,13.5,0.44,Y,9,590,1
25,43716,MORTGAGE,2.3,EDUCATION,D,6378,10.37,0.15,Y,2,646,0
58,43524,OWN,16.3,HOMEIMPROVEMENT,A,7415,7.44,0.17,N,16,765,0
65,66575,MORTGAGE,14.8,DEBTCONSOLIDATION,B,15984,9.59,0.24,Y,15,709,0
61,105191,OWN,33.9,VENTURE,A,40000,7.37,0.38,N,22,794,0
67,52880,RENT,32.8,MEDICAL,B,31894,8.61,0.6,N,14,744,0
34,36994,MORTGAGE,3.4,MEDICAL,C,15044,7.27,0.41,N,8,697,0
59,27018,MORTGAGE,4.3,PERSONAL,C,8451,8.86,0.31,N,24,664,0
45,20596,RENT,3.5,MEDICAL,E,5512,14.44,0.27,Y,7,575,1
40,73113,MORTGAGE,6.0,MEDICAL,B,14611,8.82,0.2,N,11,714,0
22,69340,RENT,0.7,VENTURE,D,32684,11.69,0.47,N,2,612,0
59,69315,MORTGAGE,19.4,MEDICAL,B,18270,8.83,0.26,N,12,714,0
26,45378,MORTGAGE,5.6,VENTURE,C,18641,10.59,0.41,N,5,657,0
37,114023,RENT,11.7,EDUCATION,A,19862,5.29,0.17,N,9,755,0
45,36663,MORTGAGE,6.8,VENTURE,C,12484,12.6,0.34,N,13,688,0
48,86956,MORTGAGE,11.4,EDUCATION,A,39947,7.86,0.46,N,6,752,0
22,47894,MORTGAGE,1.8,VENTURE,B,6881,9.04,0.14,N,2,720,0
55,34029,RENT,24.7,HOMEIMPROVEMENT,B,5599,9.54,0.16,N,16,707,0
57,69948,MORTGAGE,26.8,DEBTCONSOLIDATION,A,23248,9.29,0.33,N,21,758,0
25,62678,MORTGAGE,5.2,EDUCATION,D,12673,12.55,0.2,N,4,639,0
21,60729,MORTGAGE,1.4,EDUCATION,B,18260,9.28,0.3,N,1,708,0
60,51470,RENT,24.6,MEDICAL,B,10251,8.11,0.2,N,13,707,0
32,47918,OWN,2.5,EDUCATION,E,19180,15.2,0.4,Y,3,580,1
56,205463,RENT,18.8,VENTURE,A,40000,5.67,0.19,N,10,831,0
65,99763,MORTGAGE,12.9,HOMEIMPROVEMENT,A,9877,8.95,0.1,N,29,751,0
43,75636,MORTGAGE,10.1,HOMEIMPROVEMENT,B,19415,7.95,0.26,N,6,702,0
67,52421,RENT,26.6,MEDICAL,A,8615,8.26,0.16,N,19,776,0
51,89706,MORTGAGE,9.2,VENTURE,A,3531,5.0,0.04,N,12,782,0
31,66889,RENT,1.8,VENTURE,D,24820,10.74,0.37,N,8,645,0
30,49797,MORTGAGE,1.3,PERSONAL,C,14434,11.26,0.29,N,5,654,0
23,40858,MORTGAGE,0.6,EDUCATION,B,1859,11.59,0.05,N,3,721,0
34,46697,MORTGAGE,1.7,MEDICAL,C,11347,10.84,0.24,N,9,693,0
36,18000,MORTGAGE,3.2,HOMEIMPROVEMENT,F,6928,17.11,0.38,Y,11,528,1
30,55623,MORTGAGE,3.2,DEBTCONSOLIDATION,C,2451,10.42,0.04,Y,2,697,0
49,36567,MORTGAGE,7.9,PERSONAL,C,5407,8.56,0.15,N,10,681,0
30,127465,MORTGAGE,9.5,VENTURE,B,19907,7.92,0.16,N,3,702,0
32,49593,RENT,4.4,EDUCATION,C,11183,11.09,0.23,N,6,690,0
50,24019,MORTGAGE,6.1,HOMEIMPROVEMENT,B,3823,7.52,0.16,N,17,720,0
61,47575,OWN,20.7,PERSONAL,A,4225,5.1,0.09,N,12,772,0
21,26168,RENT,2.1,VENTURE,C,5415,8.82,0.21,N,1,679,0
25,65123,RENT,4.0,HOMEIMPROVEMENT,B,2915,9.14,0.04,Y,3,729,0
40,58370,RENT,6.8,HOMEIMPROVEMENT,B,9024,7.43,0.15,Y,6,733,0
28,87090,RENT,4.9,VENTURE,B,12172,10.62,0.14,N,4,729,0
63,30499,RENT,27.0,VENTURE,C,3948,11.42,0.13,Y,10,663,0
32,50031,MORTGAGE,8.5,MEDICAL,C,7327,10.14,0.15,N,7,693,0
21,21611,MORTGAGE,1.7,HOMEIMPROVEMENT,C,6388,11.39,0.3,N,1,662,0
40,74674,MORTGAGE,15.6,VENTURE,A,37812,8.93,0.51,N,11,752,0
48,66924,RENT,21.3,DEBTCONSOLIDATION,B,13689,9.17,0.2,N,10,745,0
63,66004,MORTGAGE,22.7,DEBTCONSOLIDATION,C,23068,8.91,0.35,Y,15,684,0
57,49068,MORTGAGE,15.6,PERSONAL,B,25067,11.09,0.51,N,23,714,0
67,62872,OWN,26.9,EDUCATION,B,31884,9.37,0.51,N,27,739,0
57,128361,MORTGAGE,26.2,DEBTCONSOLIDATION,A,21554,5.71,0.17,N,19,808,0
32,41313,RENT,1.5,MEDICAL,D,9261,12.65,0.22,Y,7,640,0
57,53273,OWN,31.0,VENTURE,B,3512,7.51,0.07,Y,9,704,0
64,25548,MORTGAGE,10.5,EDUCATION,A,3594,8.94,0.14,N,28,764,0
48,29116,RENT,12.9,MEDICAL,C,5988,11.49,0.21,N,17,654,0
67,51983,RENT,34.8,HOMEIMPROVEMENT,C,20332,7.07,0.39,Y,24,679,0
35,95069,RENT,4.4,EDUCATION,C,22899,12.97,0.24,N,11,689,0
26,42033,RENT,3.5,DEBTCONSOLIDATION,C,6420,9.1,0.15,Y,2,654,0
64,42550,RENT,8.9,MEDICAL,E,3737,14.21,0.09,Y,24,580,1
40,38402,OWN,8.3,VENTURE,C,12767,11.97,0.33,N,14,693,0
34,35566,MORTGAGE,3.6,VENTURE,C,20674,6.61,0.58,N,5,671,0
22,58511,MORTGAGE,1.4,MEDICAL,B,16528,9.18,0.28,N,1,726,0
29,19963,MORTGAGE,4.0,HOMEIMPROVEMENT,C,7528,12.51,0.38,N,6,650,0
57,105721,MORTGAGE,31.0,DEBTCONSOLIDATION,A,15918,6.67,0.15,N,7,850,0
40,32884,MORTGAGE,17.5,MEDICAL,D,13949,14.43,0.42,Y,13,604,1
46,75594,OWN,5.0,PERSONAL,E,17151,14.36,0.23,Y,6,592,0
49,22879,RENT,18.9,MEDICAL,B,7775,8.51,0.34,N,16,720,0
21,73225,OWN,0.4,MEDICAL,C,5990,10.36,0.08,N,1,699,0
55,73362,MORTGAGE,4.5,DEBTCONSOLIDATION,A,7653,10.37,0.1,N,11,774,0
26,61729,RENT,1.4,VENTURE,E,11282,15.64,0.18,Y,5,567,1
57,26993,MORTGAGE,30.3,HOMEIMPROVEMENT,B,5909,7.55,0.22,N,22,735,0
25,56938,MORTGAGE,5.3,MEDICAL,C,7002,12.41,0.12,Y,2,662,0
53,24104,OWN,8.3,EDUCATION,C,1118,12.35,0.05,N,11,678,0
34,42122,RENT,3.4,VENTURE,D,8385,10.23,0.2,N,9,638,0
32,90912,MORTGAGE,3.8,VENTURE,A,17086,7.78,0.19,N,8,759,0
62,79064,RENT,20.3,MEDICAL,C,39580,9.76,0.5,N,24,682,0
40,49469,RENT,11.0,DEBTCONSOLIDATION,B,13396,9.91,0.27,N,11,736,0
44,27312,RENT,6.6,EDUCATION,E,9370,12.92,0.34,Y,8,574,1
63,72211,MORTGAGE,28.3,MEDICAL,B,37788,8.32,0.52,N,28,712,0
54,49594,MORTGAGE,11.4,EDUCATION,C,16061,12.73,0.32,Y,20,653,0
45,18000,RENT,20.1,VENTURE,B,2049,6.9,0.11,N,12,730,0
49,78399,MORTGAGE,17.4,EDUCATION,C,21965,10.19,0.28,N,14,691,0
59,48313,RENT,16.6,MEDICAL,B,14114,7.71,0.29,N,19,727,0
51,100858,RENT,21.5,PERSONAL,C,10120,11.92,0.1,N,20,679,0
67,25408,MORTGAGE,33.0,PERSONAL,D,8094,11.25,0.32,Y,27,618,0
63,18000,RENT,13.7,EDUCATION,A,5582,8.15,0.31,N,28,750,0
43,57956,MORTGAGE,8.4,DEBTCONSOLIDATION,B,3852,5.8,0.07,N,11,708,0
64,58392,RENT,34.7,MEDICAL,C,20289,9.67,0.35,Y,23,699,0
58,18000,RENT,8.6,HOMEIMPROVEMENT,D,9692,12.0,0.54,Y,25,615,1
40,27252,MORTGAGE,2.8,PERSONAL,D,12316,11.35,0.45,N,6,648,0
43,250000,MORTGAGE,10.4,VENTURE,A,40000,8.75,0.16,N,10,792,0
65,40808,RENT,31.1,MEDICAL,C,22365,11.37,0.55,N,23,673,0
36,76006,MORTGAGE,11.5,MEDICAL,B,4469,9.21,0.06,N,11,733,0
62,33176,MORTGAGE,32.7,PERSONAL,B,8669,7.91,0.26,N,9,720,0
28,18000,MORTGAGE,4.7,HOMEIMPROVEMENT,C,4195,13.43,0.23,Y,3,681,0
41,44260,RENT,3.9,VENTURE,C,3621,7.68,0.08,N,7,674,0
21,41799,MORTGAGE,1.5,HOMEIMPROVEMENT,B,7404,7.75,0.18,N,1,703,0
28,38563,MORTGAGE,6.4,VENTURE,C,10072,9.2,0.26,N,3,677,0
49,45762,RENT,5.1,PERSONAL,D,14303,11.71,0.31,Y,15,642,0
52,57443,MORTGAGE,7.5,MEDICAL,D,16607,11.34,0.29,N,21,647,0
58,44798,OWN,4.3,VENTURE,C,17875,9.46,0.4,N,20,669,0
25,22962,MORTGAGE,3.6,MEDICAL,C,5699,9.99,0.25,N,2,697,0
67,65624,MORTGAGE,35.3,EDUCATION,A,20388,9.52,0.31,N,30,760,0
42,18000,MORTGAGE,13.7,EDUCATION,B,3726,9.26,0.21,N,12,715,0
67,18000,MORTGAGE,38.6,PERSONAL,B,5495,7.44,0.31,N,15,710,0
54,76382,MORTGAGE,5.2,PERSONAL,C,17159,9.76,0.22,N,13,691,0
21,66450,MORTGAGE,2.2,DEBTCONSOLIDATION,C,9232,8.44,0.14,N,1,699,0
46,47361,MORTGAGE,18.8,PERSONAL,B,10897,6.15,0.23,N,15,745,0
63,21220,RENT,14.4,EDUCATION,C,4784,10.41,0.23,Y,21,677,0
30,32056,RENT,9.4,VENTURE,D,5169,10.35,0.16,N,3,633,0
50,41871,MORTGAGE,9.6,HOMEIMPROVEMENT,D,11486,11.83,0.27,Y,19,613,0
38,18816,RENT,14.5,PERSONAL,C,4683,11.1,0.25,N,7,673,0
37,31463,MORTGAGE,13.6,HOMEIMPROVEMENT,C,9522,11.11,0.3,N,11,668,0
46,72504,OWN,17.7,HOMEIMPROVEMENT,B,24115,10.61,0.33,N,14,727,0
28,115425,MORTGAGE,4.9,EDUCATION,B,31928,6.62,0.28,N,3,714,0
67,38114,OTHER,9.0,DEBTCONSOLIDATION,C,6364,10.57,0.17,N,15,660,0
60,77179,MORTGAGE,19.8,VENTURE,C,14651,11.34,0.19,N,11,694,0
32,18000,RENT,4.9,EDUCATION,D,6394,9.78,0.36,Y,4,614,0
47,72814,MORTGAGE,19.0,PERSONAL,C,20759,9.84,0.29,N,8,685,0
28,30261,RENT,6.3,EDUCATION,C,2280,10.77,0.08,N,5,673,0
45,58947,RENT,19.9,EDUCATION,A,13756,6.23,0.23,N,13,757,0
66,42249,RENT,5.3,EDUCATION,C,21302,9.46,0.5,N,23,673,0
24,108255,RENT,4.0,PERSONAL,A,40000,6.15,0.37,N,3,755,0
53,29008,RENT,26.5,PERSONAL,B,10112,9.68,0.35,N,21,712,0
21,71436,RENT,2.0,EDUCATION,A,15472,5.0,0.22,N,1,773,0
39,41452,MORTGAGE,4.0,EDUCATION,E,16193,11.7,0.39,Y,6,596,1
51,44578,MORTGAGE,5.2,HOMEIMPROVEMENT,B,7231,7.41,0.16,N,16,737,0
36,43900,RENT,2.1,VENTURE,D,15536,12.73,0.35,N,4,644,1
34,29513,RENT,8.6,HOMEIMPROVEMENT,C,1025,7.82,0.03,N,4,683,0
25,48607,MORTGAGE,3.8,DEBTCONSOLIDATION,B,13365,10.22,0.27,N,3,744,0
61,47212,MORTGAGE,34.0,VENTURE,C,12016,12.24,0.25,Y,19,652,0
46,56655,OWN,10.6,DEBTCONSOLIDATION,D,11263,13.37,0.2,Y,16,630,0
48,51570,RENT,10.0,VENTURE,C,17755,9.92,0.34,N,12,670,0
22,79125,MORTGAGE,2.1,EDUCATION,B,21485,7.99,0.27,N,1,733,0
26,85314,MORTGAGE,5.4,HOMEIMPROVEMENT,C,4450,9.14,0.05,N,5,678,0
29,26098,MORTGAGE,8.3,VENTURE,C,3636,11.4,0.14,Y,2,671,0
53,82558,RENT,23.2,DEBTCONSOLIDATION,B,25860,7.78,0.31,N,10,743,0
61,24057,RENT,17.1,VENTURE,B,2231,7.71,0.09,N,14,723,0
45,69752,RENT,14.7,PERSONAL,B,3636,8.15,0.05,N,18,731,0
33,71100,RENT,10.5,VENTURE,A,11962,8.37,0.17,N,6,759,0
29,18000,MORTGAGE,4.9,EDUCATION,C,3437,8.54,0.19,N,4,674,0
33,51833,MORTGAGE,3.8,MEDICAL,C,6939,9.04,0.13,N,8,673,0
51,37008,MORTGAGE,7.2,PERSONAL,B,6452,11.26,0.17,N,17,713,0
61,31093,MORTGAGE,4.3,MEDICAL,C,15802,9.61,0.51,N,26,657,0
31,110250,MORTGAGE,7.8,EDUCATION,A,40000,9.37,0.36,N,5,779,0
24,33116,RENT,1.1,MEDICAL,B,7439,8.57,0.22,N,4,709,0
54,30217,OWN,9.7,VENTURE,D,5751,9.52,0.19,Y,21,638,0
58,51298,MORTGAGE,12.3,MEDICAL,A,14000,10.05,0.27,N,16,753,0
66,73965,RENT,23.6,HOMEIMPROVEMENT,C,24794,12.93,0.34,N,18,678,0
24,45026,RENT,2.3,EDUCATION,C,14614,8.89,0.32,N,3,696,0
58,98698,MORTGAGE,22.9,HOMEIMPROVEMENT,B,40000,10.16,0.41,N,21,736,0
39,67412,MORTGAGE,2.9,MEDICAL,C,31997,10.78,0.47,N,10,668,0
26,18000,RENT,1.5,HOMEIMPROVEMENT,C,2235,10.8,0.12,N,4,670,0
54,35679,MORTGAGE,16.2,PERSONAL,B,15432,9.15,0.43,N,17,731,0
38,34992,MORTGAGE,6.7,MEDICAL,D,5778,11.89,0.17,N,5,628,0
33,65356,MORTGAGE,4.6,DEBTCONSOLIDATION,B,9591,9.2,0.15,N,5,719,0
61,18000,RENT,6.3,HOMEIMPROVEMENT,E,3936,13.91,0.22,Y,20,562,1
43,226252,RENT,18.2,VENTURE,B,40000,8.37,0.18,Y,5,713,0
39,67414,OWN,12.3,MEDICAL,B,8509,7.99,0.13,N,8,719,0
65,53601,MORTGAGE,8.7,DEBTCONSOLIDATION,B,18498,6.46,0.35,N,27,747,0
31,99602,RENT,1.9,PERSONAL,D,21687,9.37,0.22,Y,3,617,1
21,200023,RENT,2.3,VENTURE,C,10852,9.75,0.05,Y,1,692,0
44,82656,RENT,15.0,MEDICAL,D,9012,10.81,0.11,Y,16,621,0
27,86620,RENT,3.5,VENTURE,B,40000,7.12,0.46,N,4,702,0
45,53019,MORTGAGE,16.0,MEDICAL,C,18244,9.67,0.34,N,7,659,0
41,45030,OWN,14.5,MEDICAL,C,7864,10.35,0.17,N,13,651,0
35,36846,RENT,11.0,EDUCATION,E,11663,12.89,0.32,Y,8,568,1
21,29861,RENT,1.3,HOMEIMPROVEMENT,D,4367,14.75,0.15,Y,1,602,1
32,32460,MORTGAGE,5.6,MEDICAL,C,6946,9.39,0.21,N,5,679,0
27,21800,RENT,1.0,PERSONAL,B,6204,11.56,0.28,N,2,708,0
35,46839,OWN,12.7,DEBTCONSOLIDATION,A,9348,6.62,0.2,N,10,761,0
41,18000,MORTGAGE,12.0,HOMEIMPROVEMENT,A,1657,8.63,0.09,N,10,756,0
39,54970,OWN,5.1,EDUCATION,B,9251,6.96,0.17,N,10,738,0
49,47963,RENT,23.1,HOMEIMPROVEMENT,A,16244,9.43,0.34,N,19,790,0
45,53538,RENT,20.0,HOMEIMPROVEMENT,B,12439,10.3,0.23,N,5,738,0
53,35836,MORTGAGE,27.7,MEDICAL,B,7713,9.28,0.22,N,8,748,0
52,250000,MORTGAGE,24.2,PERSONAL,A,40000,7.97,0.16,N,9,850,0
55,110865,RENT,29.5,MEDICAL,B,24252,10.14,0.22,N,7,726,0
64,23231,OWN,12.5,PERSONAL,B,10300,9.95,0.44,N,24,711,0
58,56371,MORTGAGE,27.6,PERSONAL,B,18596,6.71,0.33,N,20,729,0
46,34036,MORTGAGE,18.9,VENTURE,A,11214,5.0,0.33,N,8,751,0
31,26670,RENT,3.4,MEDICAL,B,2115,6.71,0.08,N,3,732,0
55,21937,MORTGAGE,6.2,EDUCATION,C,9114,8.31,0.42,N,10,661,0
28,63533,MORTGAGE,7.9,DEBTCONSOLIDATION,C,9839,9.46,0.15,N,6,667,0
66,32570,RENT,14.7,HOMEIMPROVEMENT,A,5208,9.55,0.16,N,26,756,0
34,87613,OWN,11.4,VENTURE,B,16249,7.85,0.19,N,7,706,0
30,88989,RENT,1.2,EDUCATION,B,22488,8.88,0.25,N,4,702,0
22,111786,RENT,0.5,DEBTCONSOLIDATION,C,27211,10.74,0.24,N,1,667,0
66,29394,RENT,20.5,DEBTCONSOLIDATION,B,1741,9.31,0.06,N,11,715,0
29,65200,MORTGAGE,2.9,MEDICAL,C,12454,9.92,0.19,Y,7,662,0
23,71644,MORTGAGE,2.9,PERSONAL,D,7506,13.0,0.1,Y,2,649,0
41,36882,RENT,11.4,MEDICAL,C,5948,10.35,0.16,N,11,678,0
46,30851,RENT,4.3,DEBTCONSOLIDATION,D,8927,12.64,0.29,N,13,611,0
28,128760,RENT,2.1,MEDICAL,B,16334,11.84,0.13,N,4,749,0
22,56190,RENT,1.5,VENTURE,C,10953,13.01,0.19,N,1,675,0
26,71795,MORTGAGE,1.8,EDUCATION,B,8003,9.39,0.11,N,2,709,0
48,29934,RENT,19.6,DEBTCONSOLIDATION,C,12749,10.73,0.43,N,14,691,0
49,23586,RENT,12.1,VENTURE,C,4953,8.84,0.21,N,7,681,0
46,34833,MORTGAGE,4.6,EDUCATION,C,21640,7.28,0.62,N,6,675,0
45,45505,MORTGAGE,11.9,VENTURE,D,7263,13.5,0.16,Y,12,608,1
32,25886,MORTGAGE,2.3,HOMEIMPROVEMENT,C,11624,9.16,0.45,N,9,664,0
25,48732,RENT,1.3,PERSONAL,D,5643,12.43,0.12,Y,4,637,0
54,18000,RENT,9.6,PERSONAL,B,2415,11.53,0.13,N,7,743,0
57,25033,MORTGAGE,27.4,PERSONAL,B,3257,5.71,0.13,N,9,736,0
35,73316,RENT,12.7,HOMEIMPROVEMENT,C,14922,6.93,0.2,N,8,677,0
64,70422,RENT,31.2,DEBTCONSOLIDATION,A,13115,5.85,0.19,N,28,778,0
56,38749,MORTGAGE,12.7,DEBTCONSOLIDATION,C,5998,11.56,0.15,N,25,677,0
35,26617,OWN,4.9,HOMEIMPROVEMENT,C,2400,12.47,0.09,N,10,669,0
63,26464,RENT,21.8,PERSONAL,B,2740,10.6,0.1,N,24,708,0
43,39184,RENT,15.1,PERSONAL,D,9807,12.26,0.25,Y,7,629,1
26,72165,OWN,6.4,EDUCATION,B,33722,8.77,0.47,N,1,729,0
66,85557,RENT,9.2,EDUCATION,B,14021,8.52,0.16,N,10,742,0
64,36391,MORTGAGE,6.2,MEDICAL,E,10381,15.28,0.29,Y,23,575,1
63,24536,OWN,26.4,VENTURE,A,1662,5.92,0.07,N,9,789,0
65,57567,OWN,32.1,EDUCATION,A,7677,6.82,0.13,N,26,793,0
41,29907,MORTGAGE,15.9,EDUCATION,B,6591,7.29,0.22,N,12,720,0
43,35919,RENT,14.4,EDUCATION,D,14652,12.99,0.41,N,5,609,1
63,108571,RENT,34.6,EDUCATION,B,21472,8.21,0.2,N,29,747,0
36,80520,MORTGAGE,8.2,HOMEIMPROVEMENT,B,19238,13.24,0.24,N,8,709,0
67,53894,OWN,36.2,MEDICAL,A,17219,5.0,0.32,N,30,806,0
35,22853,MORTGAGE,13.2,EDUCATION,B,4289,9.62,0.19,N,11,746,0
45,55650,MORTGAGE,18.7,DEBTCONSOLIDATION,C,9325,9.12,0.17,N,8,692,0
56,92743,MORTGAGE,12.0,VENTURE,C,26674,12.14,0.29,N,14,659,0
31,39129,MORTGAGE,3.1,EDUCATION,C,14085,11.81,0.36,N,3,666,0
35,110267,MORTGAGE,8.2,HOMEIMPROVEMENT,B,16532,8.18,0.15,N,9,733,0
24,106473,MORTGAGE,2.5,DEBTCONSOLIDATION,C,28768,9.26,0.27,N,2,662,0
41,133017,MORTGAGE,16.4,PERSONAL,B,15284,7.25,0.11,N,15,726,0
33,58873,RENT,2.6,PERSONAL,B,25461,8.31,0.43,N,4,748,0
42,69733,MORTGAGE,6.7,MEDICAL,D,7332,10.75,0.11,Y,13,629,0
39,114520,MORTGAGE,13.2,PERSONAL,B,27665,8.61,0.24,N,14,722,0
54,64115,RENT,6.0,EDUCATION,A,37081,5.61,0.58,N,19,770,0
34,36288,MORTGAGE,5.2,HOMEIMPROVEMENT,D,7260,13.27,0.2,Y,3,607,0
24,37454,MORTGAGE,2.2,MEDICAL,E,8837,12.19,0.24,Y,2,574,1
66,56564,OWN,25.7,DEBTCONSOLIDATION,C,22955,9.14,0.41,N,13,696,0
47,22599,RENT,6.1,EDUCATION,D,3402,13.8,0.15,Y,6,629,1
49,44983,MORTGAGE,21.8,PERSONAL,B,7658,9.52,0.17,N,11,711,0
67,94648,RENT,20.3,VENTURE,B,40000,10.15,0.42,N,16,720,0
48,18000,OWN,22.3,EDUCATION,B,2439,7.62,0.14,N,17,719,0
55,123092,RENT,15.8,VENTURE,A,16650,5.42,0.14,N,14,850,0
28,96126,MORTGAGE,2.9,DEBTCONSOLIDATION,B,7833,8.99,0.08,N,5,742,0
36,37202,MORTGAGE,3.6,VENTURE,C,4649,9.46,0.12,N,3,659,0
62,67916,RENT,4.5,DEBTCONSOLIDATION,D,6682,11.83,0.1,Y,9,632,0
56,49113,OWN,18.0,MEDICAL,B,17820,7.95,0.36,N,8,734,0
50,102538,MORTGAGE,5.6,HOMEIMPROVEMENT,A,11311,8.16,0.11,N,9,761,0
38,88398,RENT,7.5,PERSONAL,C,18830,8.98,0.21,N,7,657,0
22,21161,RENT,2.0,PERSONAL,E,5513,12.64,0.26,Y,2,552,1
33,69728,RENT,4.4,EDUCATION,C,7669,8.97,0.11,Y,10,654,0
24,43330,RENT,1.3,PERSONAL,C,8652,9.12,0.2,N,2,661,0
46,51518,MORTGAGE,18.0,MEDICAL,D,23486,11.73,0.46,Y,6,602,1
45,31669,OWN,20.6,PERSONAL,B,2993,9.39,0.09,N,8,733,0
50,139927,RENT,5.4,EDUCATION,C,19937,9.99,0.14,Y,20,693,0
31,91494,MORTGAGE,2.7,PERSONAL,B,4996,9.49,0.05,N,7,709,0
27,31449,MORTGAGE,6.9,HOMEIMPROVEMENT,D,5312,10.52,0.17,N,5,624,0
51,22009,RENT,4.2,DEBTCONSOLIDATION,C,1499,10.44,0.07,N,8,673,0
64,38894,RENT,36.1,VENTURE,D,10492,13.53,0.27,Y,12,635,0
30,63621,RENT,1.2,VENTURE,D,6748,11.69,0.11,Y,3,648,1
59,56620,MORTGAGE,29.2,DEBTCONSOLIDATION,A,21309,7.7,0.38,N,25,802,0
33,103972,MORTGAGE,4.7,VENTURE,B,28644,8.32,0.28,N,4,718,0
51,78743,MORTGAGE,25.0,HOMEIMPROVEMENT,A,14088,7.0,0.18,N,17,762,0
27,87705,RENT,2.9,MEDICAL,B,16516,9.37,0.19,N,4,734,0
62,59641,MORTGAGE,24.6,EDUCATION,A,23367,6.1,0.39,N,20,769,0
62,21299,MORTGAGE,6.9,HOMEIMPROVEMENT,C,5743,10.69,0.27,N,13,660,0
56,43589,MORTGAGE,10.2,EDUCATION,C,18464,10.47,0.42,N,19,682,0
40,92600,RENT,14.1,MEDICAL,C,19037,9.33,0.21,Y,4,691,0
24,47528,MORTGAGE,2.8,HOMEIMPROVEMENT,D,23901,10.5,0.5,N,4,631,0
27,66293,MORTGAGE,6.7,PERSONAL,E,14159,12.37,0.21,Y,1,580,1
21,40487,RENT,1.2,MEDICAL,D,21496,9.46,0.53,N,1,639,0
64,26426,RENT,32.6,VENTURE,A,4216,7.39,0.16,N,16,786,0
65,45523,OWN,19.5,HOMEIMPROVEMENT,B,5954,9.93,0.13,N,28,731,0
62,59008,MORTGAGE,34.6,MEDICAL,C,15312,9.96,0.26,Y,14,665,0
67,33076,OWN,37.8,MEDICAL,A,4776,10.87,0.14,N,21,793,0
33,42555,MORTGAGE,5.0,HOMEIMPROVEMENT,B,6454,8.07,0.15,N,3,714,0
42,27898,MORTGAGE,17.3,VENTURE,C,5837,9.11,0.21,N,5,681,0
41,95946,RENT,15.9,DEBTCONSOLIDATION,B,20764,10.02,0.22,N,11,725,0
42,41082,RENT,5.9,VENTURE,D,18423,12.55,0.45,N,7,636,1
48,117201,OWN,16.1,MEDICAL,B,40000,9.53,0.34,N,16,736,0
29,122669,RENT,1.7,EDUCATION,B,40000,10.38,0.33,N,6,728,0
46,46694,RENT,19.2,DEBTCONSOLIDATION,D,11871,10.37,0.25,N,17,631,0
29,26767,MORTGAGE,2.4,DEBTCONSOLIDATION,D,3669,11.8,0.14,N,2,648,0
35,18000,MORTGAGE,2.5,MEDICAL,C,1630,8.37,0.09,Y,7,673,0
30,20267,RENT,4.6,HOMEIMPROVEMENT,C,3074,12.07,0.15,N,8,673,0
44,21497,RENT,13.1,HOMEIMPROVEMENT,C,5272,11.69,0.25,Y,15,682,1
62,112092,MORTGAGE,30.7,HOMEIMPROVEMENT,B,11127,10.18,0.1,N,11,733,0
28,52548,RENT,7.8,VENTURE,C,14971,10.33,0.28,N,4,675,0
44,61930,MORTGAGE,10.6,PERSONAL,B,12288,10.65,0.2,N,17,717,0
36,18000,RENT,2.6,HOMEIMPROVEMENT,C,1749,10.72,0.1,N,7,673,0
46,23890,MORTGAGE,17.5,HOMEIMPROVEMENT,C,5326,12.3,0.22,Y,17,681,0
47,83470,MORTGAGE,14.4,DEBTCONSOLIDATION,D,23825,10.9,0.29,Y,12,644,0
57,58224,MORTGAGE,16.1,EDUCATION,B,10997,7.76,0.19,N,9,745,0
24,44876,RENT,1.9,EDUCATION,D,12626,12.1,0.28,N,1,641,0
44,68796,MORTGAGE,11.7,MEDICAL,B,15076,7.06,0.22,N,5,722,0
39,130807,RENT,7.1,MEDICAL,B,40000,8.97,0.31,N,6,710,0
56,42932,RENT,23.9,MEDICAL,C,21364,10.52,0.5,N,24,669,0
59,51104,MORTGAGE,19.7,HOMEIMPROVEMENT,B,19019,6.83,0.37,N,21,726,0
30,55025,MORTGAGE,8.6,EDUCATION,B,17470,8.52,0.32,N,6,741,0
45,205924,MORTGAGE,13.0,MEDICAL,A,40000,8.77,0.19,N,13,752,0
38,18000,RENT,5.3,EDUCATION,C,5108,11.2,0.28,N,7,690,0
39,73860,RENT,14.6,HOMEIMPROVEMENT,B,6072,6.65,0.08,N,6,724,0
56,45757,OWN,18.6,DEBTCONSOLIDATION,C,23594,11.25,0.52,N,25,697,0
30,68875,MORTGAGE,2.9,HOMEIMPROVEMENT,B,16724,5.81,0.24,N,5,723,0
53,33043,MORTGAGE,18.8,MEDICAL,B,16280,6.98,0.49,N,15,742,0
25,47601,MORTGAGE,2.5,HOMEIMPROVEMENT,B,13776,11.96,0.29,N,4,724,0
67,75120,RENT,33.9,HOMEIMPROVEMENT,B,5913,8.48,0.08,N,19,745,0
55,250000,MORTGAGE,15.4,EDUCATION,A,11224,6.21,0.04,N,23,760,0
64,79604,RENT,28.0,PERSONAL,C,19033,8.27,0.24,N,29,678,0
54,29470,MORTGAGE,6.0,VENTURE,B,8653,7.68,0.29,N,11,702,0
53,38015,MORTGAGE,13.2,MEDICAL,D,9259,10.9,0.24,Y,8,613,0
41,37344,OWN,18.1,PERSONAL,A,8397,9.55,0.22,N,15,750,0
37,18000,MORTGAGE,12.7,DEBTCONSOLIDATION,E,3010,13.8,0.17,Y,7,592,0
42,40213,RENT,5.1,MEDICAL,B,8353,11.08,0.21,N,4,705,0
57,76091,MORTGAGE,11.5,PERSONAL,D,24420,9.75,0.32,N,17,645,0
35,22821,RENT,5.6,HOMEIMPROVEMENT,B,4925,6.65,0.22,N,8,700,0
55,91958,RENT,20.5,MEDICAL,B,40000,9.45,0.43,N,21,737,0
48,65687,RENT,18.9,PERSONAL,C,10459,9.79,0.16,N,20,692,0
27,31554,MORTGAGE,5.6,VENTURE,C,8233,8.78,0.26,N,5,689,0
52,45029,RENT,15.5,HOMEIMPROVEMENT,A,10537,8.56,0.23,N,22,783,0
31,127898,MORTGAGE,8.7,MEDICAL,B,40000,10.13,0.31,N,2,747,0
30,76124,OWN,4.9,DEBTCONSOLIDATION,B,16805,11.11,0.22,Y,6,736,0
29,49279,MORTGAGE,2.1,DEBTCONSOLIDATION,D,13454,10.66,0.27,Y,3,617,0
34,42505,RENT,7.9,MEDICAL,B,17283,11.48,0.41,N,4,700,0
33,51326,RENT,11.5,PERSONAL,C,12094,10.62,0.24,N,9,687,0
45,36060,MORTGAGE,17.7,MEDICAL,B,16690,8.67,0.46,N,11,701,0
22,18000,MORTGAGE,2.0,HOMEIMPROVEMENT,D,10072,14.17,0.56,N,2,612,1
55,166926,RENT,20.5,EDUCATION,B,40000,7.38,0.24,Y,8,730,0
27,53808,MORTGAGE,6.8,DEBTCONSOLIDATION,C,18713,9.99,0.35,N,5,658,0
41,62248,MORTGAGE,9.2,PERSONAL,B,2508,10.74,0.04,Y,6,708,0
38,47346,MORTGAGE,6.6,VENTURE,E,8525,12.42,0.18,Y,5,580,0
23,31537,OWN,3.9,MEDICAL,C,13886,11.67,0.44,N,2,654,0
62,43846,MORTGAGE,31.0,HOMEIMPROVEMENT,B,4687,7.59,0.11,N,17,742,0
59,18776,MORTGAGE,13.4,MEDICAL,C,1863,10.92,0.1,N,18,667,0
61,192192,RENT,18.3,VENTURE,B,40000,9.57,0.21,Y,28,714,0
31,23371,MORTGAGE,5.1,HOMEIMPROVEMENT,C,5633,9.4,0.24,N,6,661,0
59,26392,MORTGAGE,8.4,VENTURE,B,8533,9.02,0.32,N,14,730,0
44,37640,RENT,20.0,HOMEIMPROVEMENT,B,2238,8.82,0.06,N,7,701,0
66,106175,MORTGAGE,18.4,EDUCATION,A,15496,6.29,0.15,N,19,762,0
39,49449,RENT,15.0,DEBTCONSOLIDATION,D,22693,10.47,0.46,Y,8,619,1
24,23349,RENT,1.4,HOMEIMPROVEMENT,E,6981,11.38,0.3,Y,3,590,1
46,104047,RENT,13.5,VENTURE,B,15136,7.52,0.15,N,9,739,0
58,76008,MORTGAGE,4.7,PERSONAL,B,6438,9.32,0.08,N,23,738,0
62,67714,OWN,27.9,DEBTCONSOLIDATION,D,16702,10.5,0.25,Y,10,606,0
52,75315,MORTGAGE,17.2,EDUCATION,B,39666,9.67,0.53,N,16,703,0
59,206203,MORTGAGE,22.1,MEDICAL,A,40000,8.28,0.19,N,20,762,0
65,181871,RENT,6.4,EDUCATION,B,40000,10.49,0.22,N,14,721,0
66,32466,OWN,11.9,EDUCATION,C,17828,9.41,0.55,N,29,681,0
56,129875,MORTGAGE,5.8,MEDICAL,A,36365,8.06,0.28,N,19,759,0
60,61691,MORTGAGE,12.7,HOMEIMPROVEMENT,A,13709,5.86,0.22,N,21,766,0
57,66135,MORTGAGE,21.0,EDUCATION,B,4920,7.0,0.07,N,17,722,0
53,18000,RENT,17.4,DEBTCONSOLIDATION,E,9672,13.92,0.54,N,22,579,1
56,44256,MORTGAGE,20.1,EDUCATION,B,5497,11.81,0.12,N,20,730,0
23,30100,OWN,2.4,PERSONAL,D,3575,13.01,0.12,N,1,623,0
29,80566,RENT,3.2,DEBTCONSOLIDATION,B,9006,7.04,0.11,N,3,725,0
28,93213,MORTGAGE,2.7,PERSONAL,C,21510,8.81,0.23,N,2,672,0
53,18000,OWN,6.9,DEBTCONSOLIDATION,B,2718,10.56,0.15,N,9,700,0
26,48376,RENT,5.6,VENTURE,C,5834,11.61,0.12,N,5,671,0
61,96097,MORTGAGE,22.9,MEDICAL,B,9309,9.25,0.1,N,17,715,0
59,43826,OWN,9.5,DEBTCONSOLIDATION,C,6962,10.46,0.16,N,26,663,0
24,75920,MORTGAGE,1.3,DEBTCONSOLIDATION,B,8341,9.86,0.11,N,1,718,0
33,60518,RENT,10.7,HOMEIMPROVEMENT,D,29291,9.94,0.48,N,6,640,0
22,60174,RENT,2.5,HOMEIMPROVEMENT,B,14104,10.9,0.23,N,2,709,0
25,41656,RENT,3.9,VENTURE,A,4144,8.37,0.1,N,1,758,0
64,23624,MORTGAGE,17.7,HOMEIMPROVEMENT,A,4812,6.36,0.2,N,22,767,0
47,25011,MORTGAGE,8.2,HOMEIMPROVEMENT,E,2228,13.44,0.09,Y,19,573,0
52,75027,MORTGAGE,26.7,PERSONAL,C,16098,14.87,0.21,N,22,699,0
41,49596,RENT,15.1,HOMEIMPROVEMENT,B,13126,8.39,0.26,N,14,726,0
28,45111,RENT,3.1,HOMEIMPROVEMENT,D,10736,12.12,0.24,N,6,647,0
58,38012,MORTGAGE,27.7,VENTURE,C,3572,11.04,0.09,Y,21,695,0
28,40818,MORTGAGE,6.3,VENTURE,E,6556,14.07,0.16,Y,3,566,1
23,91871,OWN,1.5,EDUCATION,C,26247,9.22,0.29,N,2,694,0
64,40088,MORTGAGE,18.3,HOMEIMPROVEMENT,B,9138,7.09,0.23,N,30,747,0
23,21924,MORTGAGE,1.2,HOMEIMPROVEMENT,D,9279,12.37,0.42,N,2,603,1
42,76587,MORTGAGE,4.3,DEBTCONSOLIDATION,C,21893,9.7,0.29,N,7,691,0
26,43350,MORTGAGE,4.8,HOMEIMPROVEMENT,D,1576,13.74,0.04,Y,3,629,0
22,49952,RENT,1.1,PERSONAL,C,23212,12.47,0.46,N,2,686,1
43,128610,OWN,16.9,DEBTCONSOLIDATION,B,40000,11.83,0.31,N,7,717,0
64,48419,MORTGAGE,36.7,HOMEIMPROVEMENT,D,20057,11.61,0.41,Y,25,619,0
22,58308,RENT,0.6,PERSONAL,D,9452,14.21,0.16,N,1,603,0
58,24164,RENT,17.2,EDUCATION,B,9667,8.88,0.4,N,20,738,0
37,42967,RENT,12.6,DEBTCONSOLIDATION,B,6247,6.81,0.15,N,6,739,0
55,70665,MORTGAGE,24.1,MEDICAL,A,4283,5.86,0.06,N,10,750,0
54,19279,RENT,22.8,HOMEIMPROVEMENT,B,5870,8.94,0.3,N,18,707,0
43,55298,RENT,8.6,DEBTCONSOLIDATION,B,21766,9.33,0.39,N,12,703,0
50,52076,MORTGAGE,13.4,VENTURE,B,9424,6.84,0.18,N,11,747,0
28,50250,RENT,5.2,DEBTCONSOLIDATION,D,21813,14.43,0.43,N,3,605,1
42,91335,MORTGAGE,18.8,VENTURE,C,32639,13.01,0.36,N,8,663,0
64,59913,MORTGAGE,15.1,HOMEIMPROVEMENT,C,4913,10.59,0.08,N,20,660,0
56,118995,MORTGAGE,28.4,PERSONAL,A,15982,10.05,0.13,N,26,761,0
25,27006,RENT,2.0,VENTURE,C,5850,10.8,0.22,N,4,683,0
33,53186,RENT,11.9,DEBTCONSOLIDATION,C,22317,8.05,0.42,Y,9,656,0
49,51569,RENT,17.6,DEBTCONSOLIDATION,E,23875,9.77,0.46,N,14,597,0
51,25808,MORTGAGE,14.0,VENTURE,C,1798,11.23,0.07,N,15,665,0
67,87009,MORTGAGE,25.9,EDUCATION,A,13189,7.58,0.15,N,14,759,0
36,197758,RENT,5.2,EDUCATION,A,40000,6.32,0.2,N,10,762,0
62,48523,MORTGAGE,12.8,EDUCATION,D,24354,13.14,0.5,Y,18,608,1
50,66370,RENT,5.7,VENTURE,E,8207,16.07,0.12,Y,18,598,1
36,51570,OTHER,3.2,VENTURE,E,10513,12.96,0.2,Y,7,596,0
32,31947,OWN,4.8,DEBTCONSOLIDATION,C,9616,9.83,0.3,N,3,673,0
37,18000,MORTGAGE,12.0,HOMEIMPROVEMENT,D,1943,10.38,0.11,N,5,642,0
36,32097,MORTGAGE,9.5,HOMEIMPROVEMENT,C,6763,8.94,0.21,N,10,665,0
32,21265,MORTGAGE,2.4,PERSONAL,D,9849,13.7,0.46,N,4,608,0
28,136279,MORTGAGE,7.0,VENTURE,C,19875,9.49,0.15,Y,3,684,0
40,45749,MORTGAGE,11.5,HOMEIMPROVEMENT,E,17060,12.86,0.37,Y,14,589,1
23,39832,OWN,3.9,HOMEIMPROVEMENT,D,4504,10.6,0.11,N,2,649,0
36,83574,MORTGAGE,10.2,EDUCATION,B,6554,11.76,0.08,N,4,709,0
50,25007,MORTGAGE,7.1,EDUCATION,B,4747,7.04,0.19,N,8,715,0
65,30942,MORTGAGE,20.3,EDUCATION,B,1616,9.8,0.05,N,15,728,0
43,51064,MORTGAGE,13.8,MEDICAL,A,6893,9.21,0.13,N,12,756,0
48,90876,MORTGAGE,3.6,HOMEIMPROVEMENT,C,38493,9.98,0.42,Y,17,653,0
60,66238,RENT,4.6,EDUCATION,D,9095,13.39,0.14,Y,14,608,0
25,56896,RENT,1.3,EDUCATION,C,24189,10.15,0.43,N,4,675,0
40,51373,RENT,6.1,VENTURE,B,15771,10.05,0.31,N,5,726,0
60,62326,MORTGAGE,16.8,DEBTCONSOLIDATION,B,17025,8.18,0.27,N,12,700,0
64,55325,MORTGAGE,20.3,EDUCATION,B,5841,8.74,0.11,N,30,742,0
21,26423,OTHER,0.6,VENTURE,D,4901,11.45,0.19,N,1,645,0
50,50395,MORTGAGE,18.3,PERSONAL,B,7272,9.92,0.14,N,20,717,0
41,25739,MORTGAGE,11.9,EDUCATION,D,3642,8.44,0.14,Y,12,623,0
40,51464,RENT,6.7,DEBTCONSOLIDATION,B,18278,8.34,0.36,N,5,707,0
26,36739,MORTGAGE,0.9,VENTURE,C,8407,11.63,0.23,N,3,664,0
42,224948,MORTGAGE,3.7,DEBTCONSOLIDATION,A,26614,9.95,0.12,N,11,775,0
38,47861,MORTGAGE,7.5,EDUCATION,D,10084,13.06,0.21,Y,13,640,0
28,21109,RENT,2.1,PERSONAL,E,7934,14.45,0.38,Y,4,564,1
59,45228,MORTGAGE,14.9,EDUCATION,D,6936,10.5,0.15,Y,17,631,0
52,66944,MORTGAGE,18.4,VENTURE,B,20396,9.0,0.3,N,8,735,0
53,133788,MORTGAGE,16.9,PERSONAL,A,33407,7.08,0.25,N,18,811,0
36,34417,OWN,4.7,PERSONAL,E,15365,16.85,0.45,Y,5,553,1
32,18968,MORTGAGE,4.8,PERSONAL,C,5283,8.52,0.28,N,3,693,0
58,80025,OWN,21.2,MEDICAL,A,15813,6.6,0.2,N,27,780,0
54,21410,MORTGAGE,25.3,VENTURE,B,5209,11.94,0.24,N,12,723,0
34,37733,OWN,10.0,MEDICAL,C,13284,10.73,0.35,N,4,655,0
56,42000,MORTGAGE,18.5,DEBTCONSOLIDATION,C,4585,11.82,0.11,Y,20,653,0
53,47014,RENT,12.4,PERSONAL,C,8468,8.82,0.18,N,21,675,0
43,74124,RENT,8.9,MEDICAL,B,4827,9.0,0.07,N,5,704,0
65,32526,RENT,33.6,EDUCATION,C,3001,10.25,0.09,Y,11,696,0
22,41596,RENT,0.5,MEDICAL,C,16614,10.21,0.4,N,1,663,1
61,48602,RENT,34.0,HOMEIMPROVEMENT,A,8120,8.05,0.17,N,9,760,0
41,53624,RENT,13.0,DEBTCONSOLIDATION,C,9439,10.89,0.18,N,12,672,0
22,51984,MORTGAGE,2.3,PERSONAL,C,10117,10.73,0.19,N,1,668,0
47,63678,RENT,3.7,PERSONAL,B,10380,7.86,0.16,N,15,721,0
29,81332,RENT,5.8,DEBTCONSOLIDATION,C,11340,12.3,0.14,N,4,654,0
21,62042,MORTGAGE,1.3,DEBTCONSOLIDATION,C,6803,11.39,0.11,N,1,652,0
31,64353,MORTGAGE,2.3,VENTURE,E,27437,11.88,0.43,Y,6,595,1
23,18970,OWN,1.5,EDUCATION,D,7747,10.31,0.41,N,3,639,0
43,50520,MORTGAGE,18.1,DEBTCONSOLIDATION,C,6362,8.65,0.13,Y,11,682,0
46,65362,MORTGAGE,13.6,DEBTCONSOLIDATION,D,10652,13.42,0.16,N,16,636,0
24,75914,RENT,2.3,VENTURE,B,10443,8.57,0.14,N,2,700,0
38,32357,RENT,3.0,DEBTCONSOLIDATION,B,4701,7.22,0.15,N,8,734,0
26,33010,RENT,4.8,MEDICAL,B,5607,8.15,0.17,N,4,700,0
55,34736,RENT,21.9,HOMEIMPROVEMENT,C,7811,7.7,0.22,N,9,666,0
42,67632,OTHER,12.7,HOMEIMPROVEMENT,A,25048,10.25,0.37,N,11,787,0
63,91156,RENT,20.6,HOMEIMPROVEMENT,C,6680,10.94,0.07,Y,25,662,0
35,38388,RENT,6.9,DEBTCONSOLIDATION,D,4369,10.94,0.11,N,9,615,1
42,84522,RENT,12.4,HOMEIMPROVEMENT,B,28154,7.88,0.33,N,11,740,0
57,52790,MORTGAGE,10.3,EDUCATION,C,6417,8.28,0.12,N,16,683,0
62,45498,RENT,33.4,MEDICAL,A,8476,6.36,0.19,N,14,815,0
32,43181,MORTGAGE,7.2,HOMEIMPROVEMENT,B,7886,8.73,0.18,N,9,722,0
67,76723,RENT,15.6,PERSONAL,A,23355,8.46,0.3,N,18,792,0
62,59596,RENT,18.3,DEBTCONSOLIDATION,C,9043,8.87,0.15,N,26,691,0
58,192046,RENT,26.6,MEDICAL,A,19487,5.67,0.1,N,8,846,0
38,29397,MORTGAGE,4.3,EDUCATION,D,12035,11.55,0.41,N,6,639,0
65,66893,RENT,14.3,HOMEIMPROVEMENT,B,10002,7.27,0.15,N,17,735,0
55,35684,MORTGAGE,21.3,EDUCATION,B,7438,9.37,0.21,N,19,726,0
50,29098,MORTGAGE,10.3,DEBTCONSOLIDATION,B,8044,8.34,0.28,N,11,738,0
44,48702,MORTGAGE,17.0,HOMEIMPROVEMENT,B,13645,9.92,0.28,N,5,739,0
62,53231,RENT,8.4,PERSONAL,C,9209,10.61,0.17,N,12,688,0
50,250000,RENT,20.3,MEDICAL,A,40000,5.0,0.16,N,10,845,0
34,43893,RENT,2.4,PERSONAL,C,15785,11.9,0.36,N,4,670,0
26,24881,MORTGAGE,0.9,HOMEIMPROVEMENT,C,10467,10.63,0.42,N,2,682,0
23,57745,MORTGAGE,3.6,VENTURE,D,12953,10.93,0.22,Y,2,633,0
36,18000,MORTGAGE,9.1,MEDICAL,C,2942,11.52,0.16,N,7,685,0
27,46389,MORTGAGE,3.1,EDUCATION,D,5654,12.54,0.12,N,3,648,0
34,49494,MORTGAGE,4.2,HOMEIMPROVEMENT,B,5738,8.13,0.12,N,10,705,0
29,78965,MORTGAGE,5.9,PERSONAL,E,40000,12.01,0.51,Y,4,588,1
35,87919,RENT,7.8,DEBTCONSOLIDATION,D,16591,12.85,0.19,Y,11,602,1
41,36237,MORTGAGE,18.3,VENTURE,B,14057,8.24,0.39,N,8,728,0
55,44785,RENT,29.2,DEBTCONSOLIDATION,B,6636,8.47,0.15,N,14,722,0
22,30956,MORTGAGE,2.2,HOMEIMPROVEMENT,D,4957,10.92,0.16,N,1,620,0
47,24913,RENT,11.9,EDUCATION,C,10034,10.48,0.4,N,13,681,0
22,59038,RENT,1.8,PERSONAL,C,28966,11.14,0.49,N,1,662,0
55,22830,MORTGAGE,21.4,MEDICAL,B,1120,6.72,0.05,N,11,725,0
38,38224,MORTGAGE,3.4,VENTURE,C,13330,9.95,0.35,N,11,671,0
34,26981,RENT,5.3,HOMEIMPROVEMENT,D,7612,10.55,0.28,N,7,643,0
40,68173,RENT,3.4,HOMEIMPROVEMENT,C,16081,10.67,0.24,N,4,680,0
38,144474,MORTGAGE,3.0,HOMEIMPROVEMENT,C,30049,10.71,0.21,Y,9,693,0
30,22450,OWN,2.8,HOMEIMPROVEMENT,B,5832,10.63,0.26,N,7,703,0
45,18000,MORTGAGE,11.9,PERSONAL,C,5650,9.92,0.31,N,8,673,0
22,45481,OWN,2.6,MEDICAL,B,2387,9.85,0.05,N,1,719,0
45,49484,RENT,11.9,EDUCATION,B,8309,6.98,0.17,N,16,713,0
53,55893,MORTGAGE,11.7,VENTURE,D,13325,13.95,0.24,Y,24,625,1
56,37504,MORTGAGE,6.0,HOMEIMPROVEMENT,B,5382,7.39,0.14,N,9,739,0
51,43460,MORTGAGE,16.0,DEBTCONSOLIDATION,C,9859,8.26,0.23,N,22,679,0
34,61114,RENT,4.6,HOMEIMPROVEMENT,B,15197,8.48,0.25,N,6,704,0
21,91515,MORTGAGE,1.6,MEDICAL,C,10155,13.29,0.11,N,2,652,0
66,18000,MORTGAGE,37.6,MEDICAL,A,3885,8.83,0.22,N,25,757,0
36,39286,MORTGAGE,3.2,PERSONAL,D,16257,13.99,0.41,N,11,646,0
66,55730,MORTGAGE,11.9,PERSONAL,C,20042,10.61,0.36,N,28,683,0
23,28260,MORTGAGE,2.2,DEBTCONSOLIDATION,C,10403,13.06,0.37,N,1,655,0
55,138510,MORTGAGE,28.8,DEBTCONSOLIDATION,B,24169,9.07,0.17,N,8,701,0
61,33481,RENT,27.5,PERSONAL,C,3188,8.2,0.1,N,19,683,0
26,47821,RENT,5.8,VENTURE,B,3597,9.17,0.08,N,2,733,0
45,68433,MORTGAGE,9.0,DEBTCONSOLIDATION,B,9262,9.22,0.14,N,11,717,0
33,34379,OWN,11.9,PERSONAL,A,3091,8.5,0.09,N,10,761,0
54,18000,RENT,6.2,HOMEIMPROVEMENT,E,1000,14.72,0.06,Y,12,576,0
28,37903,MORTGAGE,1.4,PERSONAL,C,14230,10.33,0.38,N,4,697,0
41,90913,RENT,16.1,VENTURE,B,40000,8.6,0.44,N,9,729,0
54,40049,RENT,27.0,PERSONAL,A,3664,7.0,0.09,N,18,783,0
24,29499,MORTGAGE,1.0,PERSONAL,D,15594,12.0,0.53,N,1,647,1
45,85425,MORTGAGE,4.8,HOMEIMPROVEMENT,B,11817,6.95,0.14,N,8,716,0
35,40196,RENT,2.1,DEBTCONSOLIDATION,D,18406,10.69,0.46,N,10,632,1
24,36094,MORTGAGE,1.0,HOMEIMPROVEMENT,C,15566,14.27,0.43,N,3,652,0
65,53619,MORTGAGE,11.6,HOMEIMPROVEMENT,C,20370,9.63,0.38,N,27,677,0
32,77843,OWN,10.9,PERSONAL,C,10488,11.39,0.13,N,8,676,0
52,204644,RENT,19.3,HOMEIMPROVEMENT,A,40000,6.29,0.2,N,14,789,0
52,80526,MORTGAGE,21.9,MEDICAL,B,10479,9.08,0.13,Y,19,708,0
48,98312,RENT,19.3,EDUCATION,A,27124,5.0,0.28,N,11,776,0
33,36185,RENT,7.1,EDUCATION,C,8862,11.78,0.24,N,3,661,0
51,26488,MORTGAGE,21.7,HOMEIMPROVEMENT,B,6506,8.46,0.25,N,13,712,0
34,50888,MORTGAGE,8.3,DEBTCONSOLIDATION,C,12306,6.81,0.24,N,4,693,0
40,52276,RENT,7.0,VENTURE,B,17941,6.32,0.34,N,8,739,0
38,25665,OWN,9.9,HOMEIMPROVEMENT,B,13045,8.84,0.51,N,6,731,0
49,44126,MORTGAGE,14.7,DEBTCONSOLIDATION,C,9908,9.75,0.22,N,15,663,0
26,62292,MORTGAGE,5.4,HOMEIMPROVEMENT,B,8025,7.74,0.13,N,3,722,0
52,60854,MORTGAGE,26.8,PERSONAL,B,29985,7.84,0.49,N,18,737,0
49,66341,RENT,12.0,DEBTCONSOLIDATION,B,8735,5.0,0.13,N,14,713,0
63,58371,MORTGAGE,28.5,VENTURE,B,2533,6.84,0.04,N,29,712,0
22,36163,RENT,0.7,HOMEIMPROVEMENT,B,3905,10.26,0.11,N,1,711,0
43,36013,MORTGAGE,16.1,MEDICAL,B,14718,9.3,0.41,N,13,736,0
39,23876,RENT,7.6,DEBTCONSOLIDATION,C,8840,11.84,0.37,N,11,656,0
51,143037,RENT,4.2,EDUCATION,A,19355,8.2,0.14,N,22,776,0
25,49418,MORTGAGE,2.5,DEBTCONSOLIDATION,C,8532,10.57,0.17,N,2,691,0
39,42834,RENT,11.1,MEDICAL,B,16788,10.65,0.39,N,7,737,0
54,28077,RENT,6.6,MEDICAL,B,15050,10.23,0.54,N,10,710,0
30,250000,MORTGAGE,9.0,MEDICAL,A,40000,7.1,0.16,N,3,784,0
45,25745,MORTGAGE,4.2,VENTURE,C,8133,12.35,0.32,N,12,687,0
22,37899,MORTGAGE,3.0,VENTURE,C,7529,11.67,0.2,N,2,660,0
31,62912,RENT,7.7,DEBTCONSOLIDATION,D,14261,12.2,0.23,N,4,645,0
51,70271,RENT,10.9,VENTURE,B,9378,8.02,0.13,N,9,728,0
35,87095,RENT,6.3,EDUCATION,C,14454,10.86,0.17,N,5,662,0
29,145011,MORTGAGE,6.8,PERSONAL,A,13955,5.0,0.1,N,2,816,0
43,66416,MORTGAGE,13.0,DEBTCONSOLIDATION,A,17275,5.79,0.26,N,16,751,0
39,26013,RENT,12.0,HOMEIMPROVEMENT,C,7149,7.46,0.27,N,13,687,0
29,42017,RENT,4.1,HOMEIMPROVEMENT,A,4939,6.59,0.12,N,3,788,0
55,58965,RENT,16.3,DEBTCONSOLIDATION,B,5231,11.5,0.09,N,11,706,0
41,169555,RENT,18.2,PERSONAL,A,18906,8.4,0.11,N,15,761,0
29,21190,RENT,2.7,HOMEIMPROVEMENT,C,4619,12.11,0.22,N,2,662,0
48,100865,MORTGAGE,11.8,DEBTCONSOLIDATION,B,39950,8.06,0.4,N,15,709,0
66,54608,RENT,14.6,DEBTCONSOLIDATION,B,8877,9.87,0.16,N,30,707,0
27,81040,MORTGAGE,5.7,MEDICAL,B,26884,12.28,0.33,N,4,713,0
36,46110,MORTGAGE,11.4,EDUCATION,C,6197,11.61,0.13,N,3,675,0
36,29570,RENT,5.5,HOMEIMPROVEMENT,C,4056,9.2,0.14,N,5,696,0
53,76920,MORTGAGE,5.5,EDUCATION,D,9146,9.48,0.12,Y,23,623,0
24,72595,MORTGAGE,0.6,DEBTCONSOLIDATION,C,28099,8.25,0.39,N,1,681,0
24,87836,RENT,2.4,PERSONAL,E,16536,13.84,0.19,Y,2,596,1
59,48631,MORTGAGE,15.9,DEBTCONSOLIDATION,E,23699,13.34,0.49,Y,24,591,1
60,34204,RENT,33.3,HOMEIMPROVEMENT,B,10182,11.1,0.3,Y,25,740,0
37,19239,MORTGAGE,8.1,EDUCATION,E,3141,13.2,0.16,Y,8,588,1
57,80147,MORTGAGE,10.9,MEDICAL,B,22733,6.51,0.28,N,12,729,0
59,63217,MORTGAGE,29.7,MEDICAL,B,8312,8.21,0.13,N,20,735,0
49,27461,MORTGAGE,13.8,DEBTCONSOLIDATION,C,6731,10.87,0.25,N,10,662,0
56,35484,MORTGAGE,19.7,PERSONAL,B,9691,8.63,0.27,N,12,714,0
58,37047,MORTGAGE,6.7,VENTURE,D,22032,11.8,0.59,N,24,630,0
59,20134,MORTGAGE,15.1,HOMEIMPROVEMENT,D,10096,12.48,0.5,Y,11,626,0
57,30013,RENT,29.7,DEBTCONSOLIDATION,B,7269,5.76,0.24,N,7,727,0
55,24827,MORTGAGE,19.0,MEDICAL,A,1031,6.43,0.04,N,13,771,0
27,38273,RENT,3.1,MEDICAL,D,3432,13.14,0.09,N,4,648,0
47,31469,RENT,15.6,PERSONAL,B,4570,11.41,0.15,N,16,721,0
48,18468,MORTGAGE,22.1,MEDICAL,B,1424,6.55,0.08,N,17,738,0
42,164975,RENT,7.0,HOMEIMPROVEMENT,B,40000,7.57,0.24,N,12,705,0
34,103935,RENT,7.3,PERSONAL,D,34189,13.38,0.33,Y,8,616,1
27,30717,MORTGAGE,6.9,EDUCATION,D,8679,14.75,0.28,N,4,633,0
57,57725,RENT,8.6,PERSONAL,D,15597,11.7,0.27,N,13,644,0
42,62974,RENT,14.5,HOMEIMPROVEMENT,B,17820,9.58,0.28,N,9,707,0
25,100172,MORTGAGE,3.7,HOMEIMPROVEMENT,C,11443,9.32,0.11,Y,3,676,0
22,29996,MORTGAGE,2.3,EDUCATION,C,6266,11.93,0.21,N,1,675,0
47,94396,MORTGAGE,10.0,DEBTCONSOLIDATION,B,12134,8.44,0.13,N,10,724,0
41,35286,MORTGAGE,7.4,PERSONAL,E,4460,15.61,0.13,Y,9,583,0
58,21993,MORTGAGE,23.2,HOMEIMPROVEMENT,D,8198,12.28,0.37,N,18,632,0
35,75696,MORTGAGE,4.3,HOMEIMPROVEMENT,B,6621,9.31,0.09,N,7,723,0
41,106346,MORTGAGE,9.1,EDUCATION,C,31470,8.62,0.3,N,12,693,0
30,231594,MORTGAGE,2.8,VENTURE,B,40000,8.43,0.17,N,5,701,0
43,23864,MORTGAGE,2.6,PERSONAL,E,6175,12.29,0.26,Y,16,584,1
59,74559,RENT,31.9,HOMEIMPROVEMENT,A,28365,7.92,0.38,N,15,751,0
25,38335,RENT,2.8,MEDICAL,D,6523,13.43,0.17,Y,3,631,1
21,78434,RENT,2.3,EDUCATION,B,9358,10.47,0.12,N,1,713,0
33,20286,MORTGAGE,3.0,VENTURE,C,1503,10.04,0.07,N,5,664,0
41,22979,RENT,11.8,VENTURE,B,6156,6.16,0.27,N,14,711,0
46,30775,MORTGAGE,6.7,EDUCATION,B,1752,8.55,0.06,N,10,700,0
65,51399,MORTGAGE,30.7,VENTURE,C,27073,10.24,0.53,N,15,688,0
41,33367,MORTGAGE,14.9,HOMEIMPROVEMENT,C,7759,11.07,0.23,N,10,665,0
38,72797,RENT,3.6,VENTURE,C,35992,12.91,0.49,N,4,683,1
57,90774,MORTGAGE,28.8,PERSONAL,C,40000,11.81,0.44,Y,18,699,0
65,70245,RENT,11.1,MEDICAL,B,5455,9.47,0.08,N,16,744,0
52,129478,MORTGAGE,18.0,HOMEIMPROVEMENT,A,19836,6.78,0.15,N,13,761,0
56,62912,MORTGAGE,30.0,EDUCATION,A,10695,7.8,0.17,N,22,773,0
37,23620,RENT,13.6,MEDICAL,A,4129,7.75,0.17,N,10,786,0
55,111082,OWN,28.5,DEBTCONSOLIDATION,A,22689,9.29,0.2,N,15,775,0
31,34095,RENT,4.4,HOMEIMPROVEMENT,B,2807,8.12,0.08,N,6,701,0
41,84647,OTHER,4.0,MEDICAL,C,12921,12.27,0.15,Y,13,658,0
46,126025,RENT,6.5,VENTURE,C,26320,11.09,0.21,Y,16,682,0
24,64473,RENT,2.7,DEBTCONSOLIDATION,D,16297,10.6,0.25,N,1,644,0
54,19976,RENT,23.6,EDUCATION,D,7938,13.48,0.4,Y,12,639,1
38,28256,RENT,4.1,EDUCATION,B,6341,6.27,0.22,N,7,717,0
60,108406,MORTGAGE,23.6,PERSONAL,A,9092,11.2,0.08,Y,12,755,0
55,44290,MORTGAGE,12.1,VENTURE,C,12892,11.64,0.29,N,7,699,0
61,51418,MORTGAGE,14.6,PERSONAL,C,18290,9.81,0.36,N,12,685,0
49,77288,RENT,17.5,PERSONAL,C,22693,10.3,0.29,Y,18,658,0
49,74443,RENT,13.2,VENTURE,B,6332,9.4,0.09,N,14,706,0
58,57946,MORTGAGE,26.7,HOMEIMPROVEMENT,A,10483,5.51,0.18,N,14,797,0
62,43252,RENT,9.2,DEBTCONSOLIDATION,B,6614,8.68,0.15,N,22,720,0
41,40635,MORTGAGE,15.0,PERSONAL,B,5919,10.5,0.15,N,13,712,0
62,82021,MORTGAGE,6.4,MEDICAL,B,26827,7.4,0.33,N,16,738,0
33,68332,RENT,3.5,DEBTCONSOLIDATION,D,30052,12.96,0.44,N,6,638,1
61,42008,MORTGAGE,24.1,HOMEIMPROVEMENT,E,7877,12.76,0.19,Y,9,587,0
37,93832,MORTGAGE,13.3,VENTURE,A,3759,9.58,0.04,N,9,755,0
29,45368,MORTGAGE,3.0,EDUCATION,B,11412,11.03,0.25,N,4,721,0
61,29407,RENT,14.1,HOMEIMPROVEMENT,C,8975,8.45,0.31,N,17,690,0
21,31089,RENT,1.4,PERSONAL,C,6650,7.89,0.21,N,1,654,0
22,27248,RENT,1.0,MEDICAL,D,7064,11.8,0.26,N,2,638,1
49,41629,RENT,20.7,DEBTCONSOLIDATION,D,10458,12.99,0.25,Y,15,604,0
53,102768,RENT,22.5,VENTURE,A,21245,5.58,0.21,N,14,772,0
30,30240,MORTGAGE,2.4,EDUCATION,B,3064,11.61,0.1,N,2,717,0
60,54889,MORTGAGE,17.8,DEBTCONSOLIDATION,B,25321,8.1,0.46,N,21,732,0
41,33056,MORTGAGE,14.8,MEDICAL,D,5697,12.48,0.17,Y,14,639,0
48,41932,RENT,10.1,EDUCATION,C,6277,9.65,0.15,N,17,664,0
31,19810,OWN,7.1,VENTURE,D,7667,9.1,0.39,N,8,645,0
54,42945,RENT,4.9,DEBTCONSOLIDATION,D,19178,13.83,0.45,Y,9,621,1
28,43642,MORTGAGE,5.3,HOMEIMPROVEMENT,C,5227,9.42,0.12,N,3,662,0
42,67790,OWN,5.0,PERSONAL,D,30720,13.69,0.45,Y,11,607,0
28,56048,MORTGAGE,6.8,VENTURE,E,9686,11.61,0.17,Y,3,596,1
35,23884,OTHER,5.9,MEDICAL,C,7416,10.79,0.31,N,3,652,0
37,93950,MORTGAGE,5.6,HOMEIMPROVEMENT,C,35073,10.7,0.37,N,7,658,0
43,55613,RENT,17.2,DEBTCONSOLIDATION,B,10063,8.92,0.18,N,8,722,0
44,55217,RENT,3.5,EDUCATION,E,6954,12.47,0.13,Y,8,577,1
65,48751,RENT,17.7,HOMEIMPROVEMENT,C,11068,11.06,0.23,N,30,689,0
39,35930,RENT,7.5,HOMEIMPROVEMENT,B,6234,10.28,0.17,N,6,725,0
25,55864,MORTGAGE,2.1,MEDICAL,B,16172,10.85,0.29,N,1,720,0
52,65209,RENT,25.1,PERSONAL,A,3347,6.65,0.05,N,8,775,0
64,18000,MORTGAGE,28.8,HOMEIMPROVEMENT,A,2499,5.39,0.14,N,27,783,0
21,35480,RENT,0.4,HOMEIMPROVEMENT,D,2975,11.75,0.08,N,1,642,0
43,42067,MORTGAGE,15.0,PERSONAL,B,8592,9.98,0.2,N,6,707,0
57,57165,OWN,18.3,PERSONAL,B,28622,10.14,0.5,N,12,702,0
28,100306,RENT,7.3,EDUCATION,A,10114,9.0,0.1,N,5,795,0
33,30851,MORTGAGE,4.8,DEBTCONSOLIDATION,C,5838,10.48,0.19,N,5,678,0
28,36359,MORTGAGE,5.0,EDUCATION,B,9527,12.44,0.26,N,6,711,0
43,36043,RENT,11.3,PERSONAL,B,16005,9.69,0.44,N,11,741,0
63,30305,MORTGAGE,19.9,VENTURE,B,2709,10.11,0.09,N,13,729,0
21,39802,RENT,1.3,PERSONAL,C,3771,10.57,0.09,N,1,674,0
65,77845,MORTGAGE,11.5,EDUCATION,B,10043,8.86,0.13,N,16,710,0
44,26048,MORTGAGE,16.4,MEDICAL,D,14168,11.19,0.54,N,8,620,1
55,63366,MORTGAGE,15.4,MEDICAL,D,22933,12.35,0.36,Y,13,621,1
44,18000,MORTGAGE,20.0,DEBTCONSOLIDATION,C,1496,11.85,0.08,N,15,671,0
37,35003,RENT,5.4,HOMEIMPROVEMENT,D,6672,11.01,0.19,Y,5,646,0
25,40227,MORTGAGE,4.0,MEDICAL,D,2835,10.84,0.07,N,2,643,0
40,133909,MORTGAGE,16.7,EDUCATION,A,7137,5.74,0.05,N,4,776,0
41,41569,MORTGAGE,13.0,MEDICAL,B,15311,9.42,0.37,N,14,732,0
60,18000,MORTGAGE,29.8,VENTURE,A,3065,6.24,0.17,N,15,758,0
51,18000,RENT,22.4,PERSONAL,B,2859,10.17,0.16,N,10,702,0
66,50031,OTHER,16.9,PERSONAL,B,11448,8.76,0.23,N,23,742,0
56,70845,RENT,19.8,EDUCATION,B,18587,8.59,0.26,N,20,727,0
31,61406,MORTGAGE,2.7,HOMEIMPROVEMENT,C,12723,12.16,0.21,N,7,677,0
35,54205,RENT,8.1,PERSONAL,C,11168,12.39,0.21,N,6,688,0
39,98455,OTHER,5.5,MEDICAL,B,36622,5.98,0.37,N,12,716,0
27,35463,MORTGAGE,5.6,VENTURE,D,3337,9.17,0.09,N,3,643,0
48,83863,MORTGAGE,14.1,HOMEIMPROVEMENT,B,17848,10.3,0.21,N,7,707,0
63,18412,RENT,17.5,HOMEIMPROVEMENT,B,7545,12.11,0.41,N,28,702,0
25,28482,MORTGAGE,2.0,HOMEIMPROVEMENT,C,2083,8.49,0.07,N,3,671,0
25,18000,MORTGAGE,5.6,PERSONAL,D,9304,13.02,0.52,N,3,611,0
50,41568,MORTGAGE,4.8,DEBTCONSOLIDATION,C,3978,8.04,0.1,N,21,667,0
52,47678,RENT,4.4,HOMEIMPROVEMENT,B,6386,6.76,0.13,N,16,703,0
28,52494,MORTGAGE,2.5,EDUCATION,C,16873,12.83,0.32,N,2,697,0
30,50875,RENT,9.4,MEDICAL,C,19942,11.61,0.39,Y,7,655,0
58,28098,MORTGAGE,31.4,DEBTCONSOLIDATION,B,1536,7.11,0.05,Y,13,707,0
67,43732,RENT,27.4,VENTURE,A,8882,7.37,0.2,N,22,763,0
52,19960,RENT,24.3,MEDICAL,D,11293,10.85,0.57,N,10,623,0
48,111072,RENT,7.5,EDUCATION,A,8354,7.17,0.08,N,10,759,0
37,40856,RENT,14.8,EDUCATION,C,7926,9.41,0.19,N,10,692,0
51,36558,RENT,6.6,DEBTCONSOLIDATION,D,8072,11.84,0.22,N,13,639,0
28,127180,OWN,1.7,MEDICAL,B,40000,9.44,0.31,N,5,728,0
60,23263,MORTGAGE,7.5,PERSONAL,C,3199,8.64,0.14,N,25,699,0
45,24950,RENT,13.5,EDUCATION,D,8754,10.11,0.35,Y,10,649,1
29,25393,MORTGAGE,7.1,HOMEIMPROVEMENT,D,3169,13.15,0.12,Y,5,606,1
22,47064,MORTGAGE,1.4,VENTURE,E,23103,12.0,0.49,Y,2,592,1
35,63511,OWN,13.3,VENTURE,D,29561,10.78,0.47,N,9,631,0
23,76405,RENT,2.0,EDUCATION,C,14697,9.89,0.19,Y,2,697,0
56,229394,RENT,7.8,HOMEIMPROVEMENT,B,16863,8.63,0.07,N,14,734,0
24,18000,OWN,2.6,MEDICAL,D,9576,11.41,0.53,N,2,621,0
34,70632,RENT,9.2,VENTURE,D,9237,14.0,0.13,Y,6,610,0
61,35091,RENT,29.3,HOMEIMPROVEMENT,C,8824,11.34,0.25,Y,16,669,0
61,34480,RENT,18.1,HOMEIMPROVEMENT,C,3819,12.94,0.11,N,23,691,0
45,33797,RENT,13.9,PERSONAL,B,15610,8.58,0.46,N,7,722,0
30,28416,OTHER,3.4,EDUCATION,C,7785,11.1,0.27,N,8,687,0
41,134687,RENT,12.7,HOMEIMPROVEMENT,C,11511,11.85,0.09,N,13,699,0
56,81257,OWN,30.0,MEDICAL,B,22895,8.08,0.28,Y,13,707,0
32,49707,OTHER,1.9,VENTURE,B,7132,8.36,0.14,N,3,724,0
47,110261,MORTGAGE,20.9,PERSONAL,B,20713,10.7,0.19,N,16,725,0
60,19781,RENT,20.7,MEDICAL,C,1763,11.2,0.09,N,23,682,0
22,22061,RENT,1.1,VENTURE,C,10096,10.59,0.46,N,2,668,0
33,18000,MORTGAGE,11.5,EDUCATION,C,2205,9.02,0.12,Y,4,653,0
52,32220,RENT,14.9,MEDICAL,C,7631,8.68,0.24,N,8,668,0
51,54015,MORTGAGE,11.0,VENTURE,B,19663,8.12,0.36,N,21,727,0
36,52141,RENT,4.1,PERSONAL,D,4225,11.15,0.08,Y,5,612,0
52,53616,OWN,9.2,VENTURE,B,11901,7.14,0.22,N,19,743,0
52,21022,MORTGAGE,23.2,HOMEIMPROVEMENT,C,5448,8.19,0.26,N,7,658,0
54,79371,MORTGAGE,19.1,PERSONAL,C,33656,7.91,0.42,N,20,690,0
31,56600,MORTGAGE,9.6,MEDICAL,B,8533,8.25,0.15,N,3,702,0
30,76102,RENT,3.1,DEBTCONSOLIDATION,C,15653,10.89,0.21,N,6,665,0
35,18000,RENT,3.1,EDUCATION,C,3593,9.86,0.2,N,7,676,0
37,59094,RENT,2.0,PERSONAL,C,2837,10.0,0.05,N,12,691,0
60,24036,RENT,19.1,PERSONAL,B,4911,9.54,0.2,N,9,704,0
38,38623,MORTGAGE,16.0,PERSONAL,B,3087,6.9,0.08,N,6,706,0
29,67549,RENT,6.5,VENTURE,C,17483,12.65,0.26,N,2,654,0
45,51774,RENT,8.5,HOMEIMPROVEMENT,B,4200,10.43,0.08,N,17,710,0
60,29409,OTHER,30.0,DEBTCONSOLIDATION,B,9165,9.02,0.31,N,20,722,0
34,49205,RENT,10.4,EDUCATION,C,13706,10.02,0.28,N,7,662,0
45,19556,MORTGAGE,3.0,EDUCATION,B,3888,11.03,0.2,N,7,721,0
42,97749,RENT,16.1,HOMEIMPROVEMENT,B,23920,6.78,0.24,N,10,743,0
50,43339,RENT,9.9,VENTURE,B,14146,10.64,0.33,N,12,715,0
40,95906,MORTGAGE,4.5,VENTURE,C,18828,8.86,0.2,N,7,683,0
41,35741,OWN,5.9,HOMEIMPROVEMENT,D,5891,14.33,0.16,N,13,612,0
64,35805,RENT,19.7,HOMEIMPROVEMENT,B,8382,10.15,0.23,Y,10,706,0
52,30992,RENT,13.5,MEDICAL,B,8337,10.89,0.27,N,17,703,0
66,82926,RENT,14.5,VENTURE,B,17288,8.78,0.21,N,29,738,0
41,32027,RENT,5.1,PERSONAL,C,6996,10.43,0.22,N,15,696,0
55,72168,RENT,23.4,EDUCATION,A,9286,7.86,0.13,N,21,759,0
52,38969,MORTGAGE,27.0,VENTURE,C,17553,8.85,0.45,N,11,676,0
50,18000,RENT,20.6,HOMEIMPROVEMENT,C,7816,12.61,0.43,N,16,657,0
59,34815,MORTGAGE,12.6,PERSONAL,C,4145,10.07,0.12,N,11,673,0
32,24161,MORTGAGE,3.8,MEDICAL,B,4002,9.72,0.17,N,3,702,0
61,50028,RENT,10.9,DEBTCONSOLIDATION,C,15211,8.65,0.3,N,22,655,0
67,23998,RENT,9.6,MEDICAL,D,8697,11.66,0.36,N,30,626,1
38,85441,OTHER,9.7,PERSONAL,D,15181,12.52,0.18,Y,4,626,0
41,46413,RENT,12.0,PERSONAL,C,22234,13.03,0.48,N,5,674,0
33,44065,MORTGAGE,8.9,HOMEIMPROVEMENT,B,2462,9.29,0.06,N,7,708,0
41,72659,RENT,13.3,DEBTCONSOLIDATION,D,24693,11.56,0.34,Y,7,621,0
28,87408,MORTGAGE,3.0,HOMEIMPROVEMENT,B,37066,8.52,0.42,N,5,704,0
66,48433,RENT,15.9,EDUCATION,B,18537,7.42,0.38,N,14,741,0
60,30861,RENT,24.2,DEBTCONSOLIDATION,C,16834,12.38,0.55,N,10,698,0
66,18000,RENT,16.5,DEBTCONSOLIDATION,A,2064,6.43,0.11,N,22,752,0
27,32479,RENT,2.2,EDUCATION,B,3916,8.8,0.12,N,5,707,0
43,33849,MORTGAGE,9.1,MEDICAL,D,19176,13.87,0.57,N,13,632,1
64,52272,MORTGAGE,13.4,PERSONAL,C,6778,11.77,0.13,N,28,687,0
52,39851,RENT,5.5,MEDICAL,D,15718,14.84,0.39,N,11,644,0
31,74069,MORTGAGE,8.9,HOMEIMPROVEMENT,B,10842,11.0,0.15,N,8,708,0
42,33935,MORTGAGE,16.7,VENTURE,C,13617,10.47,0.4,N,9,685,0
42,47371,MORTGAGE,6.1,HOMEIMPROVEMENT,B,8743,10.04,0.18,N,15,717,0
63,99747,RENT,6.5,VENTURE,B,11134,7.56,0.11,N,19,718,0
45,60179,MORTGAGE,16.7,PERSONAL,B,17156,8.81,0.29,N,9,722,0
42,47286,RENT,6.0,PERSONAL,C,9835,9.64,0.21,N,7,653,0
48,34160,MORTGAGE,11.3,DEBTCONSOLIDATION,B,2777,11.22,0.08,N,14,718,0
49,33525,MORTGAGE,4.5,PERSONAL,C,9740,8.61,0.29,N,7,662,0
33,29425,MORTGAGE,3.9,EDUCATION,C,6680,10.47,0.23,N,9,661,0
38,35432,OWN,13.1,EDUCATION,C,3997,8.43,0.11,N,6,688,0
22,77141,OWN,2.7,VENTURE,B,38205,10.25,0.5,N,1,729,0
49,42910,RENT,7.6,MEDICAL,C,7509,11.22,0.17,N,9,657,0
41,21810,OWN,7.7,DEBTCONSOLIDATION,B,3812,9.16,0.17,N,4,714,0
35,141619,RENT,3.3,MEDICAL,B,40000,7.28,0.28,N,9,719,0
47,59395,RENT,4.4,VENTURE,D,21236,13.75,0.36,N,14,636,1
51,21074,MORTGAGE,26.2,EDUCATION,D,12493,10.93,0.59,Y,19,613,0
35,37604,MORTGAGE,9.5,HOMEIMPROVEMENT,D,2502,11.32,0.07,N,3,626,0
43,52393,MORTGAGE,12.0,DEBTCONSOLIDATION,A,14875,7.71,0.28,N,16,762,0
44,136319,MORTGAGE,16.5,VENTURE,C,9976,11.09,0.07,Y,9,679,0
64,25213,OWN,31.7,MEDICAL,A,11310,7.47,0.45,N,30,756,0
33,88046,RENT,10.0,VENTURE,A,27405,10.03,0.31,N,3,757,0
42,113515,RENT,2.7,VENTURE,C,27191,10.0,0.24,N,13,691,0
63,33617,OWN,10.4,PERSONAL,B,5462,12.07,0.16,N,22,702,0
57,41501,RENT,21.8,EDUCATION,B,18929,7.98,0.46,N,14,709,0
53,26323,MORTGAGE,12.7,DEBTCONSOLIDATION,A,3832,8.26,0.15,N,8,770,0
23,43387,MORTGAGE,3.9,PERSONAL,C,22260,9.86,0.51,N,2,657,0
39,47956,MORTGAGE,11.9,EDUCATION,B,2593,8.88,0.05,N,4,717,0
43,72823,MORTGAGE,19.2,VENTURE,C,26210,8.6,0.36,N,11,669,0
49,94288,RENT,7.5,EDUCATION,C,24265,12.32,0.26,N,15,680,0
50,31292,MORTGAGE,22.6,MEDICAL,C,9460,11.82,0.3,N,18,696,0
59,18000,RENT,13.3,DEBTCONSOLIDATION,A,1000,9.81,0.06,N,28,754,0
64,48399,RENT,36.5,PERSONAL,A,15012,7.59,0.31,N,15,813,0
67,58461,RENT,10.3,DEBTCONSOLIDATION,B,8995,12.86,0.15,N,17,729,0
45,56934,MORTGAGE,12.5,VENTURE,B,8652,9.09,0.15,N,10,728,0
57,40295,MORTGAGE,25.5,MEDICAL,A,4438,10.25,0.11,N,22,762,0
67,52830,OWN,19.7,EDUCATION,C,19396,10.05,0.37,N,30,686,0
28,121694,MORTGAGE,4.3,EDUCATION,A,19378,8.3,0.16,N,6,773,0
62,61638,MORTGAGE,34.8,MEDICAL,B,16407,10.81,0.27,N,29,702,0
36,39182,OWN,7.2,EDUCATION,D,8433,9.82,0.22,Y,11,606,0
28,36311,MORTGAGE,5.2,PERSONAL,B,9543,9.28,0.26,N,6,706,0
21,44271,MORTGAGE,0.4,HOMEIMPROVEMENT,C,6254,10.23,0.14,N,1,670,0
64,130881,MORTGAGE,31.7,EDUCATION,A,40000,5.0,0.31,N,30,850,0
25,43915,RENT,3.9,VENTURE,C,16869,8.62,0.38,N,4,698,0
23,48442,MORTGAGE,1.9,EDUCATION,B,7040,9.11,0.15,N,1,725,0
21,36702,RENT,0.3,DEBTCONSOLIDATION,C,1714,11.28,0.05,N,1,664,0
24,94787,MORTGAGE,3.1,VENTURE,B,19577,6.86,0.21,N,1,741,0
60,158879,MORTGAGE,4.6,EDUCATION,A,9267,7.34,0.06,N,24,776,0
55,64239,OWN,3.7,EDUCATION,A,4664,7.35,0.07,N,19,762,0
52,51516,MORTGAGE,18.1,VENTURE,E,4301,15.06,0.08,Y,10,583,0
62,50114,MORTGAGE,10.2,PERSONAL,C,7732,11.09,0.15,N,25,681,0
54,18000,MORTGAGE,8.4,HOMEIMPROVEMENT,D,5082,10.86,0.28,Y,9,623,1
63,76656,RENT,25.1,HOMEIMPROVEMENT,A,17330,9.4,0.23,N,27,755,0
45,53130,MORTGAGE,3.7,PERSONAL,C,13045,9.96,0.25,N,16,687,0
30,63386,OWN,3.8,EDUCATION,E,10126,13.56,0.16,Y,8,576,0
41,31988,OWN,4.7,HOMEIMPROVEMENT,C,6335,8.47,0.2,N,6,693,0
66,38922,MORTGAGE,24.3,PERSONAL,D,19193,11.64,0.49,Y,30,645,0
59,38306,RENT,23.1,PERSONAL,B,17397,10.9,0.45,N,15,705,0
47,90488,MORTGAGE,17.5,HOMEIMPROVEMENT,C,32138,10.79,0.36,Y,11,651,0
47,39055,OWN,8.1,VENTURE,B,3928,10.89,0.1,N,12,736,0
22,171030,RENT,0.6,MEDICAL,B,40000,10.22,0.23,N,2,725,0
61,63482,MORTGAGE,6.7,VENTURE,C,8804,9.53,0.14,N,29,663,0
33,22801,MORTGAGE,6.0,EDUCATION,B,8326,9.41,0.37,N,7,720,0
29,45382,MORTGAGE,8.4,VENTURE,B,16514,6.55,0.36,N,7,733,0
56,33156,OTHER,9.6,DEBTCONSOLIDATION,D,9307,10.72,0.28,Y,12,618,0
42,18000,MORTGAGE,6.7,MEDICAL,C,8775,7.27,0.49,N,9,692,0
62,127986,MORTGAGE,7.5,MEDICAL,C,40000,8.22,0.31,N,19,668,0
46,74748,MORTGAGE,14.7,PERSONAL,B,5451,8.33,0.07,N,10,728,0
32,67502,MORTGAGE,8.1,DEBTCONSOLIDATION,C,8704,10.84,0.13,N,9,652,0
37,54135,MORTGAGE,10.5,EDUCATION,B,17140,8.86,0.32,N,10,736,0
34,21392,MORTGAGE,11.2,PERSONAL,D,5072,10.18,0.24,N,7,639,0
34,36674,RENT,7.0,VENTURE,C,9050,11.69,0.25,N,9,674,0
54,81232,RENT,7.0,VENTURE,B,9899,8.57,0.12,N,15,724,0
40,26088,RENT,6.7,HOMEIMPROVEMENT,B,4957,9.58,0.19,N,4,717,0
31,18000,MORTGAGE,7.3,PERSONAL,C,8737,5.39,0.49,N,6,681,0
36,42776,OWN,9.5,DEBTCONSOLIDATION,C,9160,10.6,0.21,Y,9,669,0
51,45023,RENT,15.6,PERSONAL,B,10387,9.64,0.23,N,22,738,0
26,53174,RENT,4.6,PERSONAL,B,17135,5.29,0.32,N,1,730,0
39,75895,RENT,11.5,PERSONAL,C,6330,10.77,0.08,N,9,665,0
57,71866,MORTGAGE,28.0,MEDICAL,B,39084,8.33,0.54,N,9,704,0
24,57254,OWN,3.1,HOMEIMPROVEMENT,D,15279,14.02,0.27,Y,1,633,1
67,100440,MORTGAGE,31.6,EDUCATION,A,18326,6.04,0.18,Y,24,754,0
24,19704,MORTGAGE,1.6,EDUCATION,E,1000,16.0,0.05,Y,1,599,1
40,66353,MORTGAGE,12.6,EDUCATION,A,10719,8.89,0.16,N,12,787,0
30,71390,RENT,8.8,MEDICAL,B,17499,9.25,0.25,N,5,718,0
44,23301,MORTGAGE,9.6,HOMEIMPROVEMENT,C,3866,8.41,0.17,N,8,670,0
55,19896,MORTGAGE,23.9,DEBTCONSOLIDATION,C,7988,10.09,0.4,N,16,663,0
46,31333,MORTGAGE,17.0,HOMEIMPROVEMENT,B,3107,9.31,0.1,N,5,744,0
57,32960,MORTGAGE,5.5,MEDICAL,D,13994,11.41,0.42,N,24,648,0
58,77037,MORTGAGE,20.3,DEBTCONSOLIDATION,B,11252,7.09,0.15,N,8,729,0
41,33903,MORTGAGE,4.4,PERSONAL,C,8371,11.67,0.25,N,4,688,0
60,29324,OWN,32.6,VENTURE,B,12564,8.6,0.43,N,21,729,0
59,33962,OTHER,27.4,PERSONAL,A,4721,6.85,0.14,N,28,804,0
41,95911,MORTGAGE,4.1,EDUCATION,C,19265,12.55,0.2,Y,14,654,0
30,49405,RENT,2.2,PERSONAL,C,8970,11.95,0.18,N,3,668,0
58,44022,MORTGAGE,20.6,MEDICAL,D,6250,13.39,0.14,Y,11,631,0
66,45889,MORTGAGE,16.4,EDUCATION,A,6824,8.3,0.15,N,24,777,0
24,106429,RENT,0.7,VENTURE,C,39935,9.4,0.38,N,3,675,0
65,31272,RENT,22.5,DEBTCONSOLIDATION,B,13842,8.89,0.44,N,17,722,0
40,107937,RENT,8.2,DEBTCONSOLIDATION,B,21763,10.73,0.2,N,9,730,0
37,55619,MORTGAGE,3.2,EDUCATION,D,18824,9.9,0.34,Y,4,626,1
27,44522,MORTGAGE,6.0,PERSONAL,B,10022,6.71,0.23,N,2,740,0
24,219814,RENT,4.4,HOMEIMPROVEMENT,B,40000,10.39,0.18,Y,2,702,0
49,26019,RENT,19.5,HOMEIMPROVEMENT,B,10374,8.7,0.4,N,7,726,0
34,39647,MORTGAGE,10.8,DEBTCONSOLIDATION,B,9362,6.88,0.24,N,4,708,0
23,23401,RENT,1.3,HOMEIMPROVEMENT,D,11202,12.63,0.48,N,1,637,1
44,86810,RENT,7.4,EDUCATION,B,13276,9.26,0.15,N,10,734,0
57,135065,MORTGAGE,9.6,HOMEIMPROVEMENT,B,17409,12.97,0.13,N,8,720,0
36,133512,MORTGAGE,11.4,MEDICAL,C,40000,10.21,0.3,N,8,691,0
24,102167,RENT,4.6,DEBTCONSOLIDATION,B,11858,11.58,0.12,N,3,740,0
44,43539,MORTGAGE,15.6,VENTURE,B,13268,10.49,0.3,N,5,720,0
54,39373,RENT,25.8,HOMEIMPROVEMENT,B,8152,5.48,0.21,N,18,743,0
50,18000,MORTGAGE,17.5,MEDICAL,D,5735,12.0,0.32,Y,19,625,0
38,166295,RENT,7.4,MEDICAL,B,40000,8.33,0.24,N,7,739,0
39,64950,RENT,8.4,EDUCATION,C,8104,10.28,0.12,N,5,675,0
51,36491,MORTGAGE,5.0,DEBTCONSOLIDATION,D,6938,10.69,0.19,N,7,624,0
39,108752,MORTGAGE,2.6,EDUCATION,C,18379,11.58,0.17,Y,10,676,0
66,27346,RENT,28.2,VENTURE,A,3830,7.08,0.14,N,22,766,0
39,62565,RENT,8.5,VENTURE,C,16734,11.68,0.27,N,6,691,0
42,44197,MORTGAGE,11.7,PERSONAL,C,10334,11.67,0.23,Y,14,684,0
44,71912,MORTGAGE,12.7,VENTURE,B,5091,7.86,0.07,N,14,746,0
65,47186,RENT,13.8,DEBTCONSOLIDATION,B,19361,8.57,0.41,N,15,705,0
32,20525,MORTGAGE,6.1,DEBTCONSOLIDATION,A,4072,7.1,0.2,N,8,755,0
50,51294,RENT,13.7,EDUCATION,C,4784,10.42,0.09,N,10,676,0
58,91979,MORTGAGE,14.9,MEDICAL,B,25982,9.44,0.28,N,21,722,0
51,48168,RENT,22.3,PERSONAL,B,8084,8.96,0.17,N,8,700,0
56,78047,RENT,15.8,VENTURE,C,38004,9.32,0.49,N,20,690,0
39,26178,RENT,11.0,MEDICAL,C,12990,10.99,0.5,N,6,670,1
65,48254,MORTGAGE,34.2,EDUCATION,B,20783,10.23,0.43,N,22,731,0
56,33701,RENT,26.8,HOMEIMPROVEMENT,C,16815,10.96,0.5,N,10,669,0
50,76740,RENT,23.1,PERSONAL,C,14017,10.4,0.18,Y,18,674,0
53,49955,RENT,10.1,DEBTCONSOLIDATION,C,10611,10.8,0.21,N,8,674,0
38,74164,RENT,2.5,MEDICAL,A,4962,5.4,0.07,N,5,750,0
48,94148,MORTGAGE,8.5,EDUCATION,A,10740,7.68,0.11,N,8,752,0
67,74233,RENT,14.5,EDUCATION,B,24657,7.01,0.33,N,10,724,0
31,57749,MORTGAGE,9.6,PERSONAL,D,14006,11.41,0.24,Y,7,616,1
65,26932,RENT,26.1,PERSONAL,B,3648,7.12,0.14,N,30,737,0
53,48938,RENT,5.5,VENTURE,B,7157,7.53,0.15,N,20,723,0
37,35601,MORTGAGE,3.7,VENTURE,D,6260,11.1,0.18,Y,11,605,0
26,39877,OWN,1.7,DEBTCONSOLIDATION,D,5193,15.2,0.13,N,1,633,0
24,39154,RENT,3.2,DEBTCONSOLIDATION,B,4936,9.06,0.13,N,1,716,0
40,27229,RENT,13.5,PERSONAL,B,7872,11.04,0.29,N,10,713,0
67,18000,MORTGAGE,34.4,PERSONAL,B,7917,9.79,0.44,N,30,732,0
47,32830,OWN,22.0,MEDICAL,C,14687,11.47,0.45,N,15,674,0
35,55051,OTHER,4.1,VENTURE,B,28094,10.36,0.51,N,6,703,0
26,21831,MORTGAGE,2.5,EDUCATION,C,10146,12.86,0.46,N,2,697,0
67,49484,MORTGAGE,13.1,VENTURE,D,12714,11.98,0.26,Y,13,645,0
34,153301,MORTGAGE,5.6,VENTURE,B,15117,6.04,0.1,N,6,730,0
31,90565,MORTGAGE,9.6,PERSONAL,B,4494,8.82,0.05,N,7,718,0
59,131416,MORTGAGE,20.6,PERSONAL,B,40000,6.99,0.3,N,8,735,0
29,61986,MORTGAGE,6.8,VENTURE,C,3909,7.6,0.06,N,6,698,0
46,98765,MORTGAGE,12.4,HOMEIMPROVEMENT,B,27519,10.01,0.28,N,18,709,0
36,31749,MORTGAGE,2.2,HOMEIMPROVEMENT,D,3927,8.75,0.12,Y,11,628,0
25,33302,MORTGAGE,1.0,DEBTCONSOLIDATION,B,9041,9.64,0.27,N,4,705,0
30,18000,MORTGAGE,5.7,VENTURE,B,5018,6.36,0.28,N,2,726,0
23,99876,MORTGAGE,3.0,HOMEIMPROVEMENT,C,26506,10.24,0.27,N,3,672,0
33,123524,MORTGAGE,3.8,DEBTCONSOLIDATION,C,19385,10.89,0.16,N,5,697,0
63,35175,RENT,27.2,DEBTCONSOLIDATION,C,3778,8.69,0.11,Y,28,699,0
50,42092,RENT,21.4,VENTURE,D,13938,10.61,0.33,Y,9,611,0
65,31184,MORTGAGE,18.3,DEBTCONSOLIDATION,D,16386,10.79,0.53,N,19,646,0
26,61672,MORTGAGE,5.0,PERSONAL,C,13123,11.68,0.21,N,1,664,0
37,96274,RENT,7.3,PERSONAL,C,40000,10.31,0.42,N,4,693,0
65,18000,MORTGAGE,27.0,PERSONAL,A,4484,7.12,0.25,N,30,778,0
39,62671,RENT,13.3,EDUCATION,D,26431,10.76,0.42,Y,12,623,1
62,41522,RENT,35.0,PERSONAL,A,11441,7.39,0.28,N,20,753,0
55,52472,OWN,12.6,PERSONAL,C,16042,11.94,0.31,N,17,659,0
66,64562,MORTGAGE,18.6,VENTURE,A,6139,7.21,0.1,N,27,772,0
46,43786,RENT,6.0,HOMEIMPROVEMENT,B,10087,9.35,0.23,N,10,721,0
25,46066,MORTGAGE,1.7,HOMEIMPROVEMENT,C,13998,10.3,0.3,N,4,661,0
49,43117,RENT,18.1,PERSONAL,C,8502,8.16,0.2,N,13,693,0
57,87744,OTHER,28.9,PERSONAL,A,9661,9.64,0.11,N,20,797,0
40,63023,RENT,8.3,PERSONAL,B,7901,10.72,0.13,N,15,703,0
41,55957,RENT,5.2,DEBTCONSOLIDATION,C,21245,11.32,0.38,N,10,659,0
30,22866,MORTGAGE,3.6,VENTURE,C,2912,10.22,0.13,N,4,673,0
25,39059,MORTGAGE,2.9,VENTURE,C,9624,12.11,0.25,N,4,689,0
56,84052,RENT,11.5,VENTURE,C,24346,9.4,0.29,Y,24,669,0
26,50142,MORTGAGE,2.1,HOMEIMPROVEMENT,D,14364,13.05,0.29,Y,5,622,0
46,72818,RENT,17.2,EDUCATION,B,37233,9.32,0.51,N,13,712,0
24,141479,OWN,0.6,HOMEIMPROVEMENT,D,20151,10.85,0.14,Y,2,648,0
59,91414,RENT,19.6,VENTURE,B,22293,7.95,0.24,N,13,741,0
59,51838,OWN,26.9,MEDICAL,C,27547,11.66,0.53,N,8,698,0
55,36076,MORTGAGE,10.6,EDUCATION,C,10600,7.39,0.29,N,20,682,0
21,18000,RENT,1.6,PERSONAL,B,6095,11.76,0.34,N,1,712,0
44,44310,OWN,14.8,DEBTCONSOLIDATION,C,21809,11.51,0.49,N,13,689,0
56,40311,OTHER,21.2,HOMEIMPROVEMENT,D,3035,11.27,0.08,Y,25,649,0
26,61958,MORTGAGE,3.3,DEBTCONSOLIDATION,C,4321,9.84,0.07,N,5,682,0
61,44696,RENT,14.7,EDUCATION,D,13798,11.94,0.31,N,8,625,1
66,40447,MORTGAGE,32.9,MEDICAL,A,8578,6.72,0.21,N,17,818,0
64,18000,MORTGAGE,29.0,EDUCATION,B,5107,10.59,0.28,Y,28,729,0
51,27889,MORTGAGE,10.7,HOMEIMPROVEMENT,D,5214,11.94,0.19,Y,15,649,0
40,65250,MORTGAGE,3.8,VENTURE,C,5182,10.95,0.08,N,13,671,0
44,137247,RENT,3.9,PERSONAL,A,30099,5.97,0.22,N,16,820,0
45,46234,MORTGAGE,4.5,VENTURE,C,4312,8.39,0.09,N,11,651,0
56,59676,MORTGAGE,19.3,VENTURE,A,3029,5.54,0.05,N,14,752,0
41,86810,RENT,3.1,HOMEIMPROVEMENT,D,25079,13.23,0.29,N,9,637,0
50,30135,MORTGAGE,10.7,VENTURE,D,6136,12.79,0.2,N,16,621,0
44,61089,MORTGAGE,16.3,VENTURE,B,3487,9.64,0.06,N,9,740,0
64,31435,MORTGAGE,14.1,HOMEIMPROVEMENT,D,5914,12.46,0.19,Y,27,648,0
62,82363,RENT,27.9,HOMEIMPROVEMENT,A,20777,8.95,0.25,N,28,752,0
50,53682,MORTGAGE,19.9,MEDICAL,A,8970,8.5,0.17,N,10,779,0
42,58634,RENT,6.5,VENTURE,B,8779,8.29,0.15,N,16,702,0
48,30651,MORTGAGE,18.3,EDUCATION,B,11170,9.62,0.36,N,15,728,0
27,74923,MORTGAGE,5.6,PERSONAL,C,12669,10.93,0.17,N,5,680,0
55,171241,MORTGAGE,14.0,DEBTCONSOLIDATION,A,28705,8.28,0.17,N,9,808,0
48,26775,RENT,7.4,PERSONAL,B,3952,5.0,0.15,N,9,741,0
34,39980,MORTGAGE,7.4,HOMEIMPROVEMENT,D,9346,15.91,0.23,Y,5,613,1
30,56328,OWN,8.9,DEBTCONSOLIDATION,B,4798,10.1,0.09,N,4,726,0
36,78577,RENT,9.9,HOMEIMPROVEMENT,C,11056,10.18,0.14,N,5,695,0
36,35040,MORTGAGE,4.0,MEDICAL,D,5922,10.99,0.17,Y,11,610,0
51,18000,MORTGAGE,19.1,VENTURE,B,2918,8.02,0.16,N,13,738,0
62,110803,MORTGAGE,17.6,HOMEIMPROVEMENT,A,9250,7.99,0.08,N,29,770,0
45,77366,RENT,13.9,HOMEIMPROVEMENT,C,24046,13.59,0.31,N,13,653,0
33,18000,RENT,9.2,PERSONAL,E,4635,15.82,0.26,Y,4,574,1
26,34045,OWN,3.7,VENTURE,D,18710,12.54,0.55,N,3,636,0
64,125606,RENT,30.8,MEDICAL,A,28416,8.23,0.23,N,30,781,0
29,116853,RENT,6.7,HOMEIMPROVEMENT,C,40000,10.55,0.34,N,5,680,0
65,86093,MORTGAGE,24.9,HOMEIMPROVEMENT,C,19529,8.24,0.23,N,9,696,0
56,44105,RENT,7.8,HOMEIMPROVEMENT,F,4902,13.35,0.11,Y,25,542,1
63,51523,MORTGAGE,30.8,PERSONAL,A,10912,7.44,0.21,N,14,818,0
40,45317,MORTGAGE,16.6,HOMEIMPROVEMENT,B,14996,10.36,0.33,N,11,711,0
38,96465,MORTGAGE,3.9,HOMEIMPROVEMENT,C,13615,9.82,0.14,N,9,664,0
63,28983,MORTGAGE,19.9,PERSONAL,A,2390,6.62,0.08,N,16,761,0
41,30227,RENT,6.5,HOMEIMPROVEMENT,C,7266,11.6,0.24,Y,7,668,1
24,89874,RENT,3.8,VENTURE,B,20976,8.81,0.23,N,3,712,0
53,47733,MORTGAGE,21.2,VENTURE,B,10030,7.03,0.21,N,22,746,0
47,112092,RENT,5.8,PERSONAL,B,9025,9.99,0.08,Y,13,705,0
27,32764,OWN,6.4,VENTURE,D,7630,12.57,0.23,Y,2,638,0
26,47435,MORTGAGE,1.8,DEBTCONSOLIDATION,C,17181,8.14,0.36,N,2,695,0
35,28185,RENT,11.2,DEBTCONSOLIDATION,D,3855,10.74,0.14,N,4,648,0
38,49237,MORTGAGE,8.4,DEBTCONSOLIDATION,E,18201,14.1,0.37,N,9,591,1
52,20188,RENT,11.2,MEDICAL,B,3361,11.16,0.17,N,12,727,0
31,36585,RENT,2.7,HOMEIMPROVEMENT,C,5064,10.69,0.14,N,2,680,0
40,20707,MORTGAGE,4.8,MEDICAL,E,3280,11.99,0.16,Y,9,599,0
44,74336,MORTGAGE,14.6,VENTURE,C,19769,8.98,0.27,Y,14,681,0
35,75354,MORTGAGE,8.3,PERSONAL,D,3680,12.14,0.05,Y,10,619,0
27,18000,RENT,1.7,DEBTCONSOLIDATION,C,3303,10.38,0.18,N,4,674,0
41,109133,RENT,4.1,PERSONAL,D,40000,8.44,0.37,Y,12,634,1
62,219355,RENT,6.6,MEDICAL,A,21924,5.0,0.1,N,16,797,0
46,50392,RENT,17.4,VENTURE,B,4968,5.04,0.1,N,12,738,0
64,33367,RENT,27.5,HOMEIMPROVEMENT,B,7327,8.36,0.22,N,25,742,0
34,250000,MORTGAGE,2.3,VENTURE,C,17753,11.4,0.07,Y,9,694,0
57,22217,OWN,19.2,DEBTCONSOLIDATION,C,5023,11.16,0.23,N,16,695,0
41,49615,RENT,3.7,VENTURE,D,14637,10.04,0.3,Y,10,625,1
38,54599,RENT,14.7,PERSONAL,D,11020,10.52,0.2,Y,13,627,0
25,109873,MORTGAGE,5.1,EDUCATION,C,22141,8.02,0.2,N,3,689,0
23,60830,MORTGAGE,2.9,DEBTCONSOLIDATION,D,27181,11.35,0.45,Y,2,649,0
43,36345,OWN,18.7,HOMEIMPROVEMENT,D,10007,13.65,0.28,Y,14,615,0
46,27702,RENT,18.7,DEBTCONSOLIDATION,C,12223,12.05,0.44,N,7,677,0
57,39930,RENT,26.5,DEBTCONSOLIDATION,B,21943,7.16,0.55,N,17,747,0
44,26791,MORTGAGE,13.0,HOMEIMPROVEMENT,C,14269,11.35,0.53,N,17,650,1
39,50447,MORTGAGE,6.6,DEBTCONSOLIDATION,B,11672,8.33,0.23,N,7,706,0
45,34943,MORTGAGE,6.8,PERSONAL,B,7009,9.52,0.2,N,9,705,0
41,20001,MORTGAGE,7.6,VENTURE,C,4987,9.3,0.25,N,11,680,0
32,104097,RENT,7.6,PERSONAL,D,40000,11.21,0.38,Y,4,622,1
61,36366,MORTGAGE,9.5,VENTURE,E,9068,11.24,0.25,Y,20,584,0
53,22905,MORTGAGE,9.8,EDUCATION,B,8481,5.1,0.37,N,9,701,0
24,44313,RENT,2.6,DEBTCONSOLIDATION,B,2827,7.95,0.06,N,2,736,0
62,51073,MORTGAGE,11.6,EDUCATION,B,12230,8.94,0.24,N,22,739,0
27,18000,MORTGAGE,4.6,MEDICAL,C,7834,10.75,0.44,N,3,674,0
42,59813,RENT,17.9,VENTURE,C,7988,8.63,0.13,N,9,660,0
53,26152,RENT,21.8,PERSONAL,B,9001,5.23,0.34,N,11,733,0
37,136846,RENT,10.8,PERSONAL,B,15672,8.19,0.11,N,6,743,0
44,67129,RENT,13.2,DEBTCONSOLIDATION,C,25896,8.48,0.39,N,11,681,0
54,38563,MORTGAGE,15.9,PERSONAL,D,15076,10.54,0.39,Y,11,649,0
48,31347,MORTGAGE,6.9,MEDICAL,C,9161,8.16,0.29,N,17,691,0
63,46028,RENT,32.7,HOMEIMPROVEMENT,A,3613,5.0,0.08,N,24,792,0
61,70804,RENT,11.8,PERSONAL,B,3222,10.19,0.05,N,14,739,0
59,48276,OTHER,6.7,DEBTCONSOLIDATION,C,19481,11.22,0.4,N,10,671,0
42,43032,RENT,15.0,EDUCATION,C,9132,9.66,0.21,N,4,698,0
37,50768,RENT,4.2,PERSONAL,B,6744,10.38,0.13,N,9,719,0
54,34121,RENT,13.0,PERSONAL,C,4334,10.84,0.13,N,11,662,0
26,39897,MORTGAGE,1.0,PERSONAL,C,11963,10.43,0.3,N,1,656,0
66,18000,RENT,9.4,DEBTCONSOLIDATION,D,5934,15.15,0.33,N,18,602,1
26,87924,MORTGAGE,1.8,HOMEIMPROVEMENT,B,8699,11.45,0.1,N,5,725,0
54,58646,RENT,5.0,PERSONAL,B,7790,7.35,0.13,N,19,725,0
21,30820,RENT,1.7,HOMEIMPROVEMENT,D,13955,12.15,0.45,N,1,632,1
30,153160,RENT,8.2,HOMEIMPROVEMENT,C,40000,9.91,0.26,N,3,698,0
41,51648,MORTGAGE,8.3,MEDICAL,B,11151,9.91,0.22,N,5,733,0
25,26326,MORTGAGE,5.0,EDUCATION,D,8515,9.62,0.32,N,1,649,0
22,81964,RENT,1.0,PERSONAL,C,16684,13.06,0.2,Y,2,651,1
42,62244,RENT,7.9,PERSONAL,D,23330,10.72,0.37,Y,8,620,1
22,62115,MORTGAGE,0.8,PERSONAL,C,21659,10.7,0.35,N,1,659,0
30,37969,MORTGAGE,6.4,HOMEIMPROVEMENT,B,8867,7.65,0.23,N,4,709,0
54,64234,RENT,14.2,VENTURE,B,5154,7.97,0.08,N,20,728,0
36,41895,MORTGAGE,9.5,EDUCATION,C,6341,8.52,0.15,Y,6,686,0
59,68429,RENT,26.0,DEBTCONSOLIDATION,D,33550,10.55,0.49,Y,19,624,0
42,18000,RENT,11.6,PERSONAL,D,4266,12.53,0.24,N,16,644,0
32,37785,RENT,7.6,VENTURE,C,10396,9.97,0.28,N,5,687,0
44,137763,MORTGAGE,19.6,VENTURE,A,38653,10.53,0.28,N,12,768,0
67,30938,RENT,15.2,VENTURE,B,5092,9.22,0.16,N,22,703,0
60,34121,MORTGAGE,14.8,EDUCATION,B,3469,8.21,0.1,Y,25,708,0
58,37467,MORTGAGE,24.1,VENTURE,A,5886,6.62,0.16,N,13,772,0
30,23649,MORTGAGE,6.3,DEBTCONSOLIDATION,C,7118,10.67,0.3,N,3,659,0
55,18000,RENT,8.3,PERSONAL,D,7823,13.16,0.43,Y,21,601,1
52,42686,RENT,12.4,DEBTCONSOLIDATION,D,10773,10.95,0.25,N,13,638,0
27,53184,OWN,3.8,PERSONAL,B,29283,7.67,0.55,N,5,701,0
41,47500,MORTGAGE,9.1,MEDICAL,C,11084,11.84,0.23,N,12,674,0
40,44939,MORTGAGE,4.9,HOMEIMPROVEMENT,C,18416,12.05,0.41,N,10,681,0
46,50303,RENT,20.9,VENTURE,B,2525,8.13,0.05,N,6,728,0
24,90554,RENT,3.8,DEBTCONSOLIDATION,C,9969,13.04,0.11,N,3,662,0
66,43727,MORTGAGE,21.0,HOMEIMPROVEMENT,A,3816,6.99,0.09,N,26,761,0
42,34736,RENT,13.8,HOMEIMPROVEMENT,C,10401,12.44,0.3,N,12,660,0
35,41411,MORTGAGE,12.4,HOMEIMPROVEMENT,C,5876,8.49,0.14,N,5,691,0
60,69397,RENT,8.2,HOMEIMPROVEMENT,C,8806,14.03,0.13,Y,28,673,1
41,114372,RENT,6.3,HOMEIMPROVEMENT,C,40000,7.74,0.35,N,8,676,0
35,33627,RENT,8.2,PERSONAL,B,8350,6.69,0.25,N,4,742,0
42,52018,RENT,15.8,EDUCATION,C,20936,14.02,0.4,N,16,665,0
48,60054,RENT,3.8,VENTURE,C,10895,8.43,0.18,N,17,656,0
34,27023,MORTGAGE,12.6,VENTURE,B,3933,9.11,0.15,N,6,705,0
47,49625,RENT,12.1,PERSONAL,A,5084,6.59,0.1,N,19,773,0
61,20345,RENT,15.1,DEBTCONSOLIDATION,B,3654,9.59,0.18,N,10,703,0
60,18000,MORTGAGE,12.8,PERSONAL,B,1000,8.72,0.06,N,10,742,0
48,61086,MORTGAGE,6.7,HOMEIMPROVEMENT,C,13559,10.73,0.22,N,16,653,0
46,38936,RENT,18.3,EDUCATION,D,19605,13.56,0.5,Y,8,609,1
22,55346,MORTGAGE,3.1,VENTURE,D,9473,14.41,0.17,Y,2,614,1
45,48497,OWN,10.5,DEBTCONSOLIDATION,C,14757,10.25,0.3,N,16,652,0
23,27286,RENT,3.8,MEDICAL,D,6731,9.37,0.25,N,1,622,0
28,47707,RENT,6.8,PERSONAL,C,10592,9.06,0.22,N,6,686,0
64,23391,MORTGAGE,20.1,MEDICAL,B,3052,9.96,0.13,Y,10,704,0
53,112936,RENT,20.0,VENTURE,B,35780,8.43,0.32,N,16,747,0
62,21729,MORTGAGE,17.8,PERSONAL,C,5717,11.61,0.26,N,29,679,0
55,43587,OWN,18.2,VENTURE,D,17514,14.59,0.4,N,23,630,0
26,26229,OWN,1.1,PERSONAL,C,8809,11.44,0.34,N,3,652,0
59,69026,RENT,24.1,DEBTCONSOLIDATION,B,7034,8.04,0.1,N,11,732,0
43,40180,RENT,3.4,VENTURE,B,4938,8.36,0.12,N,7,706,0
45,35911,OWN,18.1,MEDICAL,B,6162,9.11,0.17,N,12,708,0
63,81790,MORTGAGE,30.5,EDUCATION,A,38744,9.12,0.47,N,22,758,0
39,49894,RENT,5.6,DEBTCONSOLIDATION,B,12293,8.17,0.25,N,4,718,0
25,66835,MORTGAGE,2.3,DEBTCONSOLIDATION,C,13899,10.78,0.21,N,2,692,0
31,27206,RENT,5.7,PERSONAL,C,1317,8.13,0.05,N,7,696,0
32,21101,RENT,7.2,MEDICAL,C,4790,10.07,0.23,N,5,685,0
30,52277,MORTGAGE,3.6,VENTURE,E,8119,11.52,0.16,Y,3,564,0
28,40485,RENT,5.1,MEDICAL,B,6152,8.2,0.15,N,6,719,0
44,71386,RENT,8.0,DEBTCONSOLIDATION,A,10599,9.66,0.15,N,8,771,0
48,46725,RENT,4.2,PERSONAL,C,22597,10.95,0.48,N,17,670,0
61,55439,MORTGAGE,4.4,MEDICAL,C,5686,10.21,0.1,N,12,675,0
56,18508,RENT,6.5,VENTURE,C,2608,10.41,0.14,N,15,688,0
57,152216,MORTGAGE,25.5,HOMEIMPROVEMENT,C,14308,10.44,0.09,Y,17,699,0
41,44420,MORTGAGE,17.8,DEBTCONSOLIDATION,B,5473,9.38,0.12,N,10,724,0
28,74499,MORTGAGE,4.0,EDUCATION,B,4798,9.92,0.06,N,4,702,0
29,29683,RENT,5.0,EDUCATION,D,5180,10.86,0.17,N,3,612,0
67,58971,MORTGAGE,9.9,DEBTCONSOLIDATION,B,2451,6.71,0.04,N,22,723,0
35,22433,RENT,8.3,HOMEIMPROVEMENT,B,10670,9.34,0.48,N,7,745,0
66,64295,MORTGAGE,9.7,PERSONAL,C,17241,9.03,0.27,N,14,656,0
60,39593,RENT,22.2,MEDICAL,A,7324,8.21,0.18,N,29,764,0
38,49886,RENT,15.1,MEDICAL,B,11138,10.34,0.22,N,12,726,0
62,74517,MORTGAGE,10.4,HOMEIMPROVEMENT,C,32844,9.23,0.44,N,28,663,0
40,23399,RENT,14.0,HOMEIMPROVEMENT,E,4154,12.21,0.18,Y,11,585,0
26,32510,RENT,0.9,VENTURE,C,8060,9.93,0.25,N,2,683,0
32,64498,RENT,5.1,VENTURE,B,12109,7.9,0.19,N,6,713,0
22,172634,MORTGAGE,0.7,EDUCATION,C,34035,8.87,0.2,N,2,681,0
27,45123,RENT,3.1,PERSONAL,B,6601,8.09,0.15,N,1,724,0
36,69890,RENT,4.0,PERSONAL,C,15575,9.07,0.22,N,8,681,0
23,45973,RENT,1.8,HOMEIMPROVEMENT,B,10928,10.37,0.24,N,1,700,0
65,157211,MORTGAGE,18.4,EDUCATION,A,11609,6.72,0.07,N,14,798,0
23,18000,RENT,1.6,EDUCATION,B,3596,7.31,0.2,N,1,705,0
47,51884,RENT,16.2,VENTURE,C,8256,12.69,0.16,N,20,685,0
63,18484,RENT,33.4,MEDICAL,A,4992,6.04,0.27,N,25,802,0
60,18000,RENT,16.0,PERSONAL,C,2143,10.24,0.12,N,14,677,0
58,58599,MORTGAGE,9.4,EDUCATION,C,13262,9.93,0.23,Y,20,665,0
53,53300,MORTGAGE,10.1,VENTURE,C,16746,10.27,0.31,N,11,679,0
48,41319,MORTGAGE,20.9,VENTURE,C,5491,9.54,0.13,Y,15,659,0
21,45994,RENT,1.5,VENTURE,C,15776,8.56,0.34,N,1,669,0
28,250000,OWN,4.2,MEDICAL,A,40000,6.33,0.16,N,4,791,0
57,41986,RENT,8.0,EDUCATION,B,8296,10.77,0.2,N,22,733,0
52,66574,OTHER,14.1,HOMEIMPROVEMENT,C,20510,10.85,0.31,N,14,688,0
63,33202,RENT,13.3,HOMEIMPROVEMENT,C,5290,12.21,0.16,N,20,676,0
57,58520,MORTGAGE,29.6,VENTURE,D,4446,11.43,0.08,Y,21,614,0
24,42491,RENT,4.3,VENTURE,C,17818,9.09,0.42,N,3,678,0
50,38318,RENT,5.1,MEDICAL,C,5551,9.23,0.14,N,16,688,0
26,145996,MORTGAGE,3.7,VENTURE,B,40000,9.54,0.27,N,5,728,0
66,99340,MORTGAGE,12.4,DEBTCONSOLIDATION,B,22786,10.49,0.23,N,29,722,0
39,53212,OTHER,8.1,EDUCATION,B,21657,8.88,0.41,N,12,711,0
52,18000,MORTGAGE,24.3,VENTURE,B,2632,7.34,0.15,N,21,706,0
29,39473,MORTGAGE,5.2,VENTURE,C,10130,11.19,0.26,N,3,697,0
32,248156,RENT,4.7,EDUCATION,A,40000,9.01,0.16,N,5,774,0
31,42685,OTHER,3.2,PERSONAL,D,18255,12.41,0.43,N,6,635,0
66,95028,MORTGAGE,31.7,DEBTCONSOLIDATION,C,40000,13.23,0.42,Y,20,653,0
36,116443,MORTGAGE,9.7,DEBTCONSOLIDATION,A,15687,5.0,0.13,N,11,767,0
21,55903,RENT,1.3,HOMEIMPROVEMENT,C,27092,8.41,0.48,N,1,695,0
65,29581,MORTGAGE,11.9,VENTURE,B,11198,9.33,0.38,N,14,711,0
41,18000,OWN,7.7,EDUCATION,C,7016,9.13,0.39,N,14,665,0
50,73902,RENT,24.7,HOMEIMPROVEMENT,C,21821,12.37,0.3,N,7,656,0
33,30065,RENT,7.0,MEDICAL,D,6479,10.04,0.22,N,4,630,0
54,54485,RENT,13.7,PERSONAL,B,9570,11.5,0.18,N,13,705,0
24,23158,MORTGAGE,2.8,VENTURE,D,4451,10.65,0.19,N,3,626,0
48,41808,RENT,19.4,PERSONAL,B,21255,10.69,0.51,N,14,734,0
58,50022,RENT,13.5,VENTURE,C,16703,9.27,0.33,N,27,672,0
51,57592,RENT,7.4,VENTURE,D,18141,8.78,0.31,Y,10,613,1
47,25112,MORTGAGE,14.8,VENTURE,A,7799,8.15,0.31,N,18,755,0
25,100523,RENT,4.0,PERSONAL,B,21157,9.21,0.21,N,2,747,0
45,34264,RENT,16.2,DEBTCONSOLIDATION,B,11187,7.74,0.33,N,8,711,0
23,18000,OWN,3.6,MEDICAL,C,1537,12.2,0.09,N,2,694,0
53,45916,OWN,12.6,DEBTCONSOLIDATION,C,14710,12.59,0.32,N,8,671,0
24,50042,RENT,0.9,EDUCATION,D,17265,11.53,0.35,Y,2,630,1
45,53979,MORTGAGE,20.8,EDUCATION,B,8383,8.97,0.16,N,10,737,0
40,110999,MORTGAGE,8.9,DEBTCONSOLIDATION,C,23771,11.21,0.21,Y,6,650,0
54,42537,RENT,19.3,MEDICAL,A,1748,8.95,0.04,N,22,754,0
46,45625,RENT,15.9,MEDICAL,B,8430,9.74,0.18,N,11,738,0
25,25288,MORTGAGE,3.4,VENTURE,C,4037,8.7,0.16,N,4,650,0
55,80204,RENT,9.0,VENTURE,B,13957,10.67,0.17,N,24,748,0
48,54752,RENT,18.9,EDUCATION,B,8168,10.68,0.15,N,8,724,0
49,38100,MORTGAGE,20.5,VENTURE,B,6853,7.33,0.18,N,14,724,0
29,18000,MORTGAGE,5.4,VENTURE,E,4702,16.11,0.26,Y,5,561,1
58,116616,MORTGAGE,17.7,MEDICAL,C,25345,12.53,0.22,N,24,699,0
26,23467,RENT,1.4,PERSONAL,D,4317,9.35,0.18,N,5,626,0
39,34380,MORTGAGE,3.3,DEBTCONSOLIDATION,B,14909,9.15,0.43,N,10,749,0
64,60779,RENT,15.5,HOMEIMPROVEMENT,A,13790,8.05,0.23,N,10,796,0
31,23910,MORTGAGE,4.1,HOMEIMPROVEMENT,D,4905,12.63,0.21,N,5,621,0
22,20008,MORTGAGE,3.1,VENTURE,E,1223,15.53,0.06,Y,2,566,0
67,18000,MORTGAGE,31.8,VENTURE,B,5837,9.72,0.32,N,27,707,0
64,75553,RENT,25.8,DEBTCONSOLIDATION,A,18732,7.91,0.25,N,29,780,0
64,35344,MORTGAGE,21.3,HOMEIMPROVEMENT,B,15422,6.08,0.44,N,24,723,0
29,250000,OWN,2.4,MEDICAL,A,19845,5.0,0.08,N,2,850,0
41,26994,MORTGAGE,18.1,HOMEIMPROVEMENT,C,11626,12.12,0.43,N,15,681,0
44,28201,RENT,9.4,HOMEIMPROVEMENT,C,8371,9.8,0.3,N,17,661,0
54,34918,MORTGAGE,6.3,HOMEIMPROVEMENT,C,7884,9.86,0.23,N,9,690,0
42,56719,RENT,10.7,VENTURE,C,34547,8.9,0.61,N,6,669,1
23,36970,MORTGAGE,3.6,VENTURE,C,12554,9.47,0.34,N,2,673,0
32,70784,MORTGAGE,10.1,DEBTCONSOLIDATION,B,13388,9.62,0.19,N,8,717,0
48,27251,RENT,3.2,HOMEIMPROVEMENT,A,1474,7.36,0.05,N,11,767,0
50,21397,RENT,23.1,VENTURE,B,6720,6.48,0.31,N,8,714,0
46,18000,RENT,8.1,DEBTCONSOLIDATION,C,1000,9.71,0.06,N,12,661,0
41,18000,OWN,2.9,HOMEIMPROVEMENT,D,7506,13.3,0.42,N,8,649,0
48,35923,RENT,20.8,MEDICAL,C,4954,11.86,0.14,Y,11,680,0
46,40921,MORTGAGE,19.7,VENTURE,B,13195,8.73,0.32,N,14,731,0
53,33561,OWN,18.1,PERSONAL,C,1236,10.91,0.04,Y,22,675,0
41,103367,RENT,11.5,DEBTCONSOLIDATION,E,40000,12.28,0.39,Y,11,583,1
55,102418,RENT,24.8,VENTURE,B,6933,11.41,0.07,N,20,710,0
54,40099,MORTGAGE,23.4,MEDICAL,B,9951,8.69,0.25,N,19,718,0
61,18000,MORTGAGE,31.1,MEDICAL,B,7924,6.89,0.44,N,20,729,0
67,34890,RENT,23.9,VENTURE,C,7071,7.21,0.2,N,17,696,0
38,34204,RENT,15.5,EDUCATION,B,1336,6.93,0.04,Y,7,703,0
31,33048,MORTGAGE,10.4,DEBTCONSOLIDATION,B,4324,7.77,0.13,N,4,722,0
43,32253,OWN,4.5,HOMEIMPROVEMENT,C,1876,12.79,0.06,N,16,678,0
42,33120,RENT,16.7,HOMEIMPROVEMENT,B,6508,12.5,0.2,Y,14,737,0
37,38873,RENT,8.5,MEDICAL,C,18989,12.57,0.49,N,9,657,0
25,33479,RENT,2.6,VENTURE,C,9164,8.13,0.27,N,4,664,0
64,55547,MORTGAGE,24.3,EDUCATION,B,8394,7.22,0.15,N,29,724,0
31,60853,RENT,1.8,DEBTCONSOLIDATION,D,5987,10.1,0.1,Y,8,631,0
50,28384,MORTGAGE,14.5,PERSONAL,E,16328,13.35,0.58,Y,9,566,1
35,105097,RENT,12.1,HOMEIMPROVEMENT,C,9839,8.56,0.09,Y,9,694,0
47,27226,OWN,7.2,DEBTCONSOLIDATION,B,6145,10.05,0.23,N,14,717,0
55,18570,MORTGAGE,14.7,DEBTCONSOLIDATION,B,2083,8.25,0.11,N,20,731,0
53,61603,MORTGAGE,26.5,EDUCATION,B,12740,10.21,0.21,N,11,724,0
40,30018,RENT,8.8,DEBTCONSOLIDATION,E,13269,13.99,0.44,Y,12,588,1
36,59443,MORTGAGE,6.3,HOMEIMPROVEMENT,B,13410,11.02,0.23,N,7,719,0
54,18000,RENT,14.7,VENTURE,C,6452,8.7,0.36,N,22,695,0
22,113037,RENT,1.9,HOMEIMPROVEMENT,C,31193,11.75,0.28,N,2,678,0
55,73377,RENT,20.1,PERSONAL,C,17957,9.77,0.24,N,11,659,0
60,19924,MORTGAGE,27.7,VENTURE,B,3257,9.06,0.16,N,12,716,0
48,20185,MORTGAGE,12.5,MEDICAL,B,4915,8.01,0.24,N,16,712,0
67,133700,MORTGAGE,32.9,EDUCATION,A,11687,6.8,0.09,N,23,809,0
59,31494,MORTGAGE,19.4,HOMEIMPROVEMENT,C,6347,12.8,0.2,N,19,662,0
26,29717,RENT,2.7,VENTURE,B,2802,10.8,0.09,N,4,719,0
29,18000,MORTGAGE,6.2,DEBTCONSOLIDATION,A,1424,8.41,0.08,N,6,757,0
40,39716,MORTGAGE,13.3,VENTURE,C,7633,9.61,0.19,N,7,694,0
21,42760,MORTGAGE,1.5,HOMEIMPROVEMENT,C,3133,10.01,0.07,N,1,687,0
28,75304,MORTGAGE,1.4,MEDICAL,E,24147,15.05,0.32,Y,6,599,1
43,21174,OWN,5.5,HOMEIMPROVEMENT,E,6770,11.74,0.32,Y,15,591,0
23,19689,MORTGAGE,1.5,MEDICAL,D,5143,12.13,0.26,Y,1,642,0
24,64252,MORTGAGE,1.8,DEBTCONSOLIDATION,D,35676,13.27,0.56,N,1,637,1
45,89683,RENT,15.4,HOMEIMPROVEMENT,D,40000,11.2,0.45,Y,8,649,1
67,19097,MORTGAGE,5.5,VENTURE,C,3784,11.86,0.2,N,30,673,0
58,93798,MORTGAGE,25.2,PERSONAL,C,31121,13.64,0.33,Y,17,678,0
35,50137,RENT,4.9,PERSONAL,C,13124,10.15,0.26,N,6,679,0
41,94379,RENT,7.3,DEBTCONSOLIDATION,B,15669,7.8,0.17,N,4,747,0
55,46998,RENT,17.4,VENTURE,A,11500,8.42,0.24,N,8,750,0
66,18000,MORTGAGE,12.1,PERSONAL,D,3631,12.29,0.2,Y,25,638,0
34,44748,RENT,11.5,DEBTCONSOLIDATION,C,21700,12.44,0.48,N,7,674,0
56,92603,RENT,6.1,MEDICAL,B,11651,10.1,0.13,N,18,746,0
32,28674,MORTGAGE,5.8,VENTURE,D,10722,11.77,0.37,N,3,647,0
37,38840,MORTGAGE,13.2,MEDICAL,C,5359,8.08,0.14,Y,7,655,0
59,44104,RENT,21.8,VENTURE,D,10723,9.5,0.24,Y,24,634,0
29,18000,RENT,3.4,MEDICAL,C,6433,11.96,0.36,N,3,672,0
55,133627,MORTGAGE,14.6,MEDICAL,B,31778,8.41,0.24,N,23,709,0
33,28543,MORTGAGE,8.9,PERSONAL,B,13241,10.8,0.46,N,3,713,0
35,66399,RENT,13.3,VENTURE,C,26644,12.2,0.4,N,4,657,0
38,46535,OWN,14.5,HOMEIMPROVEMENT,D,5790,11.12,0.12,Y,8,643,0
53,104252,RENT,11.9,PERSONAL,C,17688,9.02,0.17,N,23,680,0
26,62544,OWN,6.4,MEDICAL,B,9193,7.96,0.15,N,2,746,0
47,42575,RENT,3.0,MEDICAL,A,2289,8.3,0.05,N,15,753,0
43,28678,RENT,3.0,HOMEIMPROVEMENT,D,7635,9.6,0.27,N,12,634,0
47,79119,RENT,19.6,HOMEIMPROVEMENT,B,15224,9.61,0.19,N,7,746,0
54,18000,RENT,8.6,MEDICAL,C,2330,11.21,0.13,N,11,683,0
66,72224,MORTGAGE,6.8,HOMEIMPROVEMENT,C,37972,9.98,0.53,N,30,698,0
58,25350,MORTGAGE,10.6,EDUCATION,C,2089,10.23,0.08,Y,11,690,0
34,103919,MORTGAGE,6.4,PERSONAL,B,21228,10.81,0.2,N,8,731,0
56,54002,RENT,23.2,VENTURE,B,5044,8.11,0.09,N,25,714,0
28,72147,RENT,5.4,HOMEIMPROVEMENT,C,5059,9.44,0.07,N,2,689,0
55,51492,RENT,9.9,HOMEIMPROVEMENT,D,6767,11.99,0.13,Y,14,627,0
39,18000,RENT,9.5,EDUCATION,D,7031,10.34,0.39,N,6,649,0
50,29247,MORTGAGE,23.9,VENTURE,A,5288,7.87,0.18,N,9,751,0
34,73381,RENT,10.7,EDUCATION,B,22013,6.16,0.3,N,4,736,0
40,54176,MORTGAGE,7.2,VENTURE,B,7927,7.58,0.15,N,11,748,0
45,99567,MORTGAGE,21.3,PERSONAL,B,39915,8.99,0.4,N,15,715,0
60,62440,RENT,25.0,HOMEIMPROVEMENT,A,25184,6.57,0.4,N,22,763,0
44,27446,MORTGAGE,3.7,PERSONAL,B,3344,10.12,0.12,N,17,747,0
34,30404,RENT,2.0,VENTURE,D,16561,13.2,0.54,N,4,606,1
46,52143,RENT,6.1,HOMEIMPROVEMENT,C,27549,10.92,0.53,N,10,653,0
58,18000,MORTGAGE,24.4,EDUCATION,D,5705,10.72,0.32,Y,14,636,0
43,133795,MORTGAGE,5.7,MEDICAL,C,29705,7.76,0.22,Y,7,686,0
42,63898,RENT,11.0,EDUCATION,A,10616,6.76,0.17,N,6,760,0
39,102356,MORTGAGE,3.5,MEDICAL,C,20075,11.25,0.2,N,9,651,0
66,18989,RENT,35.7,EDUCATION,B,1501,8.63,0.08,N,29,729,0
23,103439,MORTGAGE,1.7,VENTURE,A,14551,6.87,0.14,N,3,753,0
62,187006,MORTGAGE,32.4,PERSONAL,B,30633,11.96,0.16,Y,11,706,0
39,22191,MORTGAGE,16.0,MEDICAL,B,2328,10.04,0.1,N,12,740,0
29,77873,MORTGAGE,1.1,VENTURE,D,40000,11.39,0.51,Y,6,622,1
48,49053,MORTGAGE,12.7,PERSONAL,C,11472,11.66,0.23,Y,11,663,0
40,19406,RENT,2.6,PERSONAL,B,3101,11.36,0.16,N,5,707,0
65,65889,RENT,34.6,HOMEIMPROVEMENT,B,9924,8.67,0.15,N,30,748,0
27,80834,MORTGAGE,4.2,HOMEIMPROVEMENT,C,12731,9.45,0.16,N,4,698,0
34,34177,RENT,2.4,HOMEIMPROVEMENT,C,2953,7.57,0.09,N,11,679,0
29,98671,MORTGAGE,1.9,MEDICAL,B,31253,9.38,0.32,N,4,705,0
39,18032,MORTGAGE,7.7,MEDICAL,D,5052,11.44,0.28,N,8,605,0
67,19993,MORTGAGE,37.2,PERSONAL,A,3569,6.77,0.18,N,15,764,0
34,53207,MORTGAGE,9.4,MEDICAL,B,2792,8.97,0.05,Y,11,706,0
58,49773,MORTGAGE,28.3,PERSONAL,C,16363,10.33,0.33,Y,13,667,0
56,31890,MORTGAGE,13.5,VENTURE,C,9027,9.29,0.28,N,8,693,0
60,79678,MORTGAGE,5.5,EDUCATION,D,20640,9.68,0.26,Y,19,634,1
37,67409,MORTGAGE,14.9,PERSONAL,B,9736,5.65,0.14,N,7,744,0
50,82033,RENT,3.6,PERSONAL,C,33348,12.2,0.41,Y,10,657,0
29,45529,MORTGAGE,8.4,VENTURE,C,13204,12.52,0.29,N,5,689,0
53,70371,MORTGAGE,12.5,HOMEIMPROVEMENT,D,21345,11.86,0.3,Y,13,633,0
45,37519,MORTGAGE,2.9,DEBTCONSOLIDATION,D,7759,10.0,0.21,N,10,635,0
34,168096,RENT,9.3,HOMEIMPROVEMENT,A,35951,9.58,0.21,N,3,750,0
31,30105,RENT,10.2,HOMEIMPROVEMENT,C,5094,14.1,0.17,N,6,656,0
55,173369,OWN,28.7,PERSONAL,A,18216,9.05,0.11,N,9,778,0
61,50057,MORTGAGE,9.1,PERSONAL,B,5202,10.42,0.1,N,13,740,0
34,21476,RENT,3.6,MEDICAL,C,1765,9.28,0.08,Y,8,655,0
50,111396,MORTGAGE,15.9,MEDICAL,B,35555,7.37,0.32,N,11,746,0
61,52867,OTHER,23.5,EDUCATION,C,16061,11.57,0.3,Y,12,696,0
24,81688,MORTGAGE,3.7,EDUCATION,C,8562,9.25,0.1,N,2,654,0
24,102161,MORTGAGE,1.4,DEBTCONSOLIDATION,C,34481,9.33,0.34,Y,1,683,1
48,60040,RENT,23.1,MEDICAL,C,23858,10.29,0.4,N,10,688,0
28,34360,MORTGAGE,5.5,PERSONAL,C,8730,10.6,0.25,N,5,695,0
22,88029,MORTGAGE,2.8,VENTURE,C,30972,10.18,0.35,N,2,669,0
61,49043,MORTGAGE,20.6,MEDICAL,B,23938,9.28,0.49,N,24,712,0
66,73977,RENT,18.7,PERSONAL,C,13151,11.03,0.18,Y,21,663,0
42,18000,RENT,18.8,MEDICAL,A,1518,7.5,0.08,N,10,758,0
61,64099,MORTGAGE,21.8,HOMEIMPROVEMENT,A,3869,5.0,0.06,N,25,830,0
36,33417,RENT,12.7,MEDICAL,B,8212,8.56,0.25,N,5,729,0
49,132188,MORTGAGE,23.8,DEBTCONSOLIDATION,A,17375,6.82,0.13,N,8,765,0
50,71243,OWN,18.3,HOMEIMPROVEMENT,A,22526,8.72,0.32,N,17,773,0
32,56608,MORTGAGE,6.8,PERSONAL,E,14384,14.24,0.25,Y,5,566,1
55,65629,MORTGAGE,3.8,HOMEIMPROVEMENT,C,17300,10.39,0.26,N,20,672,0
31,26928,MORTGAGE,1.7,MEDICAL,C,7167,10.39,0.27,N,4,664,0
66,129826,MORTGAGE,11.5,HOMEIMPROVEMENT,B,18976,10.18,0.15,N,17,733,0
41,161914,MORTGAGE,5.3,DEBTCONSOLIDATION,B,40000,8.81,0.25,N,14,709,0
41,62053,MORTGAGE,6.4,VENTURE,C,34788,10.82,0.56,N,9,697,0
25,127292,MORTGAGE,2.2,HOMEIMPROVEMENT,B,22255,10.76,0.17,N,3,721,0
40,34839,MORTGAGE,7.7,DEBTCONSOLIDATION,C,3610,10.5,0.1,N,5,696,0
57,30385,MORTGAGE,15.4,HOMEIMPROVEMENT,A,8148,5.67,0.27,N,11,750,0
23,50239,RENT,0.8,EDUCATION,C,4769,9.68,0.09,N,1,678,0
64,63637,MORTGAGE,6.0,VENTURE,B,15920,7.33,0.25,N,18,733,0
53,38700,OWN,20.0,PERSONAL,B,5759,7.44,0.15,N,24,713,0
29,67687,MORTGAGE,5.2,DEBTCONSOLIDATION,B,5123,11.21,0.08,N,7,702,0
29,58913,MORTGAGE,4.5,HOMEIMPROVEMENT,C,4127,10.82,0.07,N,5,680,0
24,26930,MORTGAGE,3.3,VENTURE,D,5884,8.01,0.22,N,3,628,0
55,66921,MORTGAGE,25.1,PERSONAL,C,31681,9.74,0.47,N,18,696,0
37,82299,MORTGAGE,7.6,VENTURE,C,15250,10.19,0.19,N,7,650,0
54,54332,MORTGAGE,19.8,DEBTCONSOLIDATION,C,15565,12.36,0.29,Y,10,657,0
44,97888,RENT,20.0,EDUCATION,B,10814,7.44,0.11,N,13,739,0
52,23613,RENT,23.4,DEBTCONSOLIDATION,A,4544,8.32,0.19,N,10,758,0
21,64910,MORTGAGE,1.2,DEBTCONSOLIDATION,D,28986,11.76,0.45,N,1,646,0
28,24290,MORTGAGE,5.5,PERSONAL,C,8199,9.52,0.34,N,6,664,0
65,25123,MORTGAGE,10.5,PERSONAL,B,2751,6.77,0.11,N,12,744,0
43,33571,RENT,12.3,HOMEIMPROVEMENT,B,4134,11.47,0.12,N,6,739,0
67,27854,RENT,38.6,MEDICAL,C,7006,10.75,0.25,Y,15,683,0
60,35284,OWN,19.4,DEBTCONSOLIDATION,C,11767,10.64,0.33,N,19,670,0
32,43109,RENT,10.5,PERSONAL,B,6142,10.62,0.14,N,4,727,0
32,81007,MORTGAGE,5.4,DEBTCONSOLIDATION,C,40000,13.11,0.49,N,6,673,0
66,40429,MORTGAGE,38.4,DEBTCONSOLIDATION,B,6215,10.59,0.15,N,16,742,0
67,18932,MORTGAGE,24.8,PERSONAL,A,7475,5.97,0.39,N,22,752,0
35,97152,RENT,2.2,EDUCATION,A,21650,7.95,0.22,N,5,756,0
61,29665,MORTGAGE,22.0,EDUCATION,C,7583,9.72,0.26,N,29,684,0
39,47323,MORTGAGE,6.1,DEBTCONSOLIDATION,B,23318,11.52,0.49,N,9,731,0
46,64082,RENT,3.4,EDUCATION,C,23701,11.35,0.37,N,16,679,0
49,55257,RENT,20.9,DEBTCONSOLIDATION,A,10354,5.96,0.19,N,17,756,0
42,94514,RENT,7.0,HOMEIMPROVEMENT,A,16135,5.0,0.17,N,10,782,0
60,65342,RENT,27.6,PERSONAL,B,9178,10.71,0.14,N,13,744,0
41,29237,MORTGAGE,6.9,DEBTCONSOLIDATION,C,5512,9.65,0.19,N,10,699,0
58,181160,MORTGAGE,9.4,EDUCATION,A,40000,7.17,0.22,N,21,778,0
40,55083,OTHER,17.2,EDUCATION,B,12799,9.03,0.23,Y,9,703,0
49,44873,MORTGAGE,10.9,VENTURE,B,4757,8.05,0.11,N,7,711,0
24,87409,MORTGAGE,3.1,VENTURE,B,31673,9.08,0.36,N,1,720,0
27,56935,RENT,4.7,EDUCATION,C,12511,11.87,0.22,N,3,667,0
48,62288,MORTGAGE,14.8,HOMEIMPROVEMENT,C,21934,11.02,0.35,N,8,654,0
48,218668,MORTGAGE,22.2,MEDICAL,B,40000,11.11,0.18,Y,19,703,0
24,41561,OWN,3.4,DEBTCONSOLIDATION,C,6912,11.75,0.17,N,1,665,0
42,40511,MORTGAGE,9.2,VENTURE,D,14728,12.57,0.36,Y,9,649,1
32,52572,OWN,9.9,DEBTCONSOLIDATION,C,22492,10.44,0.43,N,7,683,0
65,93237,MORTGAGE,10.7,VENTURE,D,13717,11.4,0.15,Y,28,635,0
23,19852,MORTGAGE,2.4,PERSONAL,D,7380,10.01,0.37,N,2,632,0
42,18000,RENT,18.4,PERSONAL,B,1000,10.99,0.06,N,6,704,0
64,34466,MORTGAGE,24.7,EDUCATION,C,12893,10.79,0.37,Y,15,675,0
22,18391,MORTGAGE,2.7,PERSONAL,C,1222,10.61,0.07,N,1,656,0
44,37990,RENT,14.5,PERSONAL,C,11201,8.06,0.29,N,9,696,0
54,66270,RENT,24.8,MEDICAL,B,6830,10.49,0.1,N,13,734,0
47,28725,MORTGAGE,22.1,HOMEIMPROVEMENT,B,2699,8.38,0.09,N,7,740,0
61,20824,RENT,12.5,EDUCATION,B,9747,11.22,0.47,N,28,740,0
21,51103,MORTGAGE,0.7,MEDICAL,C,5709,7.46,0.11,N,1,670,0
28,82250,MORTGAGE,4.4,EDUCATION,B,16031,9.58,0.19,N,4,717,0
43,18000,OWN,14.8,HOMEIMPROVEMENT,B,1418,7.32,0.08,N,17,709,0
58,80188,MORTGAGE,10.4,EDUCATION,B,15107,8.51,0.19,N,21,701,0
26,80048,MORTGAGE,0.8,DEBTCONSOLIDATION,B,12734,9.16,0.16,N,3,702,0
42,86894,RENT,8.2,DEBTCONSOLIDATION,C,34826,10.82,0.4,Y,6,692,1
45,101832,RENT,21.0,DEBTCONSOLIDATION,B,36231,9.09,0.36,N,18,731,0
38,183727,RENT,11.7,PERSONAL,A,29171,6.93,0.16,N,4,761,0
37,39590,RENT,7.2,HOMEIMPROVEMENT,D,10550,11.57,0.27,Y,10,605,0
32,52351,OWN,3.3,MEDICAL,C,16834,7.19,0.32,N,8,696,0
26,38182,MORTGAGE,2.8,MEDICAL,C,5987,10.17,0.16,N,1,653,0
46,49078,RENT,6.1,VENTURE,B,8575,8.46,0.17,N,15,702,0
47,122973,RENT,5.1,MEDICAL,B,16665,10.09,0.14,N,20,743,0
28,21872,MORTGAGE,7.3,DEBTCONSOLIDATION,C,2173,10.12,0.1,N,5,665,0
39,29242,MORTGAGE,16.8,DEBTCONSOLIDATION,A,2427,6.76,0.08,N,8,774,0
62,112006,RENT,9.5,VENTURE,B,4215,9.18,0.04,Y,28,725,0
21,90402,OWN,0.4,PERSONAL,A,34071,9.68,0.38,N,1,765,0
49,39423,RENT,10.3,MEDICAL,B,7714,11.04,0.2,N,17,720,0
65,81849,RENT,19.9,HOMEIMPROVEMENT,A,13756,11.58,0.17,N,23,753,0
55,60157,RENT,9.0,VENTURE,B,11804,7.44,0.2,N,8,703,0
60,120591,MORTGAGE,13.1,MEDICAL,B,32863,8.8,0.27,N,12,735,0
34,51262,RENT,3.8,PERSONAL,B,14334,8.92,0.28,N,3,718,0
55,90706,RENT,23.8,HOMEIMPROVEMENT,B,21466,5.51,0.24,N,9,745,0
65,239236,RENT,28.1,HOMEIMPROVEMENT,A,25405,5.0,0.11,N,9,817,0
40,70182,MORTGAGE,12.0,PERSONAL,B,15779,9.95,0.22,N,9,734,0
33,50493,RENT,5.6,MEDICAL,C,19120,11.69,0.38,N,4,659,0
58,75619,RENT,29.5,EDUCATION,A,27296,7.48,0.36,N,25,795,0
66,39372,RENT,37.4,MEDICAL,A,9977,8.76,0.25,N,27,750,0
28,205413,RENT,2.2,VENTURE,A,40000,5.0,0.19,N,4,778,0
63,54613,MORTGAGE,11.5,VENTURE,D,10411,10.74,0.19,Y,20,611,0
40,41616,RENT,10.3,MEDICAL,B,4327,8.62,0.1,N,7,707,0
53,29690,RENT,5.7,DEBTCONSOLIDATION,C,8047,11.9,0.27,N,15,667,0
46,94687,MORTGAGE,11.4,VENTURE,B,11708,9.28,0.12,N,14,718,0
59,82480,RENT,20.8,EDUCATION,C,16415,11.05,0.2,N,24,698,0
41,36373,RENT,10.7,DEBTCONSOLIDATION,B,18304,12.2,0.5,N,5,712,0
62,69277,RENT,14.6,EDUCATION,C,5663,7.96,0.08,Y,24,677,0
63,19828,OWN,21.6,HOMEIMPROVEMENT,E,5036,12.83,0.25,Y,25,591,0
61,54774,MORTGAGE,33.2,VENTURE,C,22530,10.76,0.41,Y,20,658,0
29,64321,MORTGAGE,2.7,DEBTCONSOLIDATION,C,4046,8.46,0.06,N,3,698,0
44,136543,MORTGAGE,14.5,MEDICAL,A,26369,8.38,0.19,N,12,762,0
57,30869,OWN,5.1,DEBTCONSOLIDATION,D,4502,16.55,0.15,Y,17,615,1
61,22765,MORTGAGE,6.3,HOMEIMPROVEMENT,B,5685,7.63,0.25,N,18,719,0
37,28645,MORTGAGE,9.2,EDUCATION,B,3404,9.49,0.12,N,8,734,0
44,21983,RENT,4.5,HOMEIMPROVEMENT,A,1033,5.87,0.05,N,6,771,0
41,109315,RENT,2.7,PERSONAL,E,40000,11.53,0.37,Y,6,551,1
59,124142,MORTGAGE,9.0,VENTURE,A,24171,6.24,0.19,N,10,780,0
61,59404,OTHER,21.3,MEDICAL,A,12519,8.28,0.21,N,13,757,0
59,102004,MORTGAGE,24.3,EDUCATION,C,15626,10.82,0.15,Y,13,681,0
33,53123,MORTGAGE,3.6,HOMEIMPROVEMENT,C,9559,12.77,0.18,N,4,685,0
31,46301,MORTGAGE,7.4,MEDICAL,C,28160,11.26,0.61,N,3,661,0
66,40141,RENT,10.9,VENTURE,B,6717,9.29,0.17,N,27,712,0
39,40691,RENT,11.1,MEDICAL,C,6871,11.35,0.17,N,12,685,0
31,19366,MORTGAGE,5.0,VENTURE,D,8089,12.85,0.42,N,4,608,0
33,57443,RENT,8.4,VENTURE,C,20101,10.44,0.35,N,5,673,0
66,47848,MORTGAGE,38.2,VENTURE,A,9400,7.82,0.2,N,29,750,0
65,76666,MORTGAGE,35.6,HOMEIMPROVEMENT,A,39879,8.74,0.52,N,24,760,0
21,51850,MORTGAGE,0.3,VENTURE,E,11378,14.39,0.22,Y,1,572,1
60,44461,RENT,30.2,MEDICAL,A,5351,7.05,0.12,N,23,771,0
64,29064,MORTGAGE,6.7,PERSONAL,E,10299,16.0,0.35,Y,17,564,1
39,51189,RENT,16.1,MEDICAL,B,14694,10.19,0.29,N,10,723,0
32,76339,RENT,4.2,HOMEIMPROVEMENT,B,17311,10.49,0.23,N,9,719,0
28,24686,MORTGAGE,3.7,VENTURE,C,12113,9.72,0.49,N,3,653,0
28,51662,RENT,1.6,PERSONAL,C,24180,9.89,0.47,N,6,667,1
65,56377,RENT,8.4,HOMEIMPROVEMENT,B,26081,11.73,0.46,N,16,706,0
32,31861,RENT,8.5,EDUCATION,C,4013,11.88,0.13,N,6,678,0
53,34450,MORTGAGE,26.6,EDUCATION,C,6521,8.38,0.19,Y,15,672,0
65,56295,RENT,24.8,EDUCATION,B,17182,9.68,0.31,N,27,715,0
46,24833,MORTGAGE,16.8,PERSONAL,C,2495,11.1,0.1,Y,6,699,0
59,60473,MORTGAGE,26.0,MEDICAL,B,25154,6.83,0.42,N,21,741,0
48,28646,MORTGAGE,8.5,PERSONAL,C,4411,12.42,0.15,N,17,659,0
25,92754,MORTGAGE,0.9,PERSONAL,A,32570,8.04,0.35,N,3,754,0
28,199325,RENT,1.0,PERSONAL,A,40000,9.42,0.2,N,2,780,0
45,29247,RENT,9.3,EDUCATION,C,5241,10.9,0.18,N,8,653,0
47,67543,RENT,7.8,DEBTCONSOLIDATION,C,15434,9.01,0.23,N,15,650,0
66,31696,RENT,6.9,MEDICAL,C,2963,11.79,0.09,N,30,656,0
43,91543,MORTGAGE,5.6,DEBTCONSOLIDATION,C,12341,8.48,0.13,N,10,683,0
50,22944,RENT,6.0,DEBTCONSOLIDATION,D,5173,11.31,0.23,Y,15,618,1
65,65404,RENT,34.8,PERSONAL,B,27080,5.52,0.41,N,14,745,0
67,29033,MORTGAGE,9.7,MEDICAL,B,5744,7.81,0.2,N,19,720,0
43,43295,MORTGAGE,11.9,DEBTCONSOLIDATION,B,2964,11.53,0.07,N,9,704,0
67,26407,MORTGAGE,25.2,VENTURE,D,9070,11.9,0.34,Y,25,634,0
40,80290,MORTGAGE,10.6,PERSONAL,B,23677,8.86,0.29,N,15,714,0
38,29667,MORTGAGE,3.4,PERSONAL,B,4246,7.52,0.14,N,12,726,0
38,68266,MORTGAGE,6.5,PERSONAL,D,33172,12.61,0.49,N,5,614,1
22,39876,RENT,0.5,VENTURE,C,7192,10.14,0.18,N,1,673,0
24,45766,OTHER,2.3,VENTURE,B,5725,12.05,0.13,N,1,738,0
50,53565,MORTGAGE,7.4,EDUCATION,C,29376,10.47,0.55,N,10,674,0
53,31036,RENT,17.3,HOMEIMPROVEMENT,B,3877,10.1,0.12,N,10,707,0
56,55615,RENT,22.2,MEDICAL,B,10414,8.62,0.19,N,13,702,0
38,122786,MORTGAGE,9.4,HOMEIMPROVEMENT,A,15694,7.48,0.13,N,10,769,0
57,30734,OWN,15.8,PERSONAL,C,7967,10.76,0.26,N,17,686,0
39,99020,RENT,7.8,DEBTCONSOLIDATION,C,24757,8.31,0.25,N,13,698,0
67,120434,RENT,33.8,PERSONAL,A,9653,6.29,0.08,N,15,837,0
48,30040,MORTGAGE,7.6,DEBTCONSOLIDATION,D,8642,11.47,0.29,N,11,647,0
60,20475,OWN,25.8,EDUCATION,A,3043,5.0,0.15,N,15,784,0
40,58757,RENT,13.9,HOMEIMPROVEMENT,B,20568,10.59,0.35,N,6,709,0
53,35297,RENT,13.8,PERSONAL,B,3963,9.97,0.11,N,24,713,0
32,150416,MORTGAGE,4.3,HOMEIMPROVEMENT,B,23902,8.6,0.16,N,5,745,0
35,50055,RENT,7.3,EDUCATION,C,19820,9.21,0.4,N,11,683,0
61,30293,MORTGAGE,7.1,HOMEIMPROVEMENT,C,7285,14.32,0.24,N,16,668,0
59,24629,RENT,5.4,DEBTCONSOLIDATION,C,9252,9.31,0.38,N,12,682,0
22,94272,RENT,0.7,MEDICAL,C,17024,5.55,0.18,N,1,687,0
49,34797,RENT,7.2,EDUCATION,D,3177,12.08,0.09,Y,19,646,0
61,50327,RENT,19.5,HOMEIMPROVEMENT,A,13615,6.4,0.27,N,9,798,0
30,86984,RENT,8.3,PERSONAL,B,30591,6.67,0.35,N,8,726,0
22,36660,RENT,1.1,VENTURE,C,1653,9.69,0.05,N,1,686,0
31,47688,MORTGAGE,9.8,VENTURE,D,6049,11.17,0.13,Y,4,647,0
33,48535,RENT,11.5,EDUCATION,D,17974,11.25,0.37,Y,7,611,1
30,73865,OWN,9.3,VENTURE,C,40000,10.48,0.54,N,3,678,0
34,69873,RENT,11.0,MEDICAL,C,29515,10.42,0.42,N,3,692,0
38,42956,MORTGAGE,7.1,EDUCATION,B,4087,8.95,0.1,N,12,720,0
29,50929,RENT,1.7,PERSONAL,B,6573,7.48,0.13,N,4,725,0
59,39219,RENT,20.4,PERSONAL,A,2630,7.12,0.07,N,18,804,0
48,20199,MORTGAGE,14.7,EDUCATION,B,4904,6.59,0.24,N,8,720,0
23,57214,MORTGAGE,3.5,VENTURE,C,12868,11.7,0.22,N,1,653,0
40,152560,MORTGAGE,17.5,VENTURE,B,40000,9.79,0.26,N,8,710,0
26,28847,MORTGAGE,3.6,PERSONAL,C,10023,10.3,0.35,N,3,668,0
47,30828,MORTGAGE,9.9,MEDICAL,B,1521,7.54,0.05,N,16,743,0
22,29072,RENT,0.9,DEBTCONSOLIDATION,C,6243,8.75,0.21,N,1,669,0
49,75716,MORTGAGE,3.2,VENTURE,C,39546,9.83,0.52,N,18,668,0
58,64157,MORTGAGE,18.3,MEDICAL,A,6849,6.44,0.11,N,10,764,0
23,44572,OTHER,2.4,VENTURE,D,8197,10.69,0.18,Y,1,617,0
36,28259,MORTGAGE,12.2,DEBTCONSOLIDATION,B,8431,7.0,0.3,N,5,727,0
50,51814,RENT,14.5,EDUCATION,C,11415,12.87,0.22,N,18,659,0
60,19172,RENT,31.1,HOMEIMPROVEMENT,B,8424,9.82,0.44,N,24,731,0
22,53426,MORTGAGE,2.2,PERSONAL,D,16673,15.83,0.31,N,1,618,0
37,82695,MORTGAGE,13.1,EDUCATION,B,17601,9.03,0.21,N,4,731,0
61,23139,MORTGAGE,8.8,VENTURE,D,5673,12.32,0.25,Y,23,648,0
32,19545,MORTGAGE,9.8,DEBTCONSOLIDATION,D,6315,11.88,0.32,N,8,624,0
55,126457,RENT,21.2,PERSONAL,C,40000,12.92,0.32,N,21,667,0
63,33960,RENT,9.9,HOMEIMPROVEMENT,D,17131,11.63,0.5,Y,13,633,1
21,96912,RENT,0.7,HOMEIMPROVEMENT,B,7136,10.17,0.07,N,1,730,0
65,44694,MORTGAGE,35.2,DEBTCONSOLIDATION,C,22258,10.26,0.5,N,27,689,0
35,44481,MORTGAGE,2.1,DEBTCONSOLIDATION,C,6107,12.43,0.14,N,5,699,0
46,63770,RENT,11.9,VENTURE,B,2639,8.7,0.04,N,12,707,0
57,28842,MORTGAGE,12.5,PERSONAL,B,2905,11.3,0.1,N,13,702,0
41,53076,RENT,13.0,VENTURE,C,14308,9.6,0.27,N,7,696,0
51,38991,RENT,22.7,HOMEIMPROVEMENT,C,7975,9.06,0.2,N,22,678,0
45,22196,MORTGAGE,9.5,EDUCATION,B,9700,9.44,0.44,N,17,704,0
43,60023,RENT,10.0,EDUCATION,D,10191,9.26,0.17,Y,10,603,0
44,41857,MORTGAGE,20.5,MEDICAL,B,2366,9.93,0.06,N,6,736,0
58,44613,MORTGAGE,25.9,HOMEIMPROVEMENT,B,13271,9.15,0.3,N,22,748,0
48,23715,MORTGAGE,21.8,HOMEIMPROVEMENT,C,2374,12.61,0.1,N,9,696,0
41,127368,RENT,9.4,VENTURE,C,14153,9.4,0.11,Y,6,661,0
63,82952,MORTGAGE,11.9,MEDICAL,B,13272,8.34,0.16,N,17,706,0
38,87421,MORTGAGE,7.8,DEBTCONSOLIDATION,A,40000,6.07,0.46,N,9,754,0
56,40812,MORTGAGE,22.8,MEDICAL,C,13430,10.9,0.33,Y,9,677,0
55,18000,MORTGAGE,6.5,PERSONAL,B,3985,8.74,0.22,N,17,709,0
65,158221,RENT,13.6,VENTURE,A,39836,5.0,0.25,N,9,827,0
29,47256,RENT,1.5,DEBTCONSOLIDATION,C,11726,10.42,0.25,N,7,694,0
58,31279,MORTGAGE,16.1,DEBTCONSOLIDATION,D,11370,13.95,0.36,Y,26,614,1
50,62949,MORTGAGE,21.7,EDUCATION,C,15570,10.48,0.25,N,18,678,0
64,98742,RENT,5.4,PERSONAL,C,10393,9.01,0.11,N,19,697,0
54,48347,RENT,20.6,MEDICAL,B,18659,10.96,0.39,N,11,714,0
52,105571,MORTGAGE,25.6,EDUCATION,A,40000,6.94,0.38,N,19,775,0
23,93882,RENT,1.3,HOMEIMPROVEMENT,C,8803,9.54,0.09,N,3,690,0
23,25698,RENT,2.9,VENTURE,B,16134,10.37,0.63,N,1,701,1
48,32719,RENT,23.5,MEDICAL,C,3956,9.35,0.12,N,12,676,0
64,87074,RENT,35.6,HOMEIMPROVEMENT,B,40000,10.06,0.46,N,16,736,0
35,18000,MORTGAGE,4.5,DEBTCONSOLIDATION,C,3113,8.38,0.17,N,6,696,0
61,44816,RENT,7.3,MEDICAL,C,15630,9.06,0.35,N,17,689,0
43,20774,RENT,5.1,EDUCATION,C,6295,8.19,0.3,N,16,691,0
60,36829,RENT,24.8,PERSONAL,B,14989,10.44,0.41,N,13,716,0
31,40974,RENT,7.9,EDUCATION,B,5582,10.96,0.14,N,5,723,0
52,39539,MORTGAGE,19.4,VENTURE,D,5809,11.14,0.15,Y,22,644,0
56,35194,RENT,12.7,VENTURE,C,4660,10.37,0.13,N,16,698,0
53,25379,MORTGAGE,7.7,MEDICAL,D,14084,12.29,0.55,N,22,632,0
44,193909,RENT,13.2,EDUCATION,A,15647,5.45,0.08,N,5,850,0
59,150313,RENT,18.0,PERSONAL,A,40000,6.32,0.27,N,27,751,0
54,24410,RENT,22.0,DEBTCONSOLIDATION,B,12190,8.38,0.5,N,10,709,0
48,126661,RENT,12.3,VENTURE,B,40000,10.1,0.32,N,20,722,0
57,38573,MORTGAGE,13.1,PERSONAL,A,5260,9.42,0.14,N,11,766,0
27,52971,MORTGAGE,2.7,HOMEIMPROVEMENT,C,29013,12.23,0.55,N,3,662,0
24,47194,MORTGAGE,1.5,MEDICAL,C,8124,9.69,0.17,N,2,699,0
57,32996,RENT,11.2,PERSONAL,C,13370,12.32,0.41,N,16,652,0
21,88460,RENT,0.5,MEDICAL,B,40000,6.03,0.45,N,1,742,0
21,52866,RENT,1.0,HOMEIMPROVEMENT,D,5005,8.68,0.09,Y,2,633,0
67,36830,MORTGAGE,6.2,PERSONAL,A,7098,5.9,0.19,N,17,754,0
40,22409,RENT,5.1,PERSONAL,C,2993,14.89,0.13,N,11,667,0
39,28676,RENT,13.1,DEBTCONSOLIDATION,D,4435,15.23,0.15,Y,5,620,1
49,18309,RENT,10.2,HOMEIMPROVEMENT,C,7642,8.63,0.42,N,18,655,0
30,49381,RENT,6.8,EDUCATION,C,11718,9.8,0.24,N,5,684,0
38,23908,OWN,12.0,PERSONAL,D,7536,10.81,0.32,Y,13,641,0
48,41800,MORTGAGE,15.2,DEBTCONSOLIDATION,D,5385,13.28,0.13,N,12,645,0
55,111531,MORTGAGE,28.5,PERSONAL,A,36403,8.98,0.33,N,11,753,0
63,100667,MORTGAGE,5.2,DEBTCONSOLIDATION,D,40000,12.13,0.4,Y,16,601,1
67,48080,MORTGAGE,30.2,VENTURE,C,24444,10.88,0.51,N,27,687,0
51,46525,RENT,25.4,EDUCATION,A,6888,9.16,0.15,N,17,753,0
47,151436,MORTGAGE,20.4,PERSONAL,A,36152,5.0,0.24,N,17,772,0
31,67000,RENT,2.8,HOMEIMPROVEMENT,B,6706,9.38,0.1,N,3,734,0
58,40268,RENT,13.2,MEDICAL,B,6208,8.87,0.15,N,19,724,0
25,20834,MORTGAGE,1.5,HOMEIMPROVEMENT,C,5196,8.63,0.25,N,4,677,0
28,62088,MORTGAGE,5.2,EDUCATION,C,23762,9.83,0.38,N,2,665,0
54,80627,MORTGAGE,21.5,VENTURE,B,5398,9.54,0.07,N,8,717,0
32,33557,MORTGAGE,4.5,VENTURE,B,4133,9.42,0.12,N,7,713,0
58,58379,RENT,19.1,VENTURE,B,14569,8.98,0.25,N,14,712,0
21,39413,RENT,1.8,DEBTCONSOLIDATION,B,2581,8.97,0.07,N,1,707,0
51,43896,RENT,13.0,HOMEIMPROVEMENT,B,5275,9.32,0.12,N,15,713,0
24,18000,MORTGAGE,4.2,MEDICAL,E,5582,10.35,0.31,N,4,599,0
65,42913,OWN,30.1,MEDICAL,C,2464,12.24,0.06,Y,30,699,0
25,87695,RENT,1.0,DEBTCONSOLIDATION,C,28032,10.05,0.32,N,3,669,0
50,33562,RENT,17.1,PERSONAL,B,6920,9.13,0.21,N,10,741,0
44,50590,MORTGAGE,6.9,DEBTCONSOLIDATION,F,20408,16.82,0.4,Y,8,546,1
23,31145,MORTGAGE,2.5,MEDICAL,B,6806,9.92,0.22,N,3,746,0
31,60855,MORTGAGE,10.0,MEDICAL,C,23207,10.92,0.38,N,6,673,0
65,43048,RENT,33.6,PERSONAL,A,4926,7.25,0.11,N,27,772,0
24,27902,OWN,2.3,HOMEIMPROVEMENT,D,8479,11.27,0.3,N,2,646,0
46,109046,MORTGAGE,8.5,HOMEIMPROVEMENT,B,12847,6.88,0.12,N,7,710,0
47,85593,RENT,7.7,EDUCATION,B,20745,6.76,0.24,N,10,734,0
66,34100,OWN,22.7,HOMEIMPROVEMENT,B,8281,9.63,0.24,N,13,712,0
63,66083,MORTGAGE,8.1,VENTURE,B,4382,8.7,0.07,N,26,712,0
47,67673,RENT,14.1,VENTURE,A,5352,5.6,0.08,N,15,758,0
62,72069,MORTGAGE,4.4,EDUCATION,B,5685,9.55,0.08,N,10,717,0
26,18000,MORTGAGE,2.6,MEDICAL,C,2888,10.92,0.16,N,4,695,0
35,89676,MORTGAGE,4.3,EDUCATION,C,14150,11.72,0.16,N,10,689,0
50,34828,RENT,25.0,PERSONAL,B,15071,9.44,0.43,N,17,732,0
62,39549,OWN,26.8,EDUCATION,B,23578,8.54,0.6,N,20,705,0
57,238644,RENT,13.4,EDUCATION,A,40000,7.48,0.17,N,13,803,0
57,58754,MORTGAGE,6.4,DEBTCONSOLIDATION,C,23544,10.15,0.4,N,25,697,0
62,38878,MORTGAGE,20.3,VENTURE,A,1600,6.02,0.04,N,18,772,0
57,18000,RENT,9.7,PERSONAL,B,4252,8.04,0.24,N,24,705,0
55,112854,RENT,17.6,DEBTCONSOLIDATION,B,19080,10.72,0.17,N,21,706,0
43,21870,MORTGAGE,17.1,PERSONAL,C,7601,10.91,0.35,N,15,674,0
26,26847,RENT,4.2,EDUCATION,C,6047,10.39,0.23,N,5,688,0
24,40182,MORTGAGE,3.3,DEBTCONSOLIDATION,C,13349,10.04,0.33,N,3,690,0
38,114673,MORTGAGE,9.6,DEBTCONSOLIDATION,D,40000,13.63,0.35,Y,4,600,1
29,77959,MORTGAGE,8.2,PERSONAL,C,3855,9.24,0.05,N,3,688,0
49,44591,MORTGAGE,23.3,PERSONAL,A,4785,7.19,0.11,N,6,773,0
33,58981,RENT,6.9,HOMEIMPROVEMENT,A,19601,8.93,0.33,N,4,759,0
67,34192,RENT,15.4,PERSONAL,D,14956,11.82,0.44,N,11,631,0
37,53305,MORTGAGE,8.0,DEBTCONSOLIDATION,B,10096,8.17,0.19,N,8,711,0
65,51225,MORTGAGE,10.8,MEDICAL,C,19757,8.85,0.39,N,10,692,0
52,87663,RENT,18.5,PERSONAL,A,37710,8.07,0.43,N,14,753,0
42,87579,OWN,10.8,VENTURE,B,12144,5.0,0.14,N,15,742,0
24,65932,MORTGAGE,1.0,HOMEIMPROVEMENT,B,9249,11.46,0.14,N,3,726,0
25,39442,RENT,1.7,VENTURE,E,18759,13.08,0.48,N,4,580,1
57,76503,OTHER,17.0,VENTURE,B,26958,9.87,0.35,N,12,716,0
61,46389,MORTGAGE,31.0,MEDICAL,B,5494,10.0,0.12,N,20,719,0
33,25612,RENT,7.4,HOMEIMPROVEMENT,E,3896,13.35,0.15,Y,5,592,1
54,38485,RENT,20.8,EDUCATION,C,6689,8.21,0.17,N,16,680,0
65,51571,MORTGAGE,15.9,DEBTCONSOLIDATION,B,11617,7.36,0.23,N,22,722,0
42,84637,MORTGAGE,12.0,DEBTCONSOLIDATION,B,10176,6.2,0.12,N,5,739,0
43,43909,RENT,10.3,PERSONAL,B,10808,10.66,0.25,N,7,720,0
23,23729,RENT,2.8,DEBTCONSOLIDATION,C,2617,8.19,0.11,N,2,672,0
62,50718,RENT,6.0,MEDICAL,B,9277,7.22,0.18,N,25,746,0
54,52474,MORTGAGE,16.0,DEBTCONSOLIDATION,C,20470,12.55,0.39,N,17,669,0
52,54803,RENT,10.4,MEDICAL,D,16479,9.55,0.3,N,11,648,0
65,85128,RENT,15.4,EDUCATION,B,17614,8.78,0.21,N,18,735,0
41,90341,MORTGAGE,17.8,MEDICAL,C,35068,10.9,0.39,N,5,696,0
66,34319,MORTGAGE,10.9,EDUCATION,C,15103,9.61,0.44,N,30,698,0
64,33870,MORTGAGE,14.6,EDUCATION,C,8533,10.52,0.25,N,29,679,0
41,26262,RENT,10.5,EDUCATION,C,4464,11.15,0.17,N,5,677,0
64,74554,RENT,32.4,MEDICAL,B,3098,10.83,0.04,N,13,748,0
31,116925,RENT,5.1,EDUCATION,C,17826,8.27,0.15,N,6,699,0
59,40576,OWN,25.4,MEDICAL,B,16458,8.54,0.41,N,12,714,0
24,42410,MORTGAGE,4.2,HOMEIMPROVEMENT,B,6969,10.59,0.16,N,4,700,0
21,118192,RENT,1.0,EDUCATION,C,40000,10.08,0.34,N,1,676,0
48,66392,RENT,11.2,MEDICAL,C,7748,9.48,0.12,N,10,678,0
44,63687,MORTGAGE,9.1,MEDICAL,D,17159,12.76,0.27,Y,5,649,0
55,23991,MORTGAGE,25.3,MEDICAL,C,2887,7.1,0.12,Y,22,674,0
33,73661,MORTGAGE,2.0,PERSONAL,B,15569,10.68,0.21,N,6,721,0
67,28071,MORTGAGE,15.5,PERSONAL,C,6743,13.07,0.24,N,25,666,0
54,24824,MORTGAGE,20.7,EDUCATION,C,1646,9.45,0.07,N,12,696,0
31,39812,MORTGAGE,6.4,DEBTCONSOLIDATION,C,7760,9.15,0.19,Y,3,652,0
56,34493,MORTGAGE,15.4,HOMEIMPROVEMENT,B,7409,8.7,0.21,N,20,739,0
37,42917,MORTGAGE,9.1,DEBTCONSOLIDATION,C,11204,10.98,0.26,N,8,680,0
55,20648,MORTGAGE,8.8,EDUCATION,C,2909,8.38,0.14,N,11,661,0
38,87141,OWN,8.0,VENTURE,C,25075,10.28,0.29,N,5,683,0
60,96433,RENT,19.0,VENTURE,D,28627,14.79,0.3,Y,20,628,1
42,18000,RENT,17.5,HOMEIMPROVEMENT,B,4380,10.6,0.24,N,13,730,0
44,88174,MORTGAGE,7.3,HOMEIMPROVEMENT,B,13686,9.12,0.16,N,8,742,0
39,30142,MORTGAGE,14.9,HOMEIMPROVEMENT,C,14547,10.68,0.48,N,11,686,0
57,81976,OWN,21.5,PERSONAL,B,16690,9.2,0.2,N,11,716,0
59,47048,RENT,4.7,PERSONAL,C,3260,10.76,0.07,N,15,671,0
41,49874,MORTGAGE,14.0,VENTURE,D,14299,12.18,0.29,Y,13,613,0
28,43868,RENT,1.2,HOMEIMPROVEMENT,E,4226,13.34,0.1,Y,5,590,1
48,101445,MORTGAGE,23.9,MEDICAL,B,7295,7.19,0.07,Y,10,700,0
25,23300,RENT,5.0,DEBTCONSOLIDATION,B,2309,5.83,0.1,N,1,718,0
37,70594,RENT,5.9,VENTURE,B,5386,7.24,0.08,N,4,741,0
57,94920,RENT,10.9,HOMEIMPROVEMENT,B,9954,11.18,0.1,N,24,700,0
56,75342,MORTGAGE,13.9,MEDICAL,B,3448,10.13,0.05,N,9,713,0
39,197761,RENT,7.3,HOMEIMPROVEMENT,B,40000,9.73,0.2,N,5,738,0
47,35690,RENT,10.5,EDUCATION,B,3561,8.48,0.1,N,9,742,0
54,87062,RENT,11.6,MEDICAL,D,5345,14.06,0.06,Y,15,616,0
31,45997,RENT,7.0,DEBTCONSOLIDATION,C,9390,11.76,0.2,N,7,696,0
65,102748,OWN,10.1,EDUCATION,B,8572,11.3,0.08,N,15,704,0
67,48795,RENT,33.9,PERSONAL,A,3581,6.91,0.07,N,23,755,0
32,38842,RENT,9.4,VENTURE,D,12717,11.51,0.33,Y,3,642,1
41,107327,MORTGAGE,10.0,HOMEIMPROVEMENT,B,9415,8.2,0.09,N,9,724,0
31,36499,MORTGAGE,9.1,VENTURE,C,6256,12.71,0.17,N,3,672,0
59,21001,MORTGAGE,11.2,DEBTCONSOLIDATION,B,4130,10.7,0.2,N,12,720,0
48,35950,MORTGAGE,3.4,HOMEIMPROVEMENT,C,9045,10.79,0.25,N,11,685,0
25,71069,OWN,3.7,EDUCATION,B,16609,10.24,0.23,N,4,714,0
37,113009,RENT,8.0,MEDICAL,C,40000,11.56,0.35,Y,10,652,1
40,52400,OTHER,10.9,MEDICAL,C,6315,9.16,0.12,N,8,670,0
61,108111,MORTGAGE,31.4,HOMEIMPROVEMENT,A,32779,7.94,0.3,N,11,807,0
66,21700,MORTGAGE,37.4,EDUCATION,B,2250,11.18,0.1,N,16,748,0
32,37573,MORTGAGE,7.6,HOMEIMPROVEMENT,B,11006,9.9,0.29,N,6,716,0
26,41227,MORTGAGE,5.1,HOMEIMPROVEMENT,C,4345,9.92,0.11,N,5,685,0
37,45764,RENT,3.0,HOMEIMPROVEMENT,D,8694,10.46,0.19,Y,12,638,1
39,51557,RENT,4.5,MEDICAL,B,6250,8.17,0.12,N,10,735,0
46,74202,OWN,17.2,DEBTCONSOLIDATION,A,13029,5.87,0.18,N,10,760,0
64,37538,MORTGAGE,18.5,HOMEIMPROVEMENT,B,11546,7.95,0.31,N,25,710,0
64,53285,RENT,19.0,MEDICAL,D,28945,12.04,0.54,Y,16,614,1
52,47711,MORTGAGE,10.7,PERSONAL,C,3616,11.22,0.08,N,17,664,0
26,28126,MORTGAGE,4.2,EDUCATION,D,5626,9.28,0.2,N,2,640,0
56,45789,RENT,8.7,PERSONAL,B,12564,8.9,0.27,N,12,733,0
58,44972,MORTGAGE,21.6,HOMEIMPROVEMENT,C,15904,12.5,0.35,N,9,684,0
31,44398,MORTGAGE,2.9,MEDICAL,B,9298,9.86,0.21,N,5,714,0
53,49963,RENT,5.1,EDUCATION,B,10305,9.61,0.21,N,17,725,0
44,51297,OWN,8.6,VENTURE,C,21892,10.28,0.43,N,15,699,0
43,37821,RENT,6.5,EDUCATION,B,10156,7.24,0.27,N,15,700,0
35,105201,MORTGAGE,12.3,EDUCATION,D,30898,10.09,0.29,Y,11,612,0
47,24301,RENT,4.0,HOMEIMPROVEMENT,D,6047,12.7,0.25,N,7,630,0
31,31806,MORTGAGE,2.9,PERSONAL,C,7110,12.03,0.22,N,5,657,0
37,250000,RENT,9.2,PERSONAL,A,40000,6.78,0.16,N,8,843,0
34,26296,RENT,7.0,VENTURE,B,10234,11.01,0.39,N,9,721,0
47,21758,MORTGAGE,3.8,HOMEIMPROVEMENT,C,8737,9.94,0.4,N,9,665,0
38,76167,RENT,2.1,EDUCATION,B,40000,10.57,0.53,N,4,717,0
48,18000,MORTGAGE,23.7,DEBTCONSOLIDATION,C,4911,11.69,0.27,N,10,680,0
67,42567,MORTGAGE,27.5,PERSONAL,B,4843,11.01,0.11,N,30,730,0
67,177636,OTHER,17.4,PERSONAL,A,40000,10.4,0.23,Y,30,753,0
24,19400,MORTGAGE,2.6,MEDICAL,C,5085,9.82,0.26,Y,2,675,0
27,18000,RENT,2.6,EDUCATION,B,1000,9.08,0.06,N,5,714,0
65,19940,RENT,16.0,HOMEIMPROVEMENT,D,4543,11.65,0.23,N,10,645,0
55,84037,MORTGAGE,20.5,PERSONAL,A,40000,6.45,0.48,N,13,763,0
29,96265,MORTGAGE,7.9,HOMEIMPROVEMENT,B,15138,10.93,0.16,N,6,712,0
28,36042,RENT,2.3,EDUCATION,C,17040,9.75,0.47,N,3,686,0
65,73860,MORTGAGE,32.3,EDUCATION,C,15234,11.7,0.21,Y,14,690,0
37,112888,MORTGAGE,3.5,PERSONAL,B,28630,10.45,0.25,N,11,747,0
37,143258,OWN,4.8,VENTURE,B,33433,8.29,0.23,N,9,730,0
53,42285,OWN,4.4,HOMEIMPROVEMENT,A,6235,5.0,0.15,N,24,789,0
52,18000,OTHER,6.8,HOMEIMPROVEMENT,B,3052,8.98,0.17,N,9,720,0
28,29955,MORTGAGE,7.4,MEDICAL,D,6108,13.31,0.2,N,3,646,0
39,37945,OWN,8.9,EDUCATION,D,6353,13.48,0.17,N,7,640,0
58,41966,RENT,6.2,EDUCATION,D,8515,11.53,0.2,N,25,634,1
23,43795,MORTGAGE,3.9,PERSONAL,B,6320,9.39,0.14,N,1,714,0
25,95926,MORTGAGE,5.0,PERSONAL,A,13469,7.86,0.14,N,2,750,0
33,105309,OWN,9.4,PERSONAL,D,37403,11.22,0.36,N,4,620,0
67,44222,MORTGAGE,36.9,MEDICAL,A,13647,5.0,0.31,N,28,789,0
66,94758,RENT,12.2,VENTURE,B,26101,9.43,0.28,N,15,732,0
51,60754,MORTGAGE,22.6,PERSONAL,A,16951,6.35,0.28,N,7,783,0
36,50955,MORTGAGE,10.5,PERSONAL,C,19795,11.32,0.39,N,7,656,0
52,84450,RENT,24.1,DEBTCONSOLIDATION,B,28262,9.26,0.33,N,13,745,0
42,51192,RENT,15.8,PERSONAL,D,14545,12.57,0.28,Y,6,649,0
49,168499,MORTGAGE,10.6,MEDICAL,B,40000,7.92,0.24,N,8,722,0
42,20680,RENT,15.4,HOMEIMPROVEMENT,C,4877,9.56,0.24,N,15,655,0
63,35986,RENT,12.8,VENTURE,C,2208,11.23,0.06,Y,10,677,0
23,45437,RENT,1.7,HOMEIMPROVEMENT,C,6349,10.69,0.14,N,1,698,0
30,63810,OWN,2.1,DEBTCONSOLIDATION,B,6133,8.33,0.1,N,3,715,0
62,104901,MORTGAGE,33.2,EDUCATION,B,34257,9.92,0.33,Y,29,739,0
41,48308,RENT,7.0,EDUCATION,C,18125,10.17,0.38,N,5,681,0
36,20882,MORTGAGE,8.4,PERSONAL,C,5024,8.65,0.24,N,10,696,0
32,81268,MORTGAGE,5.2,DEBTCONSOLIDATION,B,15973,7.57,0.2,N,9,719,0
22,77108,RENT,3.1,HOMEIMPROVEMENT,C,35124,10.59,0.46,N,1,693,0
61,18000,RENT,14.4,MEDICAL,C,3509,11.51,0.19,N,14,651,0
44,48909,MORTGAGE,16.8,VENTURE,B,8814,9.65,0.18,N,14,718,0
55,18881,MORTGAGE,25.9,HOMEIMPROVEMENT,A,6108,6.31,0.32,N,20,754,0
50,32899,MORTGAGE,13.0,DEBTCONSOLIDATION,D,4802,8.4,0.15,Y,18,632,0
50,28518,RENT,11.7,DEBTCONSOLIDATION,C,7113,11.23,0.25,N,19,678,0
67,79662,RENT,30.5,HOMEIMPROVEMENT,A,17822,8.69,0.22,N,16,789,0
55,52580,OWN,27.3,VENTURE,B,11082,6.0,0.21,N,20,739,0
39,22666,RENT,13.2,HOMEIMPROVEMENT,C,7933,10.09,0.35,N,5,665,0
28,83119,MORTGAGE,2.6,HOMEIMPROVEMENT,D,16031,16.59,0.19,Y,4,603,1
46,20737,RENT,20.2,VENTURE,C,7814,10.6,0.38,N,14,696,0
60,59758,RENT,15.6,MEDICAL,B,3095,11.38,0.05,N,11,707,0
27,30079,RENT,4.5,DEBTCONSOLIDATION,B,8392,11.77,0.28,N,2,710,0
50,39363,RENT,21.8,VENTURE,C,6376,8.94,0.16,N,9,699,0
27,66340,RENT,2.1,PERSONAL,B,13415,13.02,0.2,N,3,704,0
23,67028,RENT,3.2,PERSONAL,B,10416,6.57,0.16,N,3,715,0
21,109336,MORTGAGE,1.6,PERSONAL,C,20239,11.54,0.19,Y,1,663,0
56,46660,MORTGAGE,27.6,PERSONAL,A,5160,7.06,0.11,N,21,800,0
45,58916,RENT,6.0,EDUCATION,D,23013,9.93,0.39,N,7,637,0
57,37697,MORTGAGE,15.4,MEDICAL,B,11614,7.84,0.31,N,9,722,0
21,54676,RENT,2.0,EDUCATION,B,4152,8.07,0.08,N,1,721,0
35,63811,RENT,1.9,HOMEIMPROVEMENT,E,11298,10.99,0.18,Y,6,586,1
57,46212,MORTGAGE,7.0,HOMEIMPROVEMENT,D,3549,9.22,0.08,Y,18,645,0
33,18000,MORTGAGE,11.9,VENTURE,C,3871,9.83,0.22,N,9,678,0
60,59807,MORTGAGE,12.4,PERSONAL,A,19210,7.3,0.32,N,17,752,0
28,61006,RENT,7.8,VENTURE,D,6111,11.06,0.1,Y,4,622,0
25,32594,MORTGAGE,1.6,HOMEIMPROVEMENT,C,7850,11.84,0.24,N,1,669,0
29,22682,MORTGAGE,3.9,PERSONAL,C,3980,9.47,0.18,N,2,669,0
21,118839,RENT,1.9,DEBTCONSOLIDATION,C,40000,10.84,0.34,N,1,674,0
56,65832,RENT,21.3,MEDICAL,E,22239,12.82,0.34,Y,20,597,0
55,42725,MORTGAGE,18.8,HOMEIMPROVEMENT,C,16174,9.94,0.38,N,16,675,0
22,24779,MORTGAGE,1.9,DEBTCONSOLIDATION,C,4621,8.11,0.19,N,1,683,0
60,29938,RENT,29.0,VENTURE,B,11617,8.51,0.39,N,20,728,0
43,107103,RENT,6.6,DEBTCONSOLIDATION,B,40000,7.62,0.37,N,11,734,0
29,53241,RENT,4.5,VENTURE,C,6507,12.1,0.12,Y,2,667,0
54,35229,MORTGAGE,7.5,HOMEIMPROVEMENT,C,11885,10.75,0.34,N,18,695,0
66,66556,MORTGAGE,24.8,EDUCATION,A,4624,6.34,0.07,N,28,778,0
34,30072,RENT,4.4,MEDICAL,C,9355,8.48,0.31,N,5,694,0
24,120632,RENT,2.0,DEBTCONSOLIDATION,C,25823,9.04,0.21,N,3,676,0
50,110379,OWN,13.8,DEBTCONSOLIDATION,A,19384,7.72,0.18,N,9,750,0
51,37051,MORTGAGE,3.9,HOMEIMPROVEMENT,C,7416,11.61,0.2,N,19,687,0
58,33617,MORTGAGE,6.6,HOMEIMPROVEMENT,C,1750,11.96,0.05,N,26,682,0
31,18000,RENT,7.5,VENTURE,C,8420,6.72,0.47,N,5,665,0
55,20151,MORTGAGE,14.8,PERSONAL,C,1000,13.27,0.05,Y,11,656,0
28,21945,MORTGAGE,7.1,PERSONAL,E,7470,12.61,0.34,Y,3,598,1
23,53162,RENT,2.9,PERSONAL,B,7460,6.65,0.14,N,1,730,0
34,40306,OTHER,1.7,VENTURE,C,6393,9.62,0.16,N,3,698,0
33,21868,MORTGAGE,8.0,PERSONAL,B,4686,7.84,0.21,N,7,718,0
65,41410,MORTGAGE,7.8,HOMEIMPROVEMENT,B,5521,10.72,0.13,N,10,745,0
52,66383,MORTGAGE,22.0,EDUCATION,B,22174,8.46,0.33,N,10,710,0
54,67285,MORTGAGE,28.6,EDUCATION,B,22173,7.52,0.33,N,20,722,0
65,18000,RENT,22.2,EDUCATION,C,1847,12.97,0.1,Y,25,694,0
39,45389,RENT,12.1,PERSONAL,C,20923,11.53,0.46,N,4,658,0
58,21375,MORTGAGE,10.6,EDUCATION,D,1890,11.07,0.09,Y,21,629,0
36,84207,MORTGAGE,7.3,DEBTCONSOLIDATION,B,12124,12.42,0.14,N,11,700,0
22,78471,MORTGAGE,2.8,PERSONAL,C,6782,12.37,0.09,N,1,675,0
60,28600,RENT,9.1,DEBTCONSOLIDATION,C,12232,8.96,0.43,N,17,692,0
37,30957,MORTGAGE,5.4,HOMEIMPROVEMENT,C,4811,9.02,0.16,N,10,681,0
54,37169,MORTGAGE,14.8,DEBTCONSOLIDATION,D,9208,12.81,0.25,Y,19,602,0
62,18000,MORTGAGE,26.3,HOMEIMPROVEMENT,C,5706,10.13,0.32,Y,13,676,0
36,59968,MORTGAGE,6.5,VENTURE,E,14111,12.25,0.24,Y,5,581,1
58,41618,OTHER,30.0,VENTURE,B,14117,8.86,0.34,N,23,724,0
22,87737,RENT,0.7,DEBTCONSOLIDATION,B,29922,11.64,0.34,N,2,720,0
22,25360,RENT,1.4,MEDICAL,B,6866,11.11,0.27,N,2,703,0
46,33810,RENT,16.7,HOMEIMPROVEMENT,C,4073,11.39,0.12,Y,19,662,0
33,19852,MORTGAGE,3.9,PERSONAL,D,6162,10.98,0.31,N,7,640,0
67,26834,RENT,27.4,MEDICAL,B,11473,8.95,0.43,N,30,716,0
51,24120,MORTGAGE,7.1,HOMEIMPROVEMENT,C,6643,10.88,0.28,N,17,693,0
54,89106,RENT,5.0,PERSONAL,D,11654,12.74,0.13,Y,23,629,1
59,32242,MORTGAGE,7.6,HOMEIMPROVEMENT,B,4855,9.46,0.15,N,11,709,0
23,52812,MORTGAGE,3.8,HOMEIMPROVEMENT,D,29654,13.98,0.56,N,3,612,1
28,39008,MORTGAGE,4.9,PERSONAL,D,2059,9.74,0.05,N,2,640,0
43,22886,MORTGAGE,16.4,HOMEIMPROVEMENT,D,7617,14.11,0.33,Y,5,603,1
34,44312,RENT,5.3,HOMEIMPROVEMENT,B,2131,9.7,0.05,N,7,728,0
47,70225,RENT,14.9,HOMEIMPROVEMENT,B,19520,6.11,0.28,N,10,745,0
49,23750,MORTGAGE,13.8,VENTURE,D,11080,10.69,0.47,N,6,634,0
59,79655,MORTGAGE,31.2,EDUCATION,A,7441,8.24,0.09,N,28,818,0
59,29441,OWN,25.6,HOMEIMPROVEMENT,C,3162,11.45,0.11,Y,21,667,0
21,36688,OWN,1.8,PERSONAL,F,12440,14.22,0.34,Y,1,546,1
37,67400,MORTGAGE,2.5,DEBTCONSOLIDATION,B,17422,10.1,0.26,N,13,701,0
61,32923,RENT,20.8,HOMEIMPROVEMENT,A,4898,7.58,0.15,N,17,767,0
50,50138,MORTGAGE,13.7,VENTURE,D,19246,12.96,0.38,Y,10,610,0
33,40586,RENT,11.2,VENTURE,C,8291,12.09,0.2,Y,4,666,1
41,52977,RENT,6.4,DEBTCONSOLIDATION,A,5713,10.65,0.11,N,10,755,0
39,18000,RENT,6.1,HOMEIMPROVEMENT,C,5631,8.91,0.31,N,10,676,0
39,18000,RENT,8.1,MEDICAL,D,7712,13.18,0.43,N,9,642,0
45,70939,RENT,7.3,DEBTCONSOLIDATION,A,8761,7.41,0.12,N,10,754,0
42,91336,MORTGAGE,4.6,EDUCATION,B,40000,6.84,0.44,N,6,731,0
51,28387,OWN,23.1,PERSONAL,C,9893,12.68,0.35,N,13,665,0
37,42344,RENT,9.3,PERSONAL,C,6670,8.63,0.16,N,4,699,0
43,58502,OWN,17.6,PERSONAL,C,8335,11.69,0.14,Y,15,682,0
52,74304,RENT,23.2,PERSONAL,A,3931,8.81,0.05,N,7,779,0
30,18000,RENT,3.6,VENTURE,C,4850,13.73,0.27,N,4,662,0
30,28807,MORTGAGE,5.8,EDUCATION,D,10806,13.37,0.38,N,3,639,0
56,40152,MORTGAGE,6.0,HOMEIMPROVEMENT,B,12400,10.42,0.31,N,22,738,0
28,74748,RENT,7.4,HOMEIMPROVEMENT,B,6770,10.79,0.09,N,3,720,0
40,219489,RENT,8.4,MEDICAL,A,33492,7.93,0.15,N,5,766,0
52,42753,MORTGAGE,12.8,HOMEIMPROVEMENT,C,20317,12.81,0.48,N,15,663,0
34,21074,RENT,5.0,EDUCATION,D,4219,12.18,0.2,Y,10,605,1
48,62402,MORTGAGE,12.7,HOMEIMPROVEMENT,C,11401,9.94,0.18,N,19,660,0
66,108293,MORTGAGE,13.3,VENTURE,A,40000,8.83,0.37,N,15,755,0
44,52302,RENT,9.4,DEBTCONSOLIDATION,C,15137,11.9,0.29,N,14,687,0
35,28453,MORTGAGE,11.2,HOMEIMPROVEMENT,D,1094,11.33,0.04,N,3,637,0
42,87098,RENT,16.4,PERSONAL,D,34988,11.8,0.4,Y,6,611,1
50,72993,MORTGAGE,10.0,PERSONAL,B,27572,6.49,0.38,N,14,732,0
24,26485,MORTGAGE,2.6,DEBTCONSOLIDATION,C,4284,9.08,0.16,N,1,678,0
33,61627,OWN,10.7,PERSONAL,C,22308,9.55,0.36,N,8,669,0
43,89175,MORTGAGE,3.4,PERSONAL,B,12524,11.01,0.14,N,16,715,0
28,99621,MORTGAGE,7.2,VENTURE,B,5464,8.44,0.05,N,2,719,0
38,47104,RENT,5.1,VENTURE,B,7213,10.36,0.15,N,6,700,0
32,39543,MORTGAGE,8.0,VENTURE,B,6395,7.08,0.16,N,5,710,0
51,102371,MORTGAGE,16.8,HOMEIMPROVEMENT,D,10952,13.23,0.11,Y,15,647,0
34,23715,RENT,7.8,DEBTCONSOLIDATION,C,9859,11.5,0.42,N,10,651,0
54,63776,MORTGAGE,25.3,PERSONAL,B,22432,7.55,0.35,N,23,702,0
38,21546,RENT,3.4,MEDICAL,C,1719,9.97,0.08,N,10,664,0
54,92895,MORTGAGE,12.3,DEBTCONSOLIDATION,B,21015,8.44,0.23,N,11,701,0
31,41989,MORTGAGE,6.2,MEDICAL,C,9261,10.57,0.22,N,7,681,0
61,104940,MORTGAGE,28.7,PERSONAL,C,16259,9.84,0.15,Y,12,676,0
32,65831,MORTGAGE,3.5,EDUCATION,B,9764,9.0,0.15,N,9,706,0
35,23530,RENT,11.3,DEBTCONSOLIDATION,C,9947,9.4,0.42,N,3,667,0
51,115240,OTHER,12.5,HOMEIMPROVEMENT,B,23332,7.49,0.2,N,16,710,0
49,124336,RENT,7.2,MEDICAL,C,40000,12.38,0.32,N,7,651,0
46,83230,MORTGAGE,17.7,DEBTCONSOLIDATION,D,9497,13.05,0.11,Y,11,638,0
38,31040,MORTGAGE,3.3,DEBTCONSOLIDATION,C,3084,9.32,0.1,N,10,678,0
52,40798,OWN,15.7,VENTURE,A,4434,8.78,0.11,N,18,752,0
42,53490,MORTGAGE,3.5,EDUCATION,C,11197,8.64,0.21,N,14,689,0
58,32137,MORTGAGE,14.0,VENTURE,C,4291,12.14,0.13,N,19,657,0
37,135321,RENT,9.9,EDUCATION,B,28354,8.2,0.21,N,6,740,0
43,53455,RENT,12.2,EDUCATION,D,21564,11.4,0.4,Y,16,607,0
44,18000,RENT,10.0,HOMEIMPROVEMENT,B,1506,7.49,0.08,N,15,720,0
28,60090,MORTGAGE,4.0,DEBTCONSOLIDATION,D,9896,12.88,0.16,N,2,648,0
61,39779,MORTGAGE,11.1,VENTURE,B,12793,6.5,0.32,N,26,734,0
26,46865,MORTGAGE,3.4,VENTURE,B,7165,9.24,0.15,N,5,709,0
25,39294,MORTGAGE,5.4,MEDICAL,D,7130,9.42,0.18,Y,3,614,0
64,79556,MORTGAGE,32.0,DEBTCONSOLIDATION,B,21815,8.19,0.27,N,15,700,0
49,95972,RENT,6.3,PERSONAL,C,18897,8.87,0.2,N,15,663,0
48,58094,RENT,3.6,PERSONAL,B,19763,5.75,0.34,N,11,707,0
31,39991,RENT,9.8,MEDICAL,B,11429,8.22,0.29,N,6,720,0
21,47819,MORTGAGE,1.4,EDUCATION,D,24536,11.39,0.51,Y,1,627,1
63,49600,RENT,21.4,MEDICAL,A,25466,6.02,0.51,N,29,760,0
39,30289,MORTGAGE,13.6,MEDICAL,B,7287,7.92,0.24,N,10,726,0
29,69380,MORTGAGE,3.5,VENTURE,B,10156,8.76,0.15,N,3,717,0
47,64603,MORTGAGE,12.7,MEDICAL,A,16086,5.0,0.25,N,16,794,0
54,123533,RENT,28.0,EDUCATION,B,28039,8.23,0.23,N,12,747,0
64,104110,RENT,26.2,PERSONAL,C,16781,10.94,0.16,Y,15,687,0
24,32486,RENT,1.2,HOMEIMPROVEMENT,D,3009,12.12,0.09,N,2,634,0
56,80191,MORTGAGE,7.3,DEBTCONSOLIDATION,B,16150,9.12,0.2,N,7,732,0
38,27706,RENT,4.9,MEDICAL,C,13933,10.86,0.5,N,13,653,0
35,74425,MORTGAGE,10.8,DEBTCONSOLIDATION,C,13671,10.31,0.18,N,7,695,0
33,35955,MORTGAGE,4.6,MEDICAL,C,4276,12.07,0.12,N,8,673,0
39,26530,RENT,2.4,DEBTCONSOLIDATION,E,2738,16.84,0.1,Y,6,589,1
26,57990,MORTGAGE,6.1,VENTURE,C,11913,8.33,0.21,N,4,692,0
32,18000,MORTGAGE,3.1,VENTURE,D,2425,10.49,0.13,N,6,632,0
57,18000,MORTGAGE,4.2,DEBTCONSOLIDATION,E,2133,12.26,0.12,Y,16,568,1
37,44068,RENT,5.1,MEDICAL,D,11563,13.16,0.26,N,13,648,0
43,51506,RENT,6.6,MEDICAL,C,9950,12.71,0.19,N,11,676,0
46,39277,RENT,11.1,EDUCATION,C,7611,11.21,0.19,N,14,686,0
49,19002,RENT,23.1,PERSONAL,D,3431,9.28,0.18,N,6,647,0
53,30009,MORTGAGE,25.0,PERSONAL,B,6193,8.97,0.21,N,12,707,0
47,61989,MORTGAGE,12.2,HOMEIMPROVEMENT,C,5668,10.41,0.09,N,18,692,0
45,69499,OWN,10.5,PERSONAL,B,12882,8.91,0.19,N,15,740,0
30,48545,RENT,5.9,HOMEIMPROVEMENT,C,3566,13.35,0.07,N,5,674,0
67,98135,RENT,13.3,VENTURE,A,14178,9.1,0.14,N,30,769,0
43,62220,MORTGAGE,3.4,HOMEIMPROVEMENT,B,26524,9.98,0.43,N,11,738,0
41,31304,RENT,17.4,HOMEIMPROVEMENT,C,14099,10.18,0.45,Y,11,662,1
41,41427,RENT,5.3,PERSONAL,D,20477,12.33,0.49,N,8,633,0
63,21126,MORTGAGE,10.7,MEDICAL,B,5592,6.95,0.26,N,22,707,0
33,45941,RENT,6.5,VENTURE,D,21601,11.62,0.47,N,5,640,1
57,95536,MORTGAGE,17.3,EDUCATION,B,10099,9.44,0.11,N,15,715,0
53,73952,RENT,4.0,HOMEIMPROVEMENT,C,17532,8.65,0.24,N,23,671,0
44,113687,MORTGAGE,5.3,HOMEIMPROVEMENT,B,9805,8.17,0.09,N,6,733,0
64,40874,MORTGAGE,16.8,DEBTCONSOLIDATION,E,15697,14.99,0.38,Y,11,598,0
31,109936,RENT,7.5,HOMEIMPROVEMENT,B,12346,8.62,0.11,N,2,731,0
37,43652,OWN,4.9,MEDICAL,B,3064,9.18,0.07,N,6,745,0
24,118533,MORTGAGE,2.4,EDUCATION,C,36591,14.21,0.31,N,2,668,0
67,48382,OWN,24.0,DEBTCONSOLIDATION,C,3770,9.45,0.08,N,12,684,0
45,74932,RENT,19.5,PERSONAL,B,6617,10.32,0.09,N,12,719,0
50,118784,MORTGAGE,10.5,VENTURE,A,13027,6.61,0.11,N,15,789,0
29,43649,RENT,2.1,MEDICAL,B,2970,10.68,0.07,N,6,720,0
41,55883,MORTGAGE,10.2,EDUCATION,C,10434,10.28,0.19,N,15,677,0
40,106225,MORTGAGE,13.7,VENTURE,C,26435,11.44,0.25,N,11,693,0
39,45260,MORTGAGE,3.7,PERSONAL,B,8467,11.67,0.19,N,5,701,0
39,22191,OWN,8.3,VENTURE,D,2635,11.53,0.12,Y,5,629,0
32,177336,RENT,1.6,DEBTCONSOLIDATION,C,40000,11.62,0.23,Y,8,687,1
57,36980,RENT,4.8,HOMEIMPROVEMENT,D,8977,8.79,0.24,N,20,644,0
62,53919,MORTGAGE,19.3,HOMEIMPROVEMENT,B,23598,9.77,0.44,N,12,702,0
37,98086,MORTGAGE,5.9,MEDICAL,B,25980,10.33,0.26,N,6,741,0
57,34026,RENT,27.0,VENTURE,A,2906,10.77,0.09,N,22,779,0
59,26776,MORTGAGE,21.4,HOMEIMPROVEMENT,D,15367,9.47,0.57,N,19,644,0
48,57081,OWN,12.5,MEDICAL,C,20707,8.07,0.36,N,14,696,0
61,18000,MORTGAGE,16.6,MEDICAL,C,2562,8.88,0.14,N,13,699,0
55,41243,RENT,16.6,DEBTCONSOLIDATION,C,8351,10.38,0.2,N,19,684,0
67,56784,RENT,6.3,MEDICAL,C,13254,9.56,0.23,N,28,671,0
38,41690,OWN,14.5,PERSONAL,C,5765,12.09,0.14,Y,12,664,0
34,19417,MORTGAGE,12.8,HOMEIMPROVEMENT,D,9714,10.88,0.5,N,9,646,0
55,127581,OWN,8.4,HOMEIMPROVEMENT,B,40000,8.01,0.31,N,18,718,0
64,52162,RENT,8.5,EDUCATION,B,10092,7.48,0.19,N,24,719,0
61,115692,MORTGAGE,8.6,PERSONAL,A,21004,6.94,0.18,N,19,790,0
27,41939,MORTGAGE,5.1,HOMEIMPROVEMENT,C,19633,10.98,0.47,N,2,679,0
61,28911,RENT,24.2,DEBTCONSOLIDATION,A,2302,9.21,0.08,N,27,758,0
33,57613,MORTGAGE,10.4,HOMEIMPROVEMENT,B,9098,8.44,0.16,N,6,720,0
38,43067,MORTGAGE,12.5,EDUCATION,D,14279,12.88,0.33,Y,9,618,0
57,24181,MORTGAGE,16.2,VENTURE,C,8406,12.43,0.35,N,27,686,0
33,118405,MORTGAGE,7.9,VENTURE,B,23547,10.77,0.2,N,10,723,0
56,33746,MORTGAGE,22.1,PERSONAL,D,10398,10.93,0.31,N,18,638,0
51,18000,MORTGAGE,15.1,MEDICAL,D,4155,13.22,0.23,Y,7,617,1
22,108760,MORTGAGE,1.7,EDUCATION,B,22800,8.59,0.21,N,1,725,0
36,36221,MORTGAGE,9.9,EDUCATION,D,18982,10.65,0.52,N,12,646,0
29,34040,RENT,5.4,HOMEIMPROVEMENT,B,3112,6.76,0.09,N,3,748,0
29,18000,MORTGAGE,6.1,DEBTCONSOLIDATION,C,2628,12.57,0.15,N,7,691,0
58,139325,MORTGAGE,21.2,HOMEIMPROVEMENT,A,17584,6.63,0.13,N,9,763,0
31,22613,RENT,7.8,DEBTCONSOLIDATION,D,7915,11.41,0.35,Y,6,635,1
42,50770,MORTGAGE,13.2,EDUCATION,B,6870,5.7,0.14,N,10,735,0
53,84759,RENT,16.2,MEDICAL,A,36825,9.71,0.43,N,11,751,0
56,63134,MORTGAGE,21.9,VENTURE,A,28552,7.76,0.45,N,25,759,0
65,47297,RENT,19.5,PERSONAL,A,4794,8.91,0.1,N,23,781,0
43,18000,RENT,6.7,DEBTCONSOLIDATION,C,5890,10.48,0.33,N,7,690,0
65,30156,OWN,4.7,VENTURE,E,9640,13.89,0.32,Y,18,569,0
65,54867,MORTGAGE,23.1,PERSONAL,B,19777,10.56,0.36,N,26,711,0
54,30567,MORTGAGE,18.5,MEDICAL,A,2545,7.15,0.08,N,12,780,0
29,55382,MORTGAGE,8.6,EDUCATION,C,23453,7.06,0.42,N,7,694,0
44,73794,MORTGAGE,9.2,MEDICAL,C,20042,10.31,0.27,N,7,691,0
28,87334,MORTGAGE,3.8,DEBTCONSOLIDATION,C,16150,11.64,0.18,N,3,689,0
27,23489,MORTGAGE,2.2,EDUCATION,E,4554,12.36,0.19,Y,2,570,0
56,183136,OWN,5.7,HOMEIMPROVEMENT,A,40000,5.0,0.22,N,9,779,0
38,77690,RENT,12.8,PERSONAL,C,37381,9.11,0.48,N,7,682,0
23,48970,OWN,1.4,HOMEIMPROVEMENT,C,4476,11.37,0.09,N,3,660,0
48,94251,RENT,15.8,EDUCATION,B,6917,7.47,0.07,N,7,713,0
26,202651,MORTGAGE,4.7,PERSONAL,E,37167,12.74,0.18,Y,2,594,0
64,20676,RENT,19.8,PERSONAL,C,1000,10.93,0.05,Y,15,678,0
64,42823,MORTGAGE,32.8,HOMEIMPROVEMENT,B,11764,7.33,0.27,N,23,732,0
41,18000,MORTGAGE,9.4,PERSONAL,D,4148,13.3,0.23,N,13,644,0
48,55027,OTHER,9.0,EDUCATION,C,19491,11.58,0.35,Y,17,670,0
60,61037,OWN,30.5,DEBTCONSOLIDATION,A,6055,6.3,0.1,N,8,759,0
21,47882,OWN,2.1,DEBTCONSOLIDATION,F,19819,16.18,0.41,Y,1,522,1
56,33099,RENT,8.2,EDUCATION,B,13470,8.34,0.41,N,19,702,0
41,18000,OTHER,2.7,HOMEIMPROVEMENT,D,10588,11.65,0.59,N,10,610,1
63,61335,MORTGAGE,7.3,MEDICAL,B,27403,9.61,0.45,N,17,703,0
55,117390,MORTGAGE,11.1,EDUCATION,A,8046,8.99,0.07,N,22,761,0
33,34385,RENT,11.7,DEBTCONSOLIDATION,D,4390,11.39,0.13,Y,5,641,1
30,63833,MORTGAGE,5.9,EDUCATION,C,7850,11.4,0.12,N,3,663,0
64,19131,OWN,16.6,PERSONAL,C,6074,13.27,0.32,N,16,652,0
67,64494,OWN,35.4,PERSONAL,C,31345,11.11,0.49,Y,20,665,0
30,38714,MORTGAGE,5.0,EDUCATION,C,6213,9.96,0.16,N,3,659,0
66,31025,MORTGAGE,15.4,HOMEIMPROVEMENT,B,13554,9.76,0.44,N,24,730,0
33,31063,RENT,11.4,MEDICAL,C,12046,9.43,0.39,N,9,680,0
57,38709,MORTGAGE,27.1,PERSONAL,B,7106,9.2,0.18,N,19,700,0
58,61664,MORTGAGE,27.6,DEBTCONSOLIDATION,A,10637,7.98,0.17,N,16,781,0
44,22308,RENT,11.9,PERSONAL,D,2784,12.49,0.12,N,15,636,0
22,38627,RENT,2.6,DEBTCONSOLIDATION,C,9930,10.14,0.26,N,2,675,0
42,47816,RENT,5.4,MEDICAL,B,3973,8.49,0.08,N,9,722,0
37,25351,MORTGAGE,9.5,PERSONAL,C,6096,13.83,0.24,N,9,653,0
56,144062,RENT,30.0,HOMEIMPROVEMENT,A,5578,5.0,0.04,N,21,779,0
34,29375,MORTGAGE,4.9,DEBTCONSOLIDATION,D,15357,12.16,0.52,N,5,636,0
30,32805,RENT,7.9,PERSONAL,C,6048,11.05,0.18,N,4,655,0
55,27255,MORTGAGE,16.4,PERSONAL,B,1971,8.39,0.07,N,9,720,0
45,144218,MORTGAGE,3.5,EDUCATION,A,40000,8.46,0.28,N,18,752,0
23,68305,MORTGAGE,3.2,HOMEIMPROVEMENT,A,28547,6.63,0.42,N,1,750,0
67,27946,MORTGAGE,10.7,HOMEIMPROVEMENT,D,9393,9.48,0.34,Y,13,642,0
58,95200,MORTGAGE,21.7,EDUCATION,B,12736,9.93,0.13,N,17,741,0
37,55293,RENT,3.0,DEBTCONSOLIDATION,B,12835,7.76,0.23,N,12,728,0
32,57202,MORTGAGE,10.7,VENTURE,C,15834,10.63,0.28,N,5,662,0
44,39867,RENT,7.9,MEDICAL,C,5447,6.84,0.14,N,15,681,0
49,31267,RENT,8.0,HOMEIMPROVEMENT,C,5844,8.39,0.19,Y,16,656,0
63,60033,MORTGAGE,8.6,VENTURE,C,10022,10.51,0.17,N,23,684,0
45,35346,RENT,20.6,DEBTCONSOLIDATION,B,5874,10.55,0.17,N,16,723,0
56,145809,MORTGAGE,22.7,MEDICAL,B,22165,7.15,0.15,N,7,747,0
46,22889,RENT,17.3,HOMEIMPROVEMENT,C,5715,12.21,0.25,N,18,696,0
58,123215,MORTGAGE,18.0,PERSONAL,A,11059,9.87,0.09,N,24,755,0
21,45853,RENT,1.3,HOMEIMPROVEMENT,D,8487,13.07,0.19,Y,2,632,0
40,58656,RENT,3.9,MEDICAL,C,17909,11.51,0.31,N,13,692,0
48,80813,RENT,14.8,VENTURE,B,22297,10.25,0.28,N,19,744,0
36,33585,MORTGAGE,4.9,PERSONAL,C,15535,9.47,0.46,N,5,680,0
67,82334,OWN,38.4,MEDICAL,C,24907,9.3,0.3,Y,17,688,0
37,18000,MORTGAGE,12.5,DEBTCONSOLIDATION,C,1725,11.24,0.1,N,6,682,0
60,31824,MORTGAGE,16.3,MEDICAL,E,9433,10.89,0.3,Y,10,599,0
48,28157,MORTGAGE,6.2,HOMEIMPROVEMENT,E,13151,14.15,0.47,N,16,570,0
32,23107,OWN,9.1,DEBTCONSOLIDATION,D,9084,13.35,0.39,Y,3,602,0
47,43089,MORTGAGE,5.4,EDUCATION,E,14426,14.67,0.33,Y,6,571,1
62,61787,RENT,10.2,EDUCATION,C,4690,10.87,0.08,N,25,688,0
67,74726,MORTGAGE,12.2,PERSONAL,B,17903,7.58,0.24,N,30,704,0
50,56643,MORTGAGE,15.7,MEDICAL,B,3831,6.77,0.07,N,18,710,0
61,32878,RENT,28.0,VENTURE,B,10166,8.41,0.31,N,26,743,0
54,61169,RENT,11.5,PERSONAL,B,3686,12.81,0.06,N,17,716,0
57,52816,OWN,6.2,DEBTCONSOLIDATION,A,3488,6.22,0.07,N,25,764,0
26,85959,OWN,3.4,PERSONAL,A,20155,6.71,0.23,N,3,779,0
27,78132,MORTGAGE,5.6,HOMEIMPROVEMENT,C,25066,10.52,0.32,N,6,686,0
52,49925,OTHER,8.7,DEBTCONSOLIDATION,C,5135,9.48,0.1,N,8,679,0
52,28613,MORTGAGE,8.6,VENTURE,E,4439,14.82,0.16,Y,20,564,1
45,33131,RENT,20.6,MEDICAL,A,10146,8.45,0.31,N,14,773,0
53,35246,RENT,26.9,DEBTCONSOLIDATION,B,8184,11.83,0.23,N,17,704,0
27,40572,RENT,7.1,MEDICAL,C,6835,11.17,0.17,N,5,677,0
32,57574,RENT,9.3,MEDICAL,C,5218,9.48,0.09,N,8,689,0
36,75290,RENT,4.2,PERSONAL,C,14707,11.22,0.2,N,11,691,0
36,47540,MORTGAGE,4.5,HOMEIMPROVEMENT,E,18163,12.98,0.38,Y,5,590,1
63,49497,MORTGAGE,15.2,PERSONAL,B,5942,7.56,0.12,N,13,749,0
56,53422,MORTGAGE,12.3,EDUCATION,D,14477,11.86,0.27,N,7,608,0
33,35970,MORTGAGE,11.5,EDUCATION,C,11227,9.33,0.31,N,3,686,0
27,28134,OWN,5.9,MEDICAL,B,5969,10.93,0.21,N,2,711,0
56,18000,MORTGAGE,23.1,HOMEIMPROVEMENT,C,2879,11.37,0.16,N,21,696,0
67,32302,MORTGAGE,11.3,DEBTCONSOLIDATION,B,8067,9.57,0.25,N,21,716,0
29,65113,MORTGAGE,8.1,MEDICAL,C,29505,9.31,0.45,N,6,689,0
52,32152,RENT,23.1,DEBTCONSOLIDATION,B,3571,9.76,0.11,N,15,705,0
31,42502,OWN,2.8,MEDICAL,D,8510,10.91,0.2,N,6,623,0
28,64851,RENT,7.1,PERSONAL,B,16686,9.1,0.26,N,2,713,0
53,66997,MORTGAGE,10.2,MEDICAL,B,7206,6.47,0.11,N,20,729,0
43,25649,RENT,3.9,MEDICAL,C,3058,10.64,0.12,N,14,662,0
45,89164,MORTGAGE,15.1,HOMEIMPROVEMENT,B,26657,9.46,0.3,N,9,748,0
28,96414,OTHER,5.6,HOMEIMPROVEMENT,C,40000,9.49,0.41,N,3,679,0
65,24886,RENT,7.8,DEBTCONSOLIDATION,C,14372,11.33,0.58,N,14,695,0
42,29902,MORTGAGE,7.8,HOMEIMPROVEMENT,D,6002,12.66,0.2,Y,14,632,0
24,100173,RENT,4.8,MEDICAL,A,21484,8.31,0.21,N,3,764,0
60,44886,RENT,24.1,HOMEIMPROVEMENT,C,3459,9.35,0.08,Y,21,682,0
23,18000,RENT,3.1,HOMEIMPROVEMENT,C,2284,8.8,0.13,N,1,683,0
49,21166,MORTGAGE,7.7,VENTURE,F,8046,16.18,0.38,Y,8,537,1
61,42208,RENT,6.7,VENTURE,D,5791,10.04,0.14,Y,9,630,0
49,24395,MORTGAGE,9.1,EDUCATION,C,5151,9.61,0.21,N,6,682,0
54,38251,RENT,9.9,PERSONAL,C,14012,10.87,0.37,Y,10,672,1
54,49982,RENT,9.5,PERSONAL,D,22163,15.7,0.44,Y,9,621,1
48,117871,MORTGAGE,7.0,HOMEIMPROVEMENT,C,40000,11.61,0.34,Y,14,671,0
33,41180,RENT,7.5,EDUCATION,D,22385,10.28,0.54,Y,5,647,1
35,93295,RENT,5.6,EDUCATION,B,37891,8.31,0.41,N,7,742,0
43,115526,RENT,16.9,DEBTCONSOLIDATION,C,14330,10.0,0.12,Y,12,677,0
64,115911,MORTGAGE,10.5,VENTURE,A,29922,7.01,0.26,N,24,801,0
46,58154,MORTGAGE,11.9,EDUCATION,C,8575,11.23,0.15,N,14,697,0
24,18000,RENT,0.7,MEDICAL,B,1886,7.87,0.1,N,1,727,0
46,64633,RENT,12.2,DEBTCONSOLIDATION,C,23111,10.7,0.36,N,16,675,0
60,91953,RENT,5.8,HOMEIMPROVEMENT,B,13446,9.68,0.15,N,27,746,0
29,46693,RENT,8.6,MEDICAL,C,4376,8.64,0.09,N,3,674,0
25,139629,MORTGAGE,4.6,PERSONAL,C,26379,10.02,0.19,Y,1,681,0
52,82116,MORTGAGE,15.1,VENTURE,B,12381,9.05,0.15,N,22,701,0
40,68938,MORTGAGE,3.5,MEDICAL,C,13196,10.75,0.19,N,14,663,0
31,94073,RENT,6.7,HOMEIMPROVEMENT,C,14605,6.8,0.16,N,2,684,0
35,59875,MORTGAGE,10.7,MEDICAL,B,9271,7.65,0.15,N,3,730,0
52,18000,MORTGAGE,7.9,MEDICAL,B,2777,6.22,0.15,N,20,708,0
48,36334,MORTGAGE,14.9,EDUCATION,B,16507,7.88,0.45,N,10,705,0
42,100538,MORTGAGE,16.1,VENTURE,B,28028,8.69,0.28,N,15,737,0
61,30195,MORTGAGE,27.4,PERSONAL,B,6166,9.85,0.2,N,13,713,0
37,42869,MORTGAGE,12.6,HOMEIMPROVEMENT,C,8889,9.66,0.21,N,11,680,0
46,26189,RENT,20.0,DEBTCONSOLIDATION,C,12428,7.83,0.47,N,6,656,0
64,142964,MORTGAGE,34.8,DEBTCONSOLIDATION,B,40000,7.33,0.28,N,15,746,0
27,134442,RENT,3.5,HOMEIMPROVEMENT,A,26612,5.68,0.2,N,6,767,0
62,28844,MORTGAGE,21.9,PERSONAL,C,16680,10.77,0.58,N,13,651,0
46,53550,MORTGAGE,18.3,HOMEIMPROVEMENT,C,14856,10.34,0.28,N,7,682,0
45,32588,MORTGAGE,15.9,EDUCATION,C,8609,8.18,0.26,N,16,669,0
30,70895,MORTGAGE,9.6,DEBTCONSOLIDATION,C,27229,10.61,0.38,N,3,650,0
65,66556,RENT,5.1,DEBTCONSOLIDATION,D,24681,8.59,0.37,Y,11,627,0
39,79779,RENT,7.3,MEDICAL,C,24170,9.87,0.3,N,7,683,0
31,59823,MORTGAGE,3.9,EDUCATION,C,16889,9.87,0.28,N,6,683,0
33,250000,MORTGAGE,4.3,DEBTCONSOLIDATION,A,17638,5.0,0.07,N,8,778,0
28,26456,MORTGAGE,2.6,EDUCATION,C,4433,7.71,0.17,N,6,692,0
60,18000,RENT,25.0,EDUCATION,B,5634,11.82,0.31,N,19,715,0
24,38721,OWN,1.0,PERSONAL,B,5547,9.31,0.14,N,2,727,0
67,19133,OTHER,30.3,DEBTCONSOLIDATION,C,6272,8.65,0.33,N,18,698,0
51,20020,RENT,19.3,VENTURE,C,3724,9.45,0.19,N,20,690,0
48,26881,MORTGAGE,8.3,PERSONAL,C,4321,8.13,0.16,N,16,691,0
31,28188,MORTGAGE,3.6,PERSONAL,C,12690,11.24,0.45,N,8,659,0
63,27645,MORTGAGE,24.3,EDUCATION,C,5406,10.36,0.2,N,30,671,0
21,66898,OWN,1.9,VENTURE,D,12554,12.58,0.19,N,1,640,0
67,36180,RENT,35.0,PERSONAL,C,9097,12.13,0.25,Y,22,669,0
58,44015,MORTGAGE,27.9,VENTURE,A,11153,9.16,0.25,N,20,781,0
44,83829,MORTGAGE,20.2,DEBTCONSOLIDATION,A,11355,8.02,0.14,N,7,794,0
67,30952,MORTGAGE,24.8,EDUCATION,C,3212,9.5,0.1,N,11,694,0
51,41825,MORTGAGE,24.3,PERSONAL,B,9300,7.23,0.22,N,20,712,0
61,61050,OWN,28.6,VENTURE,B,20345,7.96,0.33,N,20,740,0
66,18000,MORTGAGE,34.9,HOMEIMPROVEMENT,A,2694,7.86,0.15,N,23,755,0
46,18000,MORTGAGE,3.0,PERSONAL,E,6274,14.53,0.35,Y,13,561,1
25,60335,RENT,5.4,PERSONAL,A,9988,6.94,0.17,N,4,760,0
40,65854,RENT,9.5,PERSONAL,D,21012,10.65,0.32,Y,6,609,0
61,169148,RENT,28.3,VENTURE,A,24396,6.78,0.14,N,21,805,0
31,53898,MORTGAGE,2.5,MEDICAL,C,9347,13.85,0.17,N,5,681,0
53,80165,OTHER,13.2,DEBTCONSOLIDATION,D,23152,13.85,0.29,Y,22,633,0
58,43595,RENT,11.6,PERSONAL,B,15241,10.84,0.35,N,18,719,0
47,58590,RENT,8.8,HOMEIMPROVEMENT,B,12338,7.91,0.21,N,19,738,0
54,133299,MORTGAGE,6.7,HOMEIMPROVEMENT,B,40000,7.09,0.3,N,13,746,0
35,18000,MORTGAGE,11.3,EDUCATION,E,2596,13.96,0.14,Y,11,597,0
52,62828,OWN,3.6,MEDICAL,D,16639,13.26,0.26,N,21,644,0
41,176548,RENT,7.3,MEDICAL,A,40000,5.0,0.23,N,11,839,0
66,58059,RENT,10.7,VENTURE,B,11257,8.14,0.19,N,18,720,0
25,131971,MORTGAGE,3.6,EDUCATION,C,14408,8.86,0.11,N,2,699,0
26,33606,RENT,2.2,VENTURE,B,5234,9.4,0.16,N,4,718,0
58,48087,RENT,11.3,EDUCATION,E,19564,13.03,0.41,Y,19,587,1
42,50016,RENT,10.6,DEBTCONSOLIDATION,A,10040,7.37,0.2,N,9,774,0
38,18000,RENT,11.1,MEDICAL,C,9511,12.98,0.53,N,10,652,0
34,24320,RENT,3.0,DEBTCONSOLIDATION,B,5703,10.72,0.23,N,9,707,0
30,25384,OWN,2.7,VENTURE,C,6725,10.21,0.26,N,2,673,0
66,80277,RENT,13.1,EDUCATION,C,33619,11.15,0.42,N,11,651,0
33,82726,RENT,11.7,MEDICAL,C,11315,11.47,0.14,N,3,690,0
51,59541,MORTGAGE,12.5,MEDICAL,C,11718,10.89,0.2,N,10,685,0
50,80375,MORTGAGE,16.6,PERSONAL,C,26086,12.26,0.32,N,13,695,0
23,44422,MORTGAGE,1.3,VENTURE,D,7042,13.0,0.16,Y,3,624,0
50,100826,MORTGAGE,14.2,PERSONAL,C,16610,11.57,0.16,N,12,650,0
26,49279,MORTGAGE,1.2,MEDICAL,C,26087,9.95,0.53,N,1,666,0
49,50752,MORTGAGE,3.9,VENTURE,F,21082,12.38,0.42,Y,13,535,1
28,41799,MORTGAGE,4.3,VENTURE,C,10484,11.32,0.25,N,6,697,0
64,73914,MORTGAGE,17.4,DEBTCONSOLIDATION,C,23836,11.55,0.32,N,17,690,0
65,38073,MORTGAGE,9.2,HOMEIMPROVEMENT,B,7011,11.59,0.18,N,30,703,0
63,88067,RENT,26.2,EDUCATION,C,30449,8.05,0.35,N,11,692,0
64,24852,MORTGAGE,36.6,HOMEIMPROVEMENT,B,2994,9.25,0.12,N,13,731,0
53,25352,MORTGAGE,13.2,HOMEIMPROVEMENT,D,5084,10.86,0.2,N,19,628,0
37,74047,OWN,10.2,MEDICAL,C,5743,10.1,0.08,N,8,680,0
31,46484,RENT,10.1,DEBTCONSOLIDATION,A,9983,5.72,0.21,N,7,751,0
33,37334,RENT,10.2,EDUCATION,B,14629,7.57,0.39,N,9,734,0
31,83619,OWN,5.5,HOMEIMPROVEMENT,C,22607,10.75,0.27,N,4,659,0
51,34051,RENT,20.3,HOMEIMPROVEMENT,C,19288,10.97,0.57,N,17,676,0
48,43472,OWN,5.7,VENTURE,D,7373,12.58,0.17,Y,15,641,0
64,113497,OWN,21.1,MEDICAL,A,8318,10.04,0.07,N,29,764,0
26,123436,MORTGAGE,2.4,HOMEIMPROVEMENT,C,40000,9.83,0.32,N,3,688,0
61,125924,MORTGAGE,9.2,EDUCATION,C,40000,9.92,0.32,N,9,668,0
36,41387,MORTGAGE,7.2,PERSONAL,B,14877,9.79,0.36,N,8,712,0
24,102582,MORTGAGE,1.2,PERSONAL,C,10189,10.19,0.1,N,4,697,0
55,27739,MORTGAGE,21.8,MEDICAL,C,6120,9.23,0.22,N,7,659,0
46,28448,MORTGAGE,11.7,PERSONAL,B,3075,7.69,0.11,N,8,704,0
32,18000,OTHER,6.6,VENTURE,E,4102,16.2,0.23,Y,5,599,1
31,133749,MORTGAGE,2.6,VENTURE,B,21092,9.8,0.16,N,7,708,0
57,29190,OWN,7.7,EDUCATION,C,16642,11.91,0.57,N,14,665,0
45,45436,RENT,13.7,DEBTCONSOLIDATION,B,8733,10.42,0.19,N,8,702,0
38,28390,RENT,15.8,MEDICAL,B,12286,9.51,0.43,N,10,727,0
39,74391,MORTGAGE,3.5,MEDICAL,D,10909,14.57,0.15,Y,4,602,1
43,39129,RENT,7.5,PERSONAL,D,4487,15.96,0.11,Y,7,604,0
58,22406,MORTGAGE,28.3,HOMEIMPROVEMENT,B,8590,9.18,0.38,N,16,742,0
38,63895,RENT,3.0,HOMEIMPROVEMENT,B,9666,9.32,0.15,Y,7,716,0
46,20738,OWN,20.0,DEBTCONSOLIDATION,A,5075,8.38,0.24,N,10,790,0
26,29660,RENT,3.7,HOMEIMPROVEMENT,B,5335,8.99,0.18,N,2,710,0
24,18000,RENT,2.3,DEBTCONSOLIDATION,D,8274,9.62,0.46,N,2,642,0
64,20860,RENT,14.6,EDUCATION,C,1144,10.8,0.05,N,27,694,0
49,54563,MORTGAGE,9.5,MEDICAL,D,9416,10.66,0.17,Y,12,623,0
54,18000,RENT,11.3,PERSONAL,F,7570,13.25,0.42,Y,17,545,1
37,20157,RENT,13.7,EDUCATION,D,6164,9.47,0.31,Y,5,644,1
63,48951,MORTGAGE,27.3,VENTURE,A,3808,5.0,0.08,N,10,794,0
63,35377,RENT,25.6,VENTURE,B,15913,7.53,0.45,N,28,704,0
36,161979,RENT,11.9,VENTURE,A,26806,5.84,0.17,N,6,828,0
22,147316,MORTGAGE,1.1,DEBTCONSOLIDATION,A,7119,7.36,0.05,N,1,832,0
54,29121,RENT,19.2,DEBTCONSOLIDATION,B,11354,7.94,0.39,N,22,729,0
28,68479,RENT,4.2,MEDICAL,D,38683,10.24,0.56,N,5,647,0
33,76846,RENT,9.7,VENTURE,C,5643,9.73,0.07,N,8,694,0
62,34252,RENT,13.9,DEBTCONSOLIDATION,B,4970,8.42,0.15,N,23,736,0
28,19983,MORTGAGE,5.5,DEBTCONSOLIDATION,B,3634,8.9,0.18,N,2,721,0
50,48660,RENT,23.0,HOMEIMPROVEMENT,B,3264,10.73,0.07,N,21,716,0
52,44191,MORTGAGE,13.0,DEBTCONSOLIDATION,C,4139,9.95,0.09,N,22,675,0
56,37742,OWN,5.6,VENTURE,D,8810,11.13,0.23,N,12,628,0
67,63920,RENT,22.6,EDUCATION,D,21171,12.22,0.33,Y,29,617,0
50,31243,OTHER,10.9,VENTURE,C,4172,10.95,0.13,N,12,689,0
21,24558,RENT,1.7,HOMEIMPROVEMENT,C,12699,14.27,0.52,N,1,689,0
63,52336,RENT,34.5,VENTURE,B,8767,11.14,0.17,N,12,736,0
59,61795,RENT,18.0,PERSONAL,D,13736,12.63,0.22,N,19,615,0
37,24197,RENT,8.1,HOMEIMPROVEMENT,C,8808,10.29,0.36,N,5,654,0
40,85549,MORTGAGE,12.3,MEDICAL,D,24258,11.55,0.28,Y,10,634,0
44,18000,RENT,4.5,VENTURE,C,3494,9.62,0.19,N,8,668,0
42,34652,MORTGAGE,6.7,DEBTCONSOLIDATION,E,10240,13.3,0.3,N,10,592,0
49,41990,MORTGAGE,23.0,EDUCATION,B,5774,9.53,0.14,N,16,719,0
42,33465,RENT,13.7,VENTURE,A,2720,8.7,0.08,N,15,760,0
64,34925,MORTGAGE,5.0,EDUCATION,C,3134,7.3,0.09,N,13,680,0
29,150639,OWN,2.7,PERSONAL,B,10543,7.83,0.07,N,7,716,0
57,29421,RENT,22.5,MEDICAL,C,5487,12.0,0.19,N,15,694,0
30,212083,RENT,7.6,DEBTCONSOLIDATION,A,13793,5.54,0.07,N,7,779,0
56,63721,MORTGAGE,26.1,HOMEIMPROVEMENT,D,26683,11.58,0.42,Y,17,600,0
57,51804,MORTGAGE,11.9,HOMEIMPROVEMENT,C,16344,10.42,0.32,N,24,659,0
48,65234,MORTGAGE,22.6,MEDICAL,A,4994,9.17,0.08,N,15,784,0
48,223676,RENT,14.6,PERSONAL,A,40000,7.32,0.18,N,13,807,0
62,27006,MORTGAGE,25.9,PERSONAL,B,2375,8.72,0.09,N,15,716,0
63,25027,MORTGAGE,23.3,VENTURE,B,1578,7.46,0.06,N,30,748,0
41,31165,MORTGAGE,4.3,PERSONAL,C,3840,9.88,0.12,N,13,659,0
44,49975,RENT,20.1,VENTURE,C,6965,7.88,0.14,N,10,696,0
62,18000,MORTGAGE,8.2,EDUCATION,E,4173,12.1,0.23,Y,12,581,0
60,49682,RENT,11.7,MEDICAL,C,7029,13.61,0.14,N,24,657,0
22,135418,MORTGAGE,2.7,EDUCATION,D,36612,13.6,0.27,Y,2,644,1
28,53682,OWN,5.3,EDUCATION,C,10253,9.25,0.19,Y,3,696,0
47,41125,MORTGAGE,19.9,EDUCATION,C,3136,10.16,0.08,N,19,659,0
42,33830,RENT,11.1,EDUCATION,B,12726,9.99,0.38,N,6,744,0
57,84044,RENT,14.2,HOMEIMPROVEMENT,E,4101,12.69,0.05,Y,26,572,0
47,29866,MORTGAGE,21.6,PERSONAL,B,18285,10.54,0.61,N,16,703,0
49,148425,MORTGAGE,3.9,MEDICAL,C,10660,8.72,0.07,N,11,676,0
23,156375,MORTGAGE,3.5,MEDICAL,B,40000,8.47,0.26,N,1,746,0
64,57185,RENT,12.0,DEBTCONSOLIDATION,D,34886,10.51,0.61,N,23,649,0
33,48683,MORTGAGE,10.4,EDUCATION,B,6761,9.27,0.14,N,7,734,0
65,90980,MORTGAGE,9.3,MEDICAL,C,13720,11.76,0.15,N,30,694,0
30,94549,OTHER,6.1,VENTURE,B,26072,7.99,0.28,N,6,724,0
56,30224,MORTGAGE,27.4,MEDICAL,C,1142,9.09,0.04,Y,17,666,0
29,35741,MORTGAGE,4.7,EDUCATION,B,12489,8.66,0.35,N,7,717,0
47,22172,MORTGAGE,18.1,MEDICAL,B,2331,11.36,0.11,N,14,709,0
54,62657,RENT,23.9,PERSONAL,B,11646,8.47,0.19,N,22,744,0
21,73128,MORTGAGE,1.8,EDUCATION,B,4231,9.25,0.06,N,1,709,0
52,21808,MORTGAGE,25.4,HOMEIMPROVEMENT,B,11397,10.5,0.52,N,22,728,0
45,37304,OTHER,11.1,PERSONAL,B,6073,9.3,0.16,N,6,736,0
49,21843,MORTGAGE,6.9,MEDICAL,D,1064,15.31,0.05,Y,15,629,0
27,28587,RENT,1.2,HOMEIMPROVEMENT,D,6573,10.66,0.23,N,3,614,0
23,68227,MORTGAGE,1.4,DEBTCONSOLIDATION,C,14799,10.92,0.22,N,2,658,0
40,31568,RENT,4.4,PERSONAL,B,6600,7.22,0.21,N,9,711,0
40,40925,RENT,10.8,DEBTCONSOLIDATION,E,2577,11.46,0.06,Y,13,588,0
50,18464,RENT,7.3,VENTURE,C,3410,12.81,0.18,N,11,661,0
55,54841,MORTGAGE,4.7,PERSONAL,E,20013,11.65,0.36,Y,15,591,1
55,47735,MORTGAGE,4.6,HOMEIMPROVEMENT,C,5865,12.29,0.12,N,11,690,0
59,31654,RENT,28.0,DEBTCONSOLIDATION,B,2586,7.11,0.08,N,13,728,0
47,43765,MORTGAGE,14.9,VENTURE,D,16452,11.72,0.38,Y,15,628,0
46,54621,RENT,9.8,DEBTCONSOLIDATION,C,21018,9.3,0.38,N,7,653,0
34,30063,OWN,11.6,MEDICAL,C,5910,11.61,0.2,N,4,668,0
37,20216,MORTGAGE,2.8,EDUCATION,A,1467,8.4,0.07,N,8,750,0
38,144834,MORTGAGE,15.7,DEBTCONSOLIDATION,B,22036,10.41,0.15,Y,4,736,0
65,33524,RENT,25.0,MEDICAL,B,11492,9.88,0.34,N,12,733,0
49,46255,MORTGAGE,7.1,EDUCATION,C,29117,10.35,0.63,N,19,683,0
40,89904,MORTGAGE,12.7,EDUCATION,C,4402,10.55,0.05,Y,13,676,0
47,250000,OWN,18.4,HOMEIMPROVEMENT,A,30206,5.0,0.12,N,10,804,0
38,23232,RENT,8.0,VENTURE,C,1059,11.14,0.05,N,7,670,0
24,64208,RENT,4.2,VENTURE,B,13383,8.04,0.21,N,4,747,0
21,32063,MORTGAGE,0.6,PERSONAL,B,7092,9.36,0.22,N,1,741,0
21,35480,RENT,0.9,MEDICAL,E,8130,14.25,0.23,Y,1,587,0
46,31820,RENT,4.6,HOMEIMPROVEMENT,B,2549,7.65,0.08,N,13,733,0
65,24949,OWN,11.6,DEBTCONSOLIDATION,C,5593,9.2,0.22,N,27,679,0
40,47821,RENT,5.9,MEDICAL,C,8079,10.74,0.17,N,14,668,0
43,20237,OTHER,18.6,DEBTCONSOLIDATION,C,10676,10.29,0.53,N,9,666,0
30,86515,RENT,1.9,DEBTCONSOLIDATION,C,25747,8.06,0.3,N,5,680,0
31,50665,MORTGAGE,5.2,DEBTCONSOLIDATION,B,1880,7.3,0.04,N,6,727,0
61,63162,MORTGAGE,20.3,PERSONAL,B,18682,11.13,0.3,N,29,704,0
61,37059,MORTGAGE,31.4,PERSONAL,A,1656,7.77,0.04,N,27,782,0
25,39327,OWN,5.6,HOMEIMPROVEMENT,C,13495,11.08,0.34,N,3,652,0
21,58252,RENT,1.9,PERSONAL,C,21337,12.32,0.37,N,1,674,0
37,24381,MORTGAGE,14.8,HOMEIMPROVEMENT,C,3493,10.56,0.14,N,4,667,0
42,39545,MORTGAGE,15.6,PERSONAL,C,13017,12.15,0.33,N,9,653,0
54,29267,RENT,27.9,VENTURE,B,10729,8.68,0.37,N,7,729,0
65,28728,OWN,28.0,HOMEIMPROVEMENT,B,15933,9.57,0.55,N,13,705,0
61,18000,RENT,6.7,VENTURE,C,7117,15.86,0.4,N,22,651,1
49,109490,MORTGAGE,11.8,VENTURE,B,13041,8.5,0.12,N,19,703,0
24,32470,RENT,3.3,HOMEIMPROVEMENT,D,10564,12.6,0.33,N,3,631,0
25,98521,MORTGAGE,2.4,MEDICAL,B,33147,10.18,0.34,N,3,708,0
31,93085,MORTGAGE,3.8,EDUCATION,C,27802,12.13,0.3,N,3,675,0
41,22660,RENT,11.6,PERSONAL,B,5493,8.04,0.24,N,12,748,0
55,25513,MORTGAGE,27.9,DEBTCONSOLIDATION,B,1723,11.25,0.07,N,15,745,0
32,227817,RENT,1.7,PERSONAL,A,18064,6.47,0.08,N,7,785,0
46,140162,RENT,17.9,DEBTCONSOLIDATION,A,19475,5.63,0.14,N,10,808,0
39,48102,RENT,12.7,MEDICAL,D,28299,12.54,0.59,N,10,647,1
65,57206,RENT,36.4,EDUCATION,A,15899,9.41,0.28,N,19,767,0
27,33573,RENT,6.8,MEDICAL,C,16511,8.26,0.49,N,4,684,0
67,63539,MORTGAGE,31.0,EDUCATION,B,27420,8.08,0.43,N,13,713,0
27,31878,MORTGAGE,4.2,HOMEIMPROVEMENT,D,14882,12.74,0.47,N,3,608,0
46,18000,MORTGAGE,6.8,HOMEIMPROVEMENT,E,10670,14.33,0.59,N,10,577,1
60,22182,RENT,20.2,DEBTCONSOLIDATION,C,7506,12.62,0.34,N,23,669,0
25,49645,MORTGAGE,4.5,VENTURE,D,21847,11.63,0.44,Y,3,641,1
41,24868,MORTGAGE,16.7,VENTURE,C,6615,12.2,0.27,N,15,673,0
34,47081,RENT,10.4,DEBTCONSOLIDATION,B,4795,5.57,0.1,N,8,744,0
24,25724,MORTGAGE,1.4,HOMEIMPROVEMENT,C,4001,9.32,0.16,N,2,652,0
43,30656,MORTGAGE,13.0,DEBTCONSOLIDATION,B,4964,9.44,0.16,N,14,706,0
62,81789,MORTGAGE,14.6,VENTURE,A,2806,9.44,0.03,N,19,757,0
40,56868,RENT,2.3,DEBTCONSOLIDATION,B,4750,8.07,0.08,N,6,735,0
35,48737,RENT,4.1,HOMEIMPROVEMENT,C,11626,10.1,0.24,N,9,671,0
65,83064,MORTGAGE,8.4,MEDICAL,C,23866,10.73,0.29,N,12,683,0
49,65405,MORTGAGE,21.4,PERSONAL,C,11491,10.41,0.18,N,8,664,0
28,116767,RENT,2.8,HOMEIMPROVEMENT,C,30007,11.9,0.26,N,5,695,0
61,37200,RENT,12.9,DEBTCONSOLIDATION,A,11057,6.35,0.3,N,25,811,0
39,37881,MORTGAGE,16.2,HOMEIMPROVEMENT,B,3299,12.98,0.09,N,12,711,0
59,22456,MORTGAGE,15.0,HOMEIMPROVEMENT,D,11822,12.18,0.53,N,14,625,1
66,37896,MORTGAGE,5.1,VENTURE,C,4603,9.41,0.12,N,30,689,0
48,87453,RENT,9.0,DEBTCONSOLIDATION,B,23597,8.66,0.27,N,16,736,0
66,106936,RENT,8.8,VENTURE,B,20437,11.19,0.19,N,29,703,0
47,87219,RENT,5.0,DEBTCONSOLIDATION,C,23673,10.5,0.27,N,16,664,0
24,18000,RENT,0.9,VENTURE,A,3503,5.0,0.19,N,2,761,0
35,93890,RENT,8.8,VENTURE,B,15603,7.87,0.17,N,4,734,0
55,18000,MORTGAGE,8.6,MEDICAL,B,8246,5.51,0.46,N,20,721,0
57,84025,MORTGAGE,13.8,HOMEIMPROVEMENT,B,10586,9.92,0.13,N,21,716,0
21,39313,MORTGAGE,2.1,MEDICAL,B,14043,6.93,0.36,N,1,733,0
23,74721,RENT,2.0,VENTURE,B,30776,9.34,0.41,N,2,712,0
67,22038,RENT,36.3,MEDICAL,B,12812,6.44,0.58,N,23,732,0
44,98982,RENT,11.7,HOMEIMPROVEMENT,C,20143,10.03,0.2,N,12,683,0
47,20353,RENT,11.0,HOMEIMPROVEMENT,C,3540,10.82,0.17,N,11,670,0
60,32824,MORTGAGE,26.3,VENTURE,C,14648,10.29,0.45,Y,10,655,0
56,26933,RENT,5.7,HOMEIMPROVEMENT,C,2900,10.16,0.11,N,11,681,0
54,18000,RENT,5.9,MEDICAL,C,4150,7.33,0.23,N,21,693,0
49,51881,RENT,17.2,EDUCATION,C,12516,9.73,0.24,N,10,699,0
44,144878,RENT,11.5,HOMEIMPROVEMENT,C,40000,9.2,0.28,Y,5,683,1
44,242836,MORTGAGE,17.0,MEDICAL,B,39801,9.61,0.16,Y,18,705,0
62,51963,RENT,32.6,MEDICAL,C,9504,9.55,0.18,Y,13,697,0
24,95799,MORTGAGE,2.2,MEDICAL,C,31309,10.48,0.33,N,3,661,0
23,56345,MORTGAGE,2.6,HOMEIMPROVEMENT,C,19320,9.95,0.34,N,3,668,0
54,66126,RENT,16.2,EDUCATION,B,20844,9.89,0.32,N,17,705,0
43,39923,RENT,19.7,VENTURE,C,4061,12.29,0.1,N,14,695,0
43,55107,MORTGAGE,17.0,VENTURE,D,4478,11.38,0.08,Y,17,637,0
65,67676,MORTGAGE,34.7,HOMEIMPROVEMENT,A,13383,8.28,0.2,N,29,770,0
25,34645,RENT,1.9,HOMEIMPROVEMENT,B,7220,11.83,0.21,N,3,705,0
51,46793,RENT,21.1,PERSONAL,B,7792,9.13,0.17,N,12,736,0
61,47332,RENT,12.3,DEBTCONSOLIDATION,B,15763,10.34,0.33,N,18,714,0
26,80486,RENT,2.0,EDUCATION,C,32521,8.75,0.4,N,4,687,0
57,25858,RENT,29.7,MEDICAL,B,5432,9.93,0.21,N,24,708,0
30,47528,RENT,1.4,DEBTCONSOLIDATION,D,3341,12.17,0.07,N,7,635,0
60,154384,RENT,32.6,MEDICAL,A,40000,10.23,0.26,N,20,767,0
27,98561,RENT,1.8,DEBTCONSOLIDATION,C,37943,8.14,0.38,N,3,688,0
59,110139,RENT,27.6,VENTURE,C,4747,13.39,0.04,Y,14,684,0
58,49744,MORTGAGE,11.7,DEBTCONSOLIDATION,A,3690,9.14,0.07,N,8,772,0
41,59432,MORTGAGE,7.9,HOMEIMPROVEMENT,C,24609,11.21,0.41,N,13,696,0
40,89441,OWN,5.5,EDUCATION,C,26733,7.94,0.3,N,7,699,0
23,125010,RENT,2.5,VENTURE,B,13930,6.89,0.11,N,1,745,0
42,18000,MORTGAGE,8.2,DEBTCONSOLIDATION,C,1000,10.6,0.06,Y,14,699,0
67,22264,RENT,27.4,EDUCATION,C,2007,7.88,0.09,Y,11,656,0
24,107545,MORTGAGE,0.7,HOMEIMPROVEMENT,C,31207,8.4,0.29,N,3,667,0
48,41517,RENT,4.4,MEDICAL,C,9703,10.89,0.23,N,6,698,0
32,32760,RENT,2.4,PERSONAL,D,8254,13.37,0.25,N,9,637,0
58,23098,OWN,15.7,EDUCATION,C,10107,14.33,0.44,N,17,652,0
56,35136,MORTGAGE,25.5,MEDICAL,B,5970,8.79,0.17,Y,9,711,0
67,21132,OWN,35.4,EDUCATION,A,9730,6.27,0.46,N,26,767,0
61,171898,RENT,11.7,EDUCATION,A,32231,6.04,0.19,N,27,779,0
25,48365,RENT,3.5,EDUCATION,C,14723,10.47,0.3,N,2,695,0
33,47345,RENT,9.6,HOMEIMPROVEMENT,C,8395,10.54,0.18,N,8,661,0
43,69762,MORTGAGE,7.6,VENTURE,C,16640,8.38,0.24,N,17,675,0
50,87326,MORTGAGE,12.4,EDUCATION,B,9815,10.21,0.11,Y,10,707,0
57,86468,OWN,18.2,HOMEIMPROVEMENT,B,9481,7.36,0.11,N,23,724,0
45,93355,RENT,5.2,PERSONAL,D,6169,13.1,0.07,Y,9,624,0
47,33573,MORTGAGE,3.4,VENTURE,C,6958,11.44,0.21,N,11,676,0
34,40998,RENT,3.3,HOMEIMPROVEMENT,C,15160,9.41,0.37,N,5,693,0
67,77762,RENT,26.4,PERSONAL,B,10977,8.67,0.14,N,20,745,0
56,35723,MORTGAGE,5.8,VENTURE,C,15725,10.31,0.44,N,7,664,0
59,48870,MORTGAGE,9.5,HOMEIMPROVEMENT,D,7227,11.69,0.15,N,14,630,0
36,62271,RENT,6.1,PERSONAL,C,18550,8.02,0.3,N,7,690,0
42,78520,RENT,3.7,HOMEIMPROVEMENT,B,11211,5.0,0.14,N,12,742,0
41,18000,RENT,5.4,PERSONAL,C,8550,10.78,0.48,N,11,657,0
41,75270,RENT,17.0,EDUCATION,A,6194,5.0,0.08,N,11,810,0
28,42606,RENT,1.1,EDUCATION,D,20080,10.33,0.47,N,3,636,1
36,74942,RENT,10.0,VENTURE,C,17684,8.48,0.24,N,12,693,0
51,78132,RENT,12.2,PERSONAL,C,26439,11.56,0.34,N,13,684,0
62,128636,OWN,25.1,EDUCATION,A,10318,9.7,0.08,N,13,750,0
30,110422,OWN,6.1,VENTURE,B,28964,9.1,0.26,N,5,734,0
52,109967,MORTGAGE,8.7,MEDICAL,D,39415,11.25,0.36,Y,19,632,0
54,116564,OTHER,24.9,EDUCATION,B,40000,8.68,0.34,Y,7,747,0
29,58385,MORTGAGE,4.9,EDUCATION,C,30756,11.93,0.53,N,3,679,0
37,49976,RENT,12.8,DEBTCONSOLIDATION,D,11575,15.03,0.23,Y,11,606,1
31,82759,RENT,5.0,HOMEIMPROVEMENT,C,9486,9.15,0.11,N,5,679,0
52,76057,OWN,26.8,MEDICAL,A,7345,5.0,0.1,N,13,814,0
30,40723,MORTGAGE,7.7,PERSONAL,C,11332,10.19,0.28,N,7,697,0
42,62498,MORTGAGE,18.6,VENTURE,A,5587,5.0,0.09,N,5,780,0
37,47999,MORTGAGE,8.7,MEDICAL,B,6998,9.84,0.15,N,9,707,0
24,29367,RENT,2.6,PERSONAL,C,11184,10.99,0.38,N,2,667,1
67,106327,RENT,30.8,EDUCATION,A,33949,6.19,0.32,N,11,805,0
45,50671,RENT,19.3,DEBTCONSOLIDATION,B,9444,11.21,0.19,N,8,736,0
41,167581,RENT,17.8,VENTURE,A,12511,7.0,0.07,N,11,789,0
57,18484,RENT,12.8,VENTURE,C,5203,11.21,0.28,N,8,676,0
58,35099,RENT,26.4,MEDICAL,B,20996,10.48,0.6,N,19,729,0
21,49990,RENT,0.7,HOMEIMPROVEMENT,C,14672,10.3,0.29,N,2,675,0
45,96996,RENT,13.0,PERSONAL,D,18268,10.9,0.19,Y,16,640,0
56,62297,RENT,8.6,DEBTCONSOLIDATION,A,5056,6.28,0.08,N,14,791,0
37,59058,RENT,6.5,DEBTCONSOLIDATION,C,14265,10.7,0.24,N,5,686,0
61,24925,MORTGAGE,32.3,MEDICAL,C,10166,10.3,0.41,N,18,694,0
44,24485,RENT,5.3,HOMEIMPROVEMENT,C,2057,13.35,0.08,Y,10,663,1
22,59486,MORTGAGE,2.2,HOMEIMPROVEMENT,B,15326,8.34,0.26,N,2,711,0
60,21623,OWN,21.6,HOMEIMPROVEMENT,C,7567,9.9,0.35,N,29,680,0
35,35627,RENT,3.1,VENTURE,E,18513,14.59,0.52,Y,6,586,1
52,66207,RENT,11.2,PERSONAL,B,2995,9.14,0.05,N,9,748,0
59,27190,MORTGAGE,20.3,PERSONAL,B,10145,9.27,0.37,N,26,709,0
26,128439,MORTGAGE,1.8,MEDICAL,B,40000,8.2,0.31,N,4,737,0
21,102166,MORTGAGE,2.0,EDUCATION,B,20898,8.64,0.2,N,1,708,0
67,19094,RENT,38.2,MEDICAL,A,7065,6.33,0.37,N,18,763,0
43,28017,MORTGAGE,6.3,PERSONAL,D,3997,12.35,0.14,Y,10,611,0
59,18000,OWN,9.5,VENTURE,C,3501,11.5,0.19,N,26,668,0
37,30651,MORTGAGE,8.0,MEDICAL,B,4614,9.17,0.15,N,5,733,0
54,77639,RENT,22.4,EDUCATION,B,30124,8.46,0.39,N,21,734,0
61,38240,MORTGAGE,12.8,DEBTCONSOLIDATION,B,11510,9.5,0.3,N,8,720,0
49,64632,MORTGAGE,3.5,MEDICAL,B,8785,6.85,0.14,N,20,744,0
29,19665,MORTGAGE,5.3,HOMEIMPROVEMENT,D,7890,12.16,0.4,N,4,646,0
33,79125,RENT,11.5,EDUCATION,B,26877,6.69,0.34,N,4,726,0
26,35134,MORTGAGE,3.0,HOMEIMPROVEMENT,B,16332,8.66,0.46,N,1,744,0
26,49380,RENT,3.2,VENTURE,D,3707,12.87,0.08,Y,3,624,0
40,46363,RENT,17.1,PERSONAL,D,9113,12.76,0.2,Y,7,604,0
23,22858,MORTGAGE,2.9,MEDICAL,C,7461,9.74,0.33,N,2,697,0
37,24542,RENT,11.5,MEDICAL,D,3163,9.78,0.13,N,6,644,0
32,87612,MORTGAGE,6.9,HOMEIMPROVEMENT,C,17312,10.37,0.2,N,3,674,0
67,62279,MORTGAGE,38.3,HOMEIMPROVEMENT,A,4075,10.26,0.07,N,22,776,0
65,92044,RENT,27.4,PERSONAL,A,13097,7.71,0.14,N,22,759,0
21,59563,MORTGAGE,2.2,MEDICAL,C,24305,9.78,0.41,N,1,682,0
37,53412,OWN,11.2,PERSONAL,A,27547,5.39,0.52,N,8,759,0
23,18000,RENT,3.1,HOMEIMPROVEMENT,C,7920,11.39,0.44,N,2,661,0
46,41680,MORTGAGE,8.5,DEBTCONSOLIDATION,C,11072,11.19,0.27,N,12,671,0
35,48221,RENT,5.3,HOMEIMPROVEMENT,C,12132,9.94,0.25,N,4,667,0
56,158239,MORTGAGE,24.6,EDUCATION,A,19848,7.23,0.13,N,11,766,0
52,74026,RENT,10.5,HOMEIMPROVEMENT,C,27389,8.94,0.37,N,9,658,0
52,123208,RENT,16.8,HOMEIMPROVEMENT,C,40000,10.25,0.32,Y,18,686,0
24,70159,RENT,1.6,DEBTCONSOLIDATION,C,28438,10.72,0.41,N,2,689,0
38,31991,OTHER,13.4,PERSONAL,C,4838,7.7,0.15,Y,8,653,0
39,52589,MORTGAGE,3.7,EDUCATION,B,15242,9.18,0.29,N,12,713,0
63,56485,MORTGAGE,30.6,EDUCATION,A,6744,9.91,0.12,N,16,775,0
55,27903,RENT,19.3,MEDICAL,C,1598,10.6,0.06,N,17,676,0
60,38924,MORTGAGE,9.7,DEBTCONSOLIDATION,D,6996,12.85,0.18,Y,9,620,0
34,43327,RENT,7.7,VENTURE,C,5226,11.41,0.12,N,9,694,0
53,128459,RENT,10.4,MEDICAL,B,30081,10.15,0.23,Y,19,711,0
34,18000,MORTGAGE,5.2,MEDICAL,B,7064,8.57,0.39,N,9,717,0
54,101062,RENT,12.5,MEDICAL,B,22253,6.84,0.22,N,23,712,0
24,27943,RENT,0.9,EDUCATION,C,2477,15.21,0.09,N,3,651,0
44,21520,MORTGAGE,20.5,PERSONAL,B,3518,10.08,0.16,N,16,722,0
49,99505,MORTGAGE,3.8,HOMEIMPROVEMENT,D,31789,13.38,0.32,Y,11,620,0
39,76049,RENT,11.8,EDUCATION,B,25941,11.1,0.34,N,7,703,0
26,104058,RENT,2.9,HOMEIMPROVEMENT,B,26080,9.8,0.25,N,5,749,0
53,79254,RENT,19.3,HOMEIMPROVEMENT,B,16059,9.5,0.2,N,23,743,0
60,168705,OWN,14.7,VENTURE,B,38683,8.41,0.23,N,19,741,0
39,68544,MORTGAGE,12.0,MEDICAL,B,3454,9.03,0.05,N,8,704,0
21,44627,MORTGAGE,1.8,VENTURE,D,4447,12.5,0.1,N,1,643,0
25,60219,OWN,4.1,MEDICAL,B,18076,9.64,0.3,N,2,707,0
47,103371,RENT,5.2,EDUCATION,B,30223,9.25,0.29,N,8,718,0
36,30710,OTHER,10.1,HOMEIMPROVEMENT,B,5442,10.59,0.18,N,9,717,0
26,33152,RENT,2.4,VENTURE,D,4152,15.35,0.13,Y,1,617,0
60,40726,RENT,5.0,DEBTCONSOLIDATION,E,7688,11.81,0.19,Y,16,584,0
33,18000,MORTGAGE,5.9,EDUCATION,D,3893,13.05,0.22,Y,9,613,1
55,53255,RENT,14.9,EDUCATION,A,8024,6.33,0.15,N,12,758,0
39,18000,MORTGAGE,9.0,DEBTCONSOLIDATION,C,3921,10.27,0.22,N,13,689,0
32,50606,RENT,8.3,MEDICAL,B,16187,5.63,0.32,N,9,748,0
36,82386,MORTGAGE,5.7,HOMEIMPROVEMENT,D,14221,10.17,0.17,Y,10,649,0
63,36822,RENT,14.4,MEDICAL,A,7207,7.32,0.2,N,30,776,0
30,134090,RENT,1.7,MEDICAL,A,12212,8.12,0.09,N,5,801,0
45,20408,OWN,15.7,EDUCATION,C,6314,8.56,0.31,N,13,663,0
40,100183,MORTGAGE,10.9,MEDICAL,B,17278,10.13,0.17,N,13,705,0
51,73503,OWN,11.4,PERSONAL,B,8926,9.4,0.12,N,14,706,0
24,18000,MORTGAGE,3.6,DEBTCONSOLIDATION,D,7366,14.89,0.41,N,2,601,0
64,249316,MORTGAGE,21.9,DEBTCONSOLIDATION,A,40000,5.14,0.16,N,23,826,0
43,47181,MORTGAGE,10.7,HOMEIMPROVEMENT,C,2319,11.49,0.05,Y,13,661,0
22,28955,RENT,1.8,DEBTCONSOLIDATION,C,3355,9.65,0.12,N,2,692,0
42,21072,RENT,13.1,MEDICAL,C,2069,9.31,0.1,N,12,663,0
57,42958,RENT,21.9,MEDICAL,A,18265,6.86,0.43,N,22,762,0
28,45413,MORTGAGE,3.0,VENTURE,D,7787,10.85,0.17,N,5,624,0
27,52134,RENT,1.8,HOMEIMPROVEMENT,E,17525,11.34,0.34,Y,3,560,1
34,40999,OWN,3.4,HOMEIMPROVEMENT,D,11594,13.78,0.28,Y,4,641,0
23,71677,MORTGAGE,2.7,DEBTCONSOLIDATION,C,25310,9.19,0.35,N,2,697,0
36,38848,MORTGAGE,12.8,MEDICAL,D,5328,12.89,0.14,Y,3,618,0
39,18000,RENT,8.1,PERSONAL,C,3667,8.32,0.2,N,14,689,0
38,44818,RENT,4.4,VENTURE,C,14527,10.17,0.32,N,12,685,0
36,18000,OWN,11.3,PERSONAL,B,9716,10.18,0.54,N,9,707,0
28,60612,RENT,6.8,MEDICAL,C,9326,10.91,0.15,N,6,663,0
53,27239,RENT,25.1,HOMEIMPROVEMENT,B,3655,7.15,0.13,N,17,740,0
32,54068,RENT,7.3,HOMEIMPROVEMENT,B,3150,9.34,0.06,N,3,749,0
31,107844,RENT,9.1,PERSONAL,C,40000,7.31,0.37,N,6,676,0
25,27743,RENT,0.8,EDUCATION,C,4482,7.95,0.16,N,2,678,0
47,92665,MORTGAGE,5.1,MEDICAL,B,9138,8.94,0.1,N,11,717,0
32,37796,MORTGAGE,2.3,HOMEIMPROVEMENT,D,18523,9.01,0.49,N,6,604,1
37,140353,MORTGAGE,11.4,DEBTCONSOLIDATION,B,40000,7.04,0.28,N,11,746,0
26,39375,RENT,1.2,EDUCATION,C,7705,9.11,0.2,N,3,694,0
53,29605,MORTGAGE,15.7,HOMEIMPROVEMENT,A,1993,9.75,0.07,N,15,770,0
25,74038,MORTGAGE,3.0,DEBTCONSOLIDATION,D,34495,11.52,0.47,Y,2,607,1
48,37741,RENT,9.5,HOMEIMPROVEMENT,C,3651,10.37,0.1,Y,14,651,0
34,29588,RENT,11.3,EDUCATION,A,2867,5.1,0.1,N,5,757,0
25,36801,RENT,1.5,PERSONAL,C,6008,10.93,0.16,N,2,662,0
53,47726,MORTGAGE,12.1,MEDICAL,C,6567,10.58,0.14,N,20,670,0
61,109678,MORTGAGE,27.6,EDUCATION,A,14553,5.77,0.13,N,15,772,0
39,18000,OWN,2.5,EDUCATION,C,4751,12.12,0.26,N,4,664,0
42,49704,RENT,13.7,HOMEIMPROVEMENT,B,14087,10.88,0.28,N,8,701,0
25,71320,MORTGAGE,4.7,DEBTCONSOLIDATION,C,12822,9.17,0.18,N,3,688,0
22,55053,RENT,3.0,EDUCATION,C,5097,7.65,0.09,N,2,671,0
50,107572,RENT,22.8,MEDICAL,A,23529,5.46,0.22,N,21,783,0
67,46882,MORTGAGE,15.9,PERSONAL,D,15841,14.04,0.34,Y,28,632,0
59,43882,RENT,20.9,DEBTCONSOLIDATION,B,4451,8.64,0.1,Y,16,739,0
24,69940,MORTGAGE,0.9,PERSONAL,E,17838,12.13,0.26,Y,2,582,1
53,52030,MORTGAGE,9.8,PERSONAL,B,9656,11.53,0.19,Y,9,705,0
33,38783,MORTGAGE,2.5,MEDICAL,C,19617,10.32,0.51,N,7,669,0
40,66815,RENT,7.1,HOMEIMPROVEMENT,B,7574,9.29,0.11,N,10,712,0
27,33139,OWN,6.4,DEBTCONSOLIDATION,C,6413,14.71,0.19,N,4,652,0
35,33972,OTHER,5.8,DEBTCONSOLIDATION,E,6301,14.23,0.19,Y,5,596,0
43,35710,OWN,12.3,MEDICAL,B,8065,7.85,0.23,N,9,744,0
34,110397,MORTGAGE,6.5,DEBTCONSOLIDATION,D,20399,12.39,0.18,N,5,629,0
43,18000,MORTGAGE,10.5,EDUCATION,D,6815,13.12,0.38,N,14,614,0
39,62153,MORTGAGE,16.4,VENTURE,C,5106,11.67,0.08,N,5,674,0
49,50039,RENT,9.5,VENTURE,B,28254,7.62,0.56,N,15,715,0
40,18000,MORTGAGE,11.9,VENTURE,D,5463,13.94,0.3,Y,4,640,0
49,59032,MORTGAGE,12.2,PERSONAL,D,16662,14.86,0.28,Y,14,600,0
44,65215,OTHER,3.7,DEBTCONSOLIDATION,C,6894,8.61,0.11,N,6,688,0
38,69827,MORTGAGE,8.9,MEDICAL,B,11431,9.09,0.16,N,5,717,0
30,18000,RENT,8.0,DEBTCONSOLIDATION,B,2923,8.94,0.16,N,3,726,0
61,111283,MORTGAGE,7.3,MEDICAL,D,17450,12.35,0.16,Y,16,620,0
28,31487,OWN,1.5,DEBTCONSOLIDATION,E,12234,13.92,0.39,Y,3,599,1
46,74008,RENT,5.8,PERSONAL,C,21944,9.6,0.3,N,17,685,0
49,76469,RENT,19.7,EDUCATION,B,35903,10.04,0.47,N,9,708,0
30,28969,MORTGAGE,7.3,VENTURE,C,3596,11.67,0.12,N,2,665,0
37,72858,RENT,9.4,VENTURE,B,30154,10.32,0.41,N,9,702,0
22,38898,RENT,1.7,DEBTCONSOLIDATION,E,3765,13.66,0.1,Y,2,593,1
26,18000,RENT,5.8,PERSONAL,C,5393,11.15,0.3,N,2,678,0
25,98779,MORTGAGE,4.5,VENTURE,A,33262,8.26,0.34,N,3,755,0
48,30790,RENT,20.1,DEBTCONSOLIDATION,B,11853,5.58,0.38,N,17,738,0
61,29357,RENT,28.8,HOMEIMPROVEMENT,A,5375,5.55,0.18,N,16,783,0
25,38490,MORTGAGE,3.8,DEBTCONSOLIDATION,B,6237,7.67,0.16,N,3,701,0
38,57719,OWN,8.4,MEDICAL,B,9594,6.63,0.17,N,5,745,0
46,47364,OTHER,19.7,VENTURE,E,3662,11.3,0.08,Y,5,598,0
40,68107,RENT,16.5,VENTURE,C,8111,12.09,0.12,N,15,671,0
61,21945,OWN,5.0,HOMEIMPROVEMENT,D,5014,13.34,0.23,N,15,645,0
47,31400,RENT,3.9,EDUCATION,D,8717,12.3,0.28,N,9,645,0
32,45725,MORTGAGE,10.8,DEBTCONSOLIDATION,B,5813,6.72,0.13,N,9,746,0
27,153082,MORTGAGE,2.6,EDUCATION,C,40000,9.12,0.26,N,5,672,0
23,45785,RENT,3.6,DEBTCONSOLIDATION,D,9782,10.49,0.21,N,2,641,0
30,94007,MORTGAGE,4.5,HOMEIMPROVEMENT,D,18918,10.52,0.2,Y,6,636,1
54,50168,RENT,6.6,EDUCATION,D,14408,13.97,0.29,Y,19,624,1
45,36673,MORTGAGE,4.2,PERSONAL,B,2181,6.73,0.06,N,15,728,0
55,42275,RENT,7.8,HOMEIMPROVEMENT,D,6436,12.55,0.15,Y,8,621,0
36,44309,MORTGAGE,4.9,DEBTCONSOLIDATION,C,6858,8.07,0.15,N,7,689,0
22,70416,RENT,1.8,MEDICAL,D,25712,12.14,0.37,Y,1,643,1
44,111833,RENT,15.4,MEDICAL,B,25984,8.91,0.23,N,6,705,0
30,60828,OTHER,9.5,MEDICAL,B,7614,7.43,0.13,N,4,717,0
58,99932,MORTGAGE,16.4,DEBTCONSOLIDATION,B,37855,7.5,0.38,N,20,742,0
42,27477,OWN,11.1,VENTURE,C,1641,10.54,0.06,N,6,695,0
46,38224,RENT,13.0,HOMEIMPROVEMENT,B,8450,6.17,0.22,N,9,733,0
63,31742,RENT,21.5,HOMEIMPROVEMENT,C,13453,9.56,0.42,N,23,672,0
59,59199,MORTGAGE,19.0,EDUCATION,A,27296,7.53,0.46,N,20,759,0
47,39522,MORTGAGE,3.1,HOMEIMPROVEMENT,C,11988,8.62,0.3,N,18,666,0
49,75952,RENT,3.1,HOMEIMPROVEMENT,C,6882,8.39,0.09,N,18,694,0
67,28040,MORTGAGE,8.2,EDUCATION,D,5358,13.64,0.19,N,30,641,0
58,50302,RENT,6.8,HOMEIMPROVEMENT,E,10617,11.14,0.21,Y,19,587,0
40,74021,RENT,13.1,HOMEIMPROVEMENT,C,8586,8.93,0.12,N,12,697,0
47,18000,RENT,7.1,PERSONAL,F,10275,15.12,0.57,Y,18,546,1
61,175076,MORTGAGE,31.2,DEBTCONSOLIDATION,A,23224,7.67,0.13,N,26,760,0
40,41361,MORTGAGE,16.5,EDUCATION,B,4454,8.1,0.11,N,12,722,0
64,18000,MORTGAGE,36.0,PERSONAL,A,3357,8.8,0.19,N,20,765,0
39,53898,MORTGAGE,15.9,VENTURE,B,10557,5.69,0.2,N,7,727,0
40,50014,RENT,6.4,EDUCATION,E,7576,14.15,0.15,N,14,588,0
55,46670,OWN,16.9,DEBTCONSOLIDATION,C,3136,8.52,0.07,N,21,690,0
67,88850,OWN,10.9,HOMEIMPROVEMENT,A,25058,5.0,0.28,N,30,754,0
22,76762,MORTGAGE,2.7,HOMEIMPROVEMENT,E,13640,16.46,0.18,Y,1,584,0
50,58613,RENT,23.1,PERSONAL,C,14289,11.05,0.24,Y,11,656,0
54,64221,MORTGAGE,25.1,PERSONAL,B,5033,10.45,0.08,N,14,711,0
42,46045,MORTGAGE,9.7,VENTURE,B,22701,10.51,0.49,N,14,724,0
23,142243,OTHER,3.2,VENTURE,D,40000,10.63,0.28,Y,3,623,0
26,20180,OTHER,1.3,DEBTCONSOLIDATION,D,1726,11.19,0.09,Y,2,637,0
35,53305,MORTGAGE,2.2,HOMEIMPROVEMENT,E,28115,13.69,0.53,Y,9,567,1
47,50971,RENT,18.2,MEDICAL,D,7434,10.47,0.15,N,6,639,0
30,79855,OWN,4.8,VENTURE,B,19224,10.86,0.24,N,4,718,0
29,29545,MORTGAGE,8.8,HOMEIMPROVEMENT,F,13579,16.73,0.46,Y,4,535,1
53,18000,MORTGAGE,5.9,VENTURE,D,8713,11.67,0.48,N,20,628,0
52,53857,RENT,23.8,EDUCATION,A,30627,8.28,0.57,N,21,768,0
26,58031,RENT,3.5,PERSONAL,A,13228,7.8,0.23,N,2,801,0
61,119821,MORTGAGE,29.2,HOMEIMPROVEMENT,A,40000,8.2,0.33,N,19,760,0
56,22874,RENT,25.5,VENTURE,B,1673,8.68,0.07,N,19,703,0
22,98009,RENT,3.0,PERSONAL,D,25512,7.92,0.26,Y,1,635,0
49,202895,MORTGAGE,9.6,MEDICAL,B,40000,9.22,0.2,N,21,718,0
24,39079,RENT,4.6,VENTURE,C,8616,11.69,0.22,N,3,672,0
21,22593,RENT,0.6,HOMEIMPROVEMENT,B,8209,7.7,0.36,N,1,717,0
39,38400,RENT,3.3,EDUCATION,D,5279,12.12,0.14,Y,9,628,1
46,49434,RENT,11.3,PERSONAL,D,21935,12.25,0.44,N,8,637,0
45,68752,OTHER,18.4,PERSONAL,B,16622,9.11,0.24,N,12,739,0
30,34377,RENT,5.2,EDUCATION,D,7108,12.08,0.21,N,6,627,0
35,124631,RENT,11.6,HOMEIMPROVEMENT,D,24295,11.17,0.19,Y,4,602,0
42,25116,OWN,14.7,DEBTCONSOLIDATION,B,1946,10.24,0.08,N,15,739,0
41,18000,MORTGAGE,5.7,MEDICAL,E,1629,12.85,0.09,Y,11,594,0
42,95227,RENT,18.3,DEBTCONSOLIDATION,A,19410,5.96,0.2,N,16,793,0
56,18000,MORTGAGE,5.4,EDUCATION,D,9795,9.74,0.54,N,8,617,0
54,43369,MORTGAGE,26.2,MEDICAL,A,4393,7.65,0.1,N,22,784,0
50,250000,MORTGAGE,10.0,HOMEIMPROVEMENT,A,40000,8.87,0.16,N,19,844,0
45,48667,MORTGAGE,12.2,VENTURE,B,13177,9.07,0.27,N,7,707,0
65,25022,OTHER,18.6,VENTURE,B,4242,8.81,0.17,N,17,703,0
48,47361,RENT,6.6,DEBTCONSOLIDATION,C,19267,10.92,0.41,N,19,658,0
21,47549,RENT,1.1,HOMEIMPROVEMENT,C,12452,10.73,0.26,N,1,661,0
65,53981,RENT,11.0,MEDICAL,E,23378,13.32,0.43,Y,18,563,1
24,72937,RENT,1.5,DEBTCONSOLIDATION,C,10706,14.23,0.15,Y,3,652,0
27,26279,OWN,2.1,EDUCATION,C,5176,9.73,0.2,N,2,699,0
29,134932,MORTGAGE,4.9,DEBTCONSOLIDATION,D,30453,9.32,0.23,Y,4,647,0
56,56787,RENT,25.0,HOMEIMPROVEMENT,B,10986,6.7,0.19,N,19,738,0
39,75816,RENT,10.5,HOMEIMPROVEMENT,B,11818,11.28,0.16,N,10,702,0
21,33627,RENT,2.2,VENTURE,D,4107,11.76,0.12,N,1,645,0
30,106067,OWN,6.5,EDUCATION,C,5948,9.6,0.06,N,5,684,0
56,42014,MORTGAGE,22.1,VENTURE,B,10072,8.95,0.24,N,21,701,0
29,57903,MORTGAGE,6.2,MEDICAL,D,13336,13.37,0.23,Y,5,613,0
65,28004,MORTGAGE,19.5,MEDICAL,C,11159,9.44,0.4,Y,25,668,0
66,26952,MORTGAGE,28.0,PERSONAL,A,1893,7.43,0.07,N,15,764,0
62,74081,MORTGAGE,6.5,HOMEIMPROVEMENT,A,18308,9.0,0.25,N,27,756,0
52,37565,RENT,23.9,EDUCATION,B,14594,7.44,0.39,N,14,735,0
52,29369,MORTGAGE,21.9,EDUCATION,D,2669,14.57,0.09,Y,23,602,0
26,33325,MORTGAGE,2.2,VENTURE,D,9226,9.56,0.28,N,1,623,0
58,74560,MORTGAGE,25.5,DEBTCONSOLIDATION,B,15358,9.51,0.21,N,15,706,0
37,33609,OTHER,2.1,DEBTCONSOLIDATION,D,1591,12.5,0.05,Y,5,611,0
30,45679,MORTGAGE,3.0,VENTURE,E,7159,9.73,0.16,Y,5,594,0
47,49464,MORTGAGE,4.2,DEBTCONSOLIDATION,B,6203,7.84,0.13,N,9,722,0
55,18000,OWN,23.9,EDUCATION,A,1617,8.4,0.09,N,21,769,0
41,20278,RENT,14.5,VENTURE,D,8941,10.44,0.44,N,14,639,0
45,59980,MORTGAGE,18.1,DEBTCONSOLIDATION,D,7726,12.27,0.13,Y,8,602,0
48,31501,MORTGAGE,3.1,PERSONAL,B,3876,7.6,0.12,N,8,746,0
67,92414,RENT,22.1,HOMEIMPROVEMENT,C,32571,11.99,0.35,Y,30,671,0
35,87560,MORTGAGE,10.1,PERSONAL,B,7311,9.84,0.08,N,6,710,0
24,75470,MORTGAGE,1.3,DEBTCONSOLIDATION,A,13738,7.32,0.18,N,2,753,0
49,146073,MORTGAGE,17.2,MEDICAL,A,40000,5.66,0.27,N,9,794,0
29,46636,OTHER,1.7,EDUCATION,D,24852,12.85,0.53,N,4,638,1
47,72354,RENT,6.6,PERSONAL,B,13723,8.71,0.19,N,9,737,0
46,34522,MORTGAGE,12.1,PERSONAL,A,3232,9.57,0.09,N,14,751,0
39,213506,MORTGAGE,11.7,VENTURE,B,40000,9.57,0.19,Y,9,732,0
48,161164,RENT,6.1,VENTURE,A,32658,5.0,0.2,N,17,785,0
37,49371,RENT,4.4,VENTURE,C,5397,12.3,0.11,N,6,666,0
63,61818,MORTGAGE,10.9,DEBTCONSOLIDATION,B,11689,9.45,0.19,N,20,712,0
61,110810,MORTGAGE,11.5,MEDICAL,A,18263,7.16,0.16,N,14,792,0
62,44878,MORTGAGE,11.4,PERSONAL,D,2334,8.7,0.05,Y,29,633,0
40,33058,MORTGAGE,8.3,HOMEIMPROVEMENT,C,9189,10.02,0.28,N,10,664,0
65,82817,RENT,26.2,VENTURE,A,19803,8.18,0.24,N,13,750,0
60,51383,RENT,17.1,MEDICAL,C,12176,8.95,0.24,N,14,660,0
59,54709,RENT,26.4,DEBTCONSOLIDATION,A,4917,9.83,0.09,N,9,758,0
43,29715,OWN,15.1,MEDICAL,D,6444,12.43,0.22,N,5,646,0
67,18000,RENT,9.2,VENTURE,C,6339,10.55,0.35,Y,22,651,1
52,56482,OTHER,4.6,EDUCATION,C,2389,13.87,0.04,N,12,651,0
67,84370,OTHER,35.0,PERSONAL,A,11133,7.01,0.13,N,30,803,0
53,42809,OTHER,5.5,VENTURE,C,10423,12.84,0.24,N,9,663,0
66,116059,MORTGAGE,9.8,HOMEIMPROVEMENT,C,14376,8.44,0.12,N,28,699,0
25,32133,OWN,0.8,PERSONAL,C,8563,11.19,0.27,N,2,673,0
63,26034,RENT,24.3,MEDICAL,B,3891,10.51,0.15,N,14,737,0
54,47082,RENT,18.3,HOMEIMPROVEMENT,B,9360,10.73,0.2,N,24,722,0
60,46650,RENT,33.2,PERSONAL,C,11871,11.58,0.25,Y,25,686,0
31,77806,OWN,9.4,HOMEIMPROVEMENT,C,10974,12.37,0.14,Y,6,672,0
23,30792,RENT,1.9,MEDICAL,D,3009,14.49,0.1,N,2,617,0
53,111397,MORTGAGE,12.6,VENTURE,B,18358,5.0,0.16,N,24,741,0
31,159555,RENT,4.0,HOMEIMPROVEMENT,D,40000,11.66,0.25,Y,6,614,1
36,47882,RENT,3.7,VENTURE,C,4625,8.44,0.1,N,4,654,0
38,103759,RENT,3.9,MEDICAL,D,23454,10.07,0.23,Y,4,602,1
50,26006,MORTGAGE,6.2,MEDICAL,D,2528,11.17,0.1,N,17,625,0
30,93445,MORTGAGE,2.2,HOMEIMPROVEMENT,B,14677,8.75,0.16,N,6,708,0
38,91891,OWN,5.4,HOMEIMPROVEMENT,C,16201,13.19,0.18,N,11,651,0
58,82294,MORTGAGE,12.6,MEDICAL,B,31175,7.2,0.38,N,10,721,0
39,48565,OWN,16.2,HOMEIMPROVEMENT,A,16994,8.17,0.35,N,14,756,0
56,18000,MORTGAGE,19.2,HOMEIMPROVEMENT,A,3697,10.09,0.21,N,18,763,0
33,33355,MORTGAGE,11.9,HOMEIMPROVEMENT,C,11568,10.95,0.35,N,7,650,0
66,33672,MORTGAGE,17.3,DEBTCONSOLIDATION,C,3910,13.31,0.12,N,10,676,0
23,27256,MORTGAGE,2.1,HOMEIMPROVEMENT,B,2114,6.33,0.08,N,3,716,0
30,52751,MORTGAGE,3.9,PERSONAL,C,10450,8.55,0.2,N,5,694,0
58,38124,MORTGAGE,9.1,MEDICAL,C,11074,12.35,0.29,N,19,687,0
21,29888,MORTGAGE,0.6,MEDICAL,D,6437,10.82,0.22,N,2,629,0
47,25970,MORTGAGE,22.1,EDUCATION,B,4478,8.5,0.17,N,19,725,0
66,31910,RENT,38.0,VENTURE,A,5110,9.49,0.16,N,14,786,0
28,96076,MORTGAGE,1.3,EDUCATION,C,16162,11.25,0.17,N,6,680,0
66,32971,RENT,9.9,HOMEIMPROVEMENT,D,9112,9.15,0.28,Y,27,636,1
62,35991,MORTGAGE,17.4,HOMEIMPROVEMENT,B,9438,10.16,0.26,N,9,713,0
37,37271,MORTGAGE,4.4,PERSONAL,C,3818,9.44,0.1,N,6,672,0
29,60077,OTHER,3.9,PERSONAL,C,10038,9.02,0.17,N,4,696,0
26,64456,RENT,1.5,PERSONAL,C,8814,10.73,0.14,N,3,660,0
63,18000,RENT,18.9,PERSONAL,B,2446,7.44,0.14,N,24,743,0
45,90488,RENT,7.8,PERSONAL,C,22172,11.14,0.25,N,8,675,0
59,116055,RENT,14.2,PERSONAL,B,34412,8.05,0.3,N,25,709,0
48,26105,MORTGAGE,5.0,PERSONAL,C,13621,10.4,0.52,N,18,690,0
53,27354,MORTGAGE,14.0,PERSONAL,C,11555,11.79,0.42,N,18,667,0
57,37415,MORTGAGE,30.7,DEBTCONSOLIDATION,B,8784,9.38,0.23,N,25,705,0
29,31144,MORTGAGE,3.6,PERSONAL,C,6463,10.08,0.21,N,6,689,0
38,56069,RENT,14.3,MEDICAL,A,5421,7.14,0.1,N,6,785,0
41,18000,RENT,15.9,PERSONAL,B,3829,8.53,0.21,N,13,742,0
22,25065,RENT,3.1,VENTURE,C,7926,9.76,0.32,N,2,691,0
63,123440,MORTGAGE,29.4,PERSONAL,A,7841,5.76,0.06,N,12,818,0
58,28087,MORTGAGE,22.5,DEBTCONSOLIDATION,B,7115,8.4,0.25,N,27,734,0
60,103368,MORTGAGE,29.4,HOMEIMPROVEMENT,A,27941,7.88,0.27,N,8,766,0
56,60669,RENT,5.8,DEBTCONSOLIDATION,D,24057,10.69,0.4,Y,17,645,1
63,18000,RENT,19.1,DEBTCONSOLIDATION,B,8189,9.39,0.45,N,26,701,0
57,71768,OWN,30.9,HOMEIMPROVEMENT,A,8066,9.3,0.11,N,23,759,0
35,45679,RENT,10.9,PERSONAL,B,9190,12.34,0.2,N,9,710,0
48,37298,MORTGAGE,23.2,PERSONAL,B,8528,12.28,0.23,N,13,734,0
38,56781,RENT,12.9,HOMEIMPROVEMENT,C,11124,11.29,0.2,Y,10,653,0
54,65171,RENT,25.6,VENTURE,C,27177,9.14,0.42,Y,19,666,0
42,74948,MORTGAGE,14.3,EDUCATION,C,13346,9.61,0.18,N,10,689,0
31,99404,RENT,8.2,MEDICAL,B,6657,9.14,0.07,N,6,723,0
33,62622,MORTGAGE,7.0,HOMEIMPROVEMENT,D,27089,13.11,0.43,N,9,640,1
24,21474,MORTGAGE,4.5,PERSONAL,D,3729,10.94,0.17,Y,2,623,0
42,36894,MORTGAGE,16.3,MEDICAL,B,3159,8.46,0.09,N,11,732,0
27,250000,MORTGAGE,6.2,PERSONAL,A,35292,5.0,0.14,N,1,827,0
63,75712,MORTGAGE,25.7,EDUCATION,B,22367,10.65,0.3,N,24,748,0
44,203124,RENT,8.1,EDUCATION,A,21042,8.72,0.1,N,7,756,0
24,113239,MORTGAGE,0.7,HOMEIMPROVEMENT,C,22932,9.26,0.2,N,2,695,0
48,56674,MORTGAGE,22.6,MEDICAL,A,4830,7.79,0.09,N,9,763,0
35,58738,RENT,8.7,DEBTCONSOLIDATION,C,3396,7.86,0.06,N,3,692,0
21,47956,OWN,0.9,MEDICAL,C,5693,10.44,0.12,N,1,696,0
23,18000,MORTGAGE,1.0,DEBTCONSOLIDATION,D,4602,12.35,0.26,Y,2,631,0
34,49554,MORTGAGE,10.9,EDUCATION,B,14109,6.98,0.28,Y,6,700,0
58,101357,MORTGAGE,27.4,PERSONAL,A,11335,5.27,0.11,N,12,806,0
21,34208,RENT,2.0,DEBTCONSOLIDATION,C,6616,10.3,0.19,N,2,664,0
58,62766,MORTGAGE,22.1,DEBTCONSOLIDATION,C,20595,9.33,0.33,N,8,696,0
58,81711,RENT,14.2,HOMEIMPROVEMENT,A,6606,7.15,0.08,N,25,756,0
41,28401,RENT,7.2,VENTURE,C,5179,10.35,0.18,N,13,683,0
49,37392,MORTGAGE,3.3,EDUCATION,D,3291,13.52,0.09,N,8,642,0
25,26615,MORTGAGE,4.8,DEBTCONSOLIDATION,B,1000,9.83,0.04,Y,3,717,0
30,29932,RENT,1.9,EDUCATION,C,3415,11.62,0.11,N,8,693,0
48,22639,MORTGAGE,16.2,HOMEIMPROVEMENT,A,2183,8.42,0.1,N,15,757,0
41,28559,OTHER,10.4,PERSONAL,C,5477,9.62,0.19,N,6,685,0
27,114883,MORTGAGE,4.2,MEDICAL,B,40000,9.22,0.35,N,3,705,0
23,28302,MORTGAGE,3.7,EDUCATION,C,4456,11.12,0.16,N,2,691,0
65,52885,MORTGAGE,5.7,HOMEIMPROVEMENT,C,22901,11.44,0.43,N,28,668,0
67,36253,RENT,31.4,HOMEIMPROVEMENT,C,15329,11.73,0.42,N,30,697,0
40,99440,RENT,3.0,HOMEIMPROVEMENT,A,15671,6.9,0.16,N,5,789,0
39,107656,MORTGAGE,2.7,MEDICAL,B,23355,6.83,0.22,N,7,723,0
55,82325,MORTGAGE,14.8,EDUCATION,C,25001,10.49,0.3,N,12,663,0
24,58904,MORTGAGE,0.9,DEBTCONSOLIDATION,B,4686,7.34,0.08,N,4,702,0
25,42674,MORTGAGE,4.6,HOMEIMPROVEMENT,D,15919,11.72,0.37,N,3,626,0
21,23977,MORTGAGE,1.4,MEDICAL,D,4320,9.48,0.18,N,1,648,0
24,157332,RENT,0.7,PERSONAL,B,40000,8.63,0.25,N,2,728,0
32,31076,RENT,1.8,VENTURE,C,10063,10.2,0.32,N,7,689,0
47,72998,RENT,15.3,EDUCATION,D,4712,11.12,0.06,N,9,646,0
62,92571,MORTGAGE,29.2,MEDICAL,A,15539,5.48,0.17,N,28,821,0
43,35130,RENT,10.2,VENTURE,C,2978,9.56,0.08,N,10,684,0
45,91382,MORTGAGE,13.2,VENTURE,C,40000,11.37,0.44,N,16,699,0
41,77538,RENT,15.2,MEDICAL,A,24820,7.93,0.32,N,7,769,0
44,138244,MORTGAGE,13.7,DEBTCONSOLIDATION,A,40000,5.0,0.29,N,14,799,0
45,36989,RENT,6.9,DEBTCONSOLIDATION,D,3151,12.65,0.09,Y,10,609,1
65,22662,MORTGAGE,24.9,MEDICAL,A,3422,9.93,0.15,N,10,764,0
66,36196,RENT,25.9,MEDICAL,D,18385,10.77,0.51,Y,19,641,0
52,55565,RENT,20.9,HOMEIMPROVEMENT,A,28912,6.12,0.52,N,16,795,0
52,50763,OWN,18.2,PERSONAL,C,9516,10.68,0.19,N,9,697,0
25,38713,RENT,5.4,DEBTCONSOLIDATION,C,1525,8.66,0.04,Y,2,690,0
56,18000,MORTGAGE,9.0,HOMEIMPROVEMENT,E,4806,11.17,0.27,Y,16,593,0
66,65009,OWN,36.8,VENTURE,B,5594,6.24,0.09,N,17,734,0
62,160076,MORTGAGE,21.0,VENTURE,A,40000,8.96,0.25,N,18,755,0
62,64766,MORTGAGE,25.1,VENTURE,C,18686,11.71,0.29,N,18,675,0
59,70649,RENT,7.0,MEDICAL,C,14123,9.59,0.2,N,11,673,0
36,69110,MORTGAGE,6.6,EDUCATION,C,16388,8.21,0.24,N,5,690,0
53,62207,MORTGAGE,22.3,HOMEIMPROVEMENT,B,6561,9.98,0.11,N,21,731,0
41,85733,RENT,13.7,EDUCATION,A,14993,7.59,0.17,N,6,760,0
29,62144,RENT,1.4,PERSONAL,B,19084,6.29,0.31,N,5,711,0
26,40635,RENT,3.9,PERSONAL,C,7965,10.63,0.2,N,3,686,0
65,30406,MORTGAGE,7.6,HOMEIMPROVEMENT,D,8941,12.45,0.29,N,30,623,0
55,42218,OWN,29.5,VENTURE,C,10869,12.96,0.26,N,8,660,0
59,59188,RENT,29.9,DEBTCONSOLIDATION,B,5515,9.75,0.09,N,25,737,0
42,40552,RENT,2.8,PERSONAL,E,4663,14.29,0.11,Y,10,593,1
61,59195,RENT,30.1,EDUCATION,B,20559,7.86,0.35,N,8,715,0
25,63798,MORTGAGE,5.2,EDUCATION,B,18536,6.09,0.29,N,2,749,0
62,80814,MORTGAGE,15.3,DEBTCONSOLIDATION,B,10257,10.07,0.13,N,17,711,0
43,105839,RENT,15.1,MEDICAL,C,40000,9.94,0.38,N,8,691,0
37,51369,RENT,7.8,VENTURE,D,17761,13.14,0.35,Y,7,618,1
32,22366,MORTGAGE,7.8,MEDICAL,C,5736,10.91,0.26,N,9,665,0
43,39852,MORTGAGE,8.5,HOMEIMPROVEMENT,B,7137,11.22,0.18,N,9,719,0
36,50334,MORTGAGE,5.9,PERSONAL,C,19070,9.3,0.38,N,7,690,0
23,18000,MORTGAGE,2.0,DEBTCONSOLIDATION,B,4603,8.62,0.26,N,2,735,0
50,112780,RENT,6.5,DEBTCONSOLIDATION,B,16631,8.22,0.15,N,19,715,0
42,53392,RENT,16.4,DEBTCONSOLIDATION,B,15243,8.08,0.29,Y,5,708,0
29,61624,RENT,3.8,MEDICAL,B,15404,11.13,0.25,N,6,716,0
49,111225,RENT,11.8,MEDICAL,B,34093,8.2,0.31,N,13,741,0
67,33587,OWN,35.6,HOMEIMPROVEMENT,C,15157,14.6,0.45,N,13,659,0
57,69177,MORTGAGE,17.5,EDUCATION,D,23932,9.51,0.35,N,12,639,0
43,45893,RENT,12.0,EDUCATION,E,16998,13.92,0.37,Y,5,566,1
33,43894,RENT,11.5,HOMEIMPROVEMENT,B,3799,9.26,0.09,N,5,720,0
52,30843,RENT,24.5,DEBTCONSOLIDATION,A,6420,9.96,0.21,N,11,750,0
66,133167,MORTGAGE,10.5,EDUCATION,B,40000,6.83,0.3,N,18,748,0
67,39132,RENT,21.1,HOMEIMPROVEMENT,D,13668,10.57,0.35,Y,24,641,0
43,74583,RENT,19.5,EDUCATION,A,9695,5.35,0.13,N,14,770,0
65,18000,MORTGAGE,17.0,HOMEIMPROVEMENT,B,4212,10.47,0.23,N,23,744,0
37,99507,RENT,6.8,EDUCATION,D,7981,8.72,0.08,Y,10,646,0
60,92164,RENT,9.9,DEBTCONSOLIDATION,B,13433,8.46,0.15,N,26,744,0
41,51972,RENT,4.1,MEDICAL,C,19051,13.63,0.37,N,14,692,0
22,42780,RENT,2.5,MEDICAL,D,22841,13.91,0.53,Y,2,617,1
57,62317,RENT,24.9,DEBTCONSOLIDATION,C,25049,12.6,0.4,Y,10,664,1
26,193546,RENT,6.2,EDUCATION,A,40000,10.29,0.21,N,2,762,0
64,18000,MORTGAGE,29.5,DEBTCONSOLIDATION,C,8588,10.33,0.48,N,20,686,0
38,78371,MORTGAGE,5.4,HOMEIMPROVEMENT,B,15696,9.48,0.2,N,7,713,0
50,28368,MORTGAGE,4.1,MEDICAL,C,2381,10.22,0.08,N,8,681,0
42,48438,MORTGAGE,19.0,PERSONAL,C,15750,10.36,0.33,N,8,673,0
53,42246,RENT,11.8,EDUCATION,B,4270,8.04,0.1,N,24,722,0
50,37911,MORTGAGE,10.2,PERSONAL,C,4884,12.67,0.13,N,11,669,0
37,48713,RENT,13.9,PERSONAL,B,5477,8.35,0.11,N,7,716,0
63,24822,RENT,22.9,VENTURE,B,2972,8.81,0.12,N,9,713,0
52,90899,RENT,8.5,PERSONAL,B,13462,7.62,0.15,N,19,701,0
62,18000,RENT,31.8,PERSONAL,A,2979,8.22,0.17,N,17,786,0
34,67768,OWN,12.7,DEBTCONSOLIDATION,B,7584,11.69,0.11,Y,4,711,0
30,40298,RENT,1.9,VENTURE,C,2423,6.78,0.06,N,8,684,0
67,24280,RENT,34.5,VENTURE,A,3020,9.36,0.12,N,28,784,0
56,55349,RENT,14.2,VENTURE,D,19962,12.41,0.36,N,21,646,0
54,19260,RENT,16.8,HOMEIMPROVEMENT,D,8050,13.21,0.42,N,24,646,0
29,50202,RENT,8.1,VENTURE,C,25068,11.0,0.5,N,4,674,0
62,20874,RENT,34.4,DEBTCONSOLIDATION,C,5998,10.66,0.29,N,24,696,0
48,64651,RENT,8.5,HOMEIMPROVEMENT,B,16211,9.64,0.25,N,9,716,0
31,28152,MORTGAGE,3.2,EDUCATION,D,2879,10.33,0.1,Y,7,629,0
34,37399,RENT,2.5,HOMEIMPROVEMENT,C,1998,9.64,0.05,N,3,694,0
59,58475,RENT,20.2,EDUCATION,A,26988,6.15,0.46,N,10,789,0
67,30837,MORTGAGE,5.4,VENTURE,C,10865,11.64,0.35,N,20,688,0
39,47345,OTHER,8.2,VENTURE,B,8445,8.58,0.18,N,4,721,0
35,19765,RENT,2.6,EDUCATION,C,3432,10.49,0.17,N,7,696,0
48,71576,RENT,11.5,MEDICAL,D,8534,10.48,0.12,Y,13,620,0
44,141343,OWN,3.3,DEBTCONSOLIDATION,A,35842,9.59,0.25,N,13,791,0
28,250000,RENT,6.8,HOMEIMPROVEMENT,B,40000,9.07,0.16,N,2,731,0
63,51776,MORTGAGE,11.1,DEBTCONSOLIDATION,B,19758,7.54,0.38,N,13,702,0
29,78662,RENT,3.6,DEBTCONSOLIDATION,B,30142,10.72,0.38,N,5,714,0
67,18000,OWN,34.7,PERSONAL,A,2963,7.6,0.16,N,25,778,0
53,120769,OTHER,21.8,VENTURE,A,8161,9.12,0.07,N,7,755,0
53,78099,MORTGAGE,8.9,HOMEIMPROVEMENT,B,10967,13.03,0.14,N,16,743,0
39,36667,RENT,3.2,DEBTCONSOLIDATION,C,4441,12.78,0.12,N,12,654,0
23,102981,RENT,3.0,HOMEIMPROVEMENT,A,13479,8.96,0.13,N,1,775,0
30,42079,RENT,4.5,DEBTCONSOLIDATION,C,9699,9.69,0.23,N,4,681,0
60,37241,MORTGAGE,26.7,VENTURE,C,19795,10.17,0.53,N,15,688,0
67,65199,OWN,20.2,DEBTCONSOLIDATION,B,15270,8.95,0.23,N,30,705,0
62,25899,RENT,15.1,EDUCATION,B,8742,7.58,0.34,N,12,703,0
21,90488,MORTGAGE,1.2,VENTURE,C,5574,10.29,0.06,N,1,658,0
49,26014,RENT,19.3,HOMEIMPROVEMENT,B,5928,10.07,0.23,N,20,741,0
54,26107,RENT,26.3,MEDICAL,B,3885,9.9,0.15,N,13,710,0
33,28401,MORTGAGE,2.0,DEBTCONSOLIDATION,B,3735,6.96,0.13,N,6,730,0
21,77319,RENT,1.4,EDUCATION,C,15550,10.9,0.2,N,1,654,0
54,33858,RENT,4.4,VENTURE,D,7050,10.93,0.21,Y,24,620,1
49,21833,RENT,13.3,PERSONAL,B,5194,9.87,0.24,N,18,715,0
67,34084,MORTGAGE,35.3,VENTURE,A,12450,6.85,0.37,N,25,757,0
33,48087,MORTGAGE,5.3,HOMEIMPROVEMENT,C,8086,9.48,0.17,N,3,678,0
49,24134,OWN,23.3,HOMEIMPROVEMENT,E,7688,10.89,0.32,Y,7,597,0
59,24562,MORTGAGE,22.2,PERSONAL,B,1842,11.76,0.07,N,19,712,0
44,173994,MORTGAGE,19.6,EDUCATION,A,25300,5.94,0.15,N,8,817,0
46,29250,RENT,17.6,HOMEIMPROVEMENT,A,7551,7.02,0.26,N,14,779,0
37,40383,OTHER,3.3,EDUCATION,D,6467,12.21,0.16,N,9,633,0
27,39326,MORTGAGE,2.4,EDUCATION,C,8206,11.58,0.21,N,5,657,0
33,38070,MORTGAGE,5.6,VENTURE,D,6440,10.71,0.17,N,5,632,0
25,71168,MORTGAGE,1.5,EDUCATION,C,17939,10.86,0.25,N,3,672,0
46,86585,MORTGAGE,12.5,DEBTCONSOLIDATION,C,40000,10.39,0.46,N,16,680,0
23,40799,RENT,2.1,HOMEIMPROVEMENT,D,22247,13.83,0.55,N,2,614,1
27,23344,RENT,6.9,HOMEIMPROVEMENT,B,13127,10.27,0.56,N,5,716,0
59,105310,MORTGAGE,16.5,MEDICAL,A,40000,7.64,0.38,N,10,764,0
21,46295,MORTGAGE,1.9,EDUCATION,C,13473,10.07,0.29,N,1,687,0
37,138440,MORTGAGE,14.4,MEDICAL,B,26417,7.93,0.19,N,12,745,0
63,18000,RENT,32.1,VENTURE,A,2071,7.54,0.12,N,16,773,0
45,55118,RENT,6.6,MEDICAL,C,9654,10.67,0.18,N,10,665,0
23,154997,MORTGAGE,2.2,EDUCATION,B,40000,8.85,0.26,N,1,733,0
35,39657,MORTGAGE,5.8,HOMEIMPROVEMENT,C,14047,8.73,0.35,N,8,658,0
49,42817,MORTGAGE,11.8,VENTURE,A,7390,5.93,0.17,N,14,789,0
63,58530,RENT,15.9,EDUCATION,C,11874,12.69,0.2,N,9,671,0
52,35056,OWN,23.1,VENTURE,B,2287,7.87,0.07,N,19,725,0
46,40650,MORTGAGE,11.7,PERSONAL,C,6215,10.6,0.15,N,17,662,0
36,40027,MORTGAGE,8.4,EDUCATION,B,12216,9.52,0.31,N,11,714,0
45,33642,RENT,21.3,PERSONAL,C,4218,9.97,0.13,Y,12,681,0
48,102468,RENT,4.3,MEDICAL,C,40000,9.62,0.39,N,12,673,0
29,64643,MORTGAGE,4.9,EDUCATION,C,3158,12.01,0.05,N,7,668,0
21,56975,RENT,1.9,PERSONAL,C,21120,9.22,0.37,N,1,663,0
49,79629,MORTGAGE,6.4,DEBTCONSOLIDATION,C,16459,7.07,0.21,N,16,683,0
42,41830,MORTGAGE,12.7,HOMEIMPROVEMENT,D,21345,14.26,0.51,Y,12,613,1
36,30806,MORTGAGE,4.8,MEDICAL,B,7621,6.53,0.25,N,6,738,0
61,34146,RENT,30.4,EDUCATION,A,8833,8.99,0.26,N,10,756,0
64,49073,RENT,15.1,EDUCATION,B,29254,8.81,0.6,N,9,708,0
61,25964,OWN,14.2,HOMEIMPROVEMENT,B,3951,11.7,0.15,N,17,706,0
27,36309,MORTGAGE,4.7,HOMEIMPROVEMENT,A,2710,6.48,0.07,N,3,790,0
34,35966,RENT,3.7,PERSONAL,C,7482,9.16,0.21,N,9,689,0
49,175384,RENT,9.3,PERSONAL,B,16263,10.47,0.09,Y,12,716,0
39,18000,OTHER,8.2,PERSONAL,B,3057,10.63,0.17,N,7,728,0
39,44012,RENT,7.3,VENTURE,C,20992,12.93,0.48,N,9,672,1
22,138056,MORTGAGE,1.9,MEDICAL,B,33052,5.03,0.24,N,1,727,0
61,52738,RENT,22.3,EDUCATION,B,10121,6.36,0.19,N,10,710,0
65,77037,MORTGAGE,23.3,MEDICAL,C,18321,8.99,0.24,Y,12,668,0
35,52046,MORTGAGE,9.5,HOMEIMPROVEMENT,A,5437,6.01,0.1,N,6,763,0
23,32846,MORTGAGE,1.6,DEBTCONSOLIDATION,B,3240,8.0,0.1,N,1,729,0
31,18000,RENT,2.5,MEDICAL,B,1905,9.5,0.11,N,4,707,0
66,55452,MORTGAGE,30.4,MEDICAL,A,11958,7.54,0.22,N,28,777,0
50,30780,RENT,22.3,PERSONAL,B,8143,10.03,0.26,N,10,714,0
60,30327,OWN,11.8,HOMEIMPROVEMENT,B,8138,7.76,0.27,N,10,727,0
38,36337,MORTGAGE,7.7,MEDICAL,C,4585,9.69,0.13,N,13,694,0
22,139653,MORTGAGE,1.8,EDUCATION,C,32853,10.69,0.24,N,2,663,0
52,207503,RENT,16.1,PERSONAL,A,21117,7.16,0.1,Y,7,781,0
28,55844,MORTGAGE,5.6,MEDICAL,C,5564,8.94,0.1,N,2,698,0
42,37091,RENT,3.1,HOMEIMPROVEMENT,B,5804,9.18,0.16,N,12,725,0
26,24189,RENT,4.8,DEBTCONSOLIDATION,C,6302,9.16,0.26,N,3,665,0
32,64933,RENT,2.0,EDUCATION,E,28704,15.93,0.44,N,3,580,1
67,142877,RENT,21.0,DEBTCONSOLIDATION,A,40000,6.65,0.28,N,15,754,0
60,42259,RENT,28.5,HOMEIMPROVEMENT,C,8086,11.03,0.19,N,27,674,0
56,18000,RENT,15.8,HOMEIMPROVEMENT,B,6614,8.69,0.37,N,18,715,0
35,73279,MORTGAGE,3.5,HOMEIMPROVEMENT,C,8396,8.93,0.11,N,7,699,0
48,88542,RENT,23.7,DEBTCONSOLIDATION,A,23553,5.0,0.27,N,9,783,0
65,18929,MORTGAGE,34.0,VENTURE,A,2653,7.22,0.14,N,12,752,0
38,54496,RENT,12.8,EDUCATION,C,5983,9.83,0.11,N,8,682,0
22,64262,MORTGAGE,1.6,HOMEIMPROVEMENT,B,7719,8.09,0.12,N,2,722,0
33,46917,MORTGAGE,3.4,VENTURE,D,7211,12.57,0.15,N,3,638,0
65,30501,OWN,35.7,PERSONAL,B,9732,11.31,0.32,N,30,727,0
35,90179,MORTGAGE,8.0,VENTURE,E,40000,13.83,0.44,Y,5,561,1
40,38483,MORTGAGE,15.3,PERSONAL,D,13543,12.26,0.35,Y,8,640,0
49,20108,MORTGAGE,10.5,DEBTCONSOLIDATION,C,4933,11.59,0.25,N,6,697,0
62,18000,RENT,14.7,VENTURE,D,4670,10.2,0.26,Y,21,630,0
49,104454,MORTGAGE,24.5,DEBTCONSOLIDATION,B,17636,11.55,0.17,N,13,724,0
23,70968,RENT,2.3,HOMEIMPROVEMENT,B,16761,6.39,0.24,N,2,741,0
39,51677,RENT,4.2,VENTURE,B,12324,8.99,0.24,N,9,721,0
23,37640,RENT,1.3,VENTURE,C,5353,10.83,0.14,N,1,694,0
34,35689,MORTGAGE,7.0,HOMEIMPROVEMENT,C,13329,13.25,0.37,N,9,658,0
60,25708,MORTGAGE,5.4,PERSONAL,C,7308,10.67,0.28,N,8,666,0
24,37840,MORTGAGE,2.5,HOMEIMPROVEMENT,C,2395,9.98,0.06,N,2,694,0
31,18000,MORTGAGE,5.1,EDUCATION,D,3307,13.81,0.18,N,3,644,0
51,31519,RENT,21.3,VENTURE,B,11747,6.3,0.37,N,13,735,0
63,40677,MORTGAGE,15.7,EDUCATION,B,14238,6.8,0.35,N,26,743,0
52,70680,MORTGAGE,26.8,HOMEIMPROVEMENT,A,10872,5.0,0.15,N,9,809,0
47,47860,OWN,6.6,DEBTCONSOLIDATION,C,12422,8.66,0.26,N,19,679,0
50,78980,MORTGAGE,16.4,HOMEIMPROVEMENT,A,10730,5.75,0.14,N,20,781,0
63,110137,MORTGAGE,7.3,MEDICAL,C,33343,11.64,0.3,Y,18,695,0
22,92494,MORTGAGE,2.5,EDUCATION,C,12310,12.26,0.13,N,1,689,0
29,65010,RENT,8.8,MEDICAL,C,27757,11.63,0.43,N,6,654,0
48,49370,RENT,20.2,EDUCATION,A,12345,9.31,0.25,N,19,758,0
51,27215,RENT,16.1,DEBTCONSOLIDATION,C,7287,11.42,0.27,N,9,682,0
54,76417,RENT,15.8,MEDICAL,B,9430,9.45,0.12,N,23,706,0
35,134302,MORTGAGE,11.6,MEDICAL,A,40000,9.14,0.3,N,11,761,0
45,60190,OTHER,20.4,EDUCATION,C,30178,12.13,0.5,N,11,656,0
56,154872,RENT,30.1,HOMEIMPROVEMENT,A,29522,8.41,0.19,N,22,771,0
28,19626,MORTGAGE,3.8,PERSONAL,E,9753,13.17,0.5,N,4,590,1
29,24526,MORTGAGE,8.7,HOMEIMPROVEMENT,D,9735,11.62,0.4,N,5,645,0
57,81889,RENT,8.2,PERSONAL,C,10109,9.51,0.12,N,14,696,0
65,57444,RENT,13.0,EDUCATION,C,28647,8.17,0.5,N,13,662,0
59,107825,MORTGAGE,6.7,VENTURE,B,16874,9.29,0.16,N,23,708,0
52,48567,MORTGAGE,9.9,HOMEIMPROVEMENT,D,6902,11.7,0.14,N,6,636,0
37,29120,OTHER,12.1,MEDICAL,C,9111,9.69,0.31,N,9,655,0
55,43124,RENT,25.8,HOMEIMPROVEMENT,C,17827,9.13,0.41,Y,23,693,0
57,19543,MORTGAGE,25.2,EDUCATION,C,5429,12.05,0.28,Y,12,656,0
39,24905,RENT,11.4,VENTURE,C,1000,11.23,0.04,N,7,691,0
64,87857,MORTGAGE,21.1,VENTURE,D,40000,9.4,0.46,Y,22,627,0
49,82757,MORTGAGE,18.5,HOMEIMPROVEMENT,B,35250,7.29,0.43,N,10,742,0
27,60949,RENT,3.4,HOMEIMPROVEMENT,C,12013,10.89,0.2,N,5,698,0
48,18000,RENT,20.7,DEBTCONSOLIDATION,C,5372,8.82,0.3,N,11,665,0
29,39535,RENT,6.3,HOMEIMPROVEMENT,C,1499,9.87,0.04,N,5,686,0
48,23505,RENT,17.7,EDUCATION,C,4105,8.79,0.17,N,9,667,0
26,99301,MORTGAGE,3.8,PERSONAL,C,33572,9.08,0.34,N,1,675,0
49,34536,RENT,22.3,DEBTCONSOLIDATION,C,12664,11.34,0.37,Y,8,662,0
37,25554,MORTGAGE,5.3,PERSONAL,B,2524,10.18,0.1,N,4,713,0
36,49905,RENT,6.6,MEDICAL,B,18560,10.62,0.37,N,7,719,0
43,33386,MORTGAGE,16.1,EDUCATION,B,7617,13.46,0.23,N,12,712,0
51,119401,MORTGAGE,14.7,DEBTCONSOLIDATION,C,40000,10.06,0.34,N,7,677,0
23,31543,MORTGAGE,3.6,VENTURE,D,5766,11.25,0.18,N,1,641,0
41,21172,MORTGAGE,7.9,DEBTCONSOLIDATION,B,2212,11.19,0.1,N,10,712,0
46,18000,RENT,10.0,MEDICAL,D,3109,13.58,0.17,Y,16,627,0
56,48123,MORTGAGE,27.4,VENTURE,D,18143,13.14,0.38,Y,19,613,0
62,34990,RENT,18.7,DEBTCONSOLIDATION,C,9421,9.15,0.27,N,11,697,0
57,20798,RENT,18.0,VENTURE,B,1892,10.35,0.09,Y,25,713,0
42,100061,RENT,8.0,HOMEIMPROVEMENT,A,6952,6.81,0.07,N,15,763,0
62,73155,MORTGAGE,12.9,VENTURE,A,26156,6.85,0.36,N,15,758,0
32,48197,MORTGAGE,7.8,DEBTCONSOLIDATION,C,8124,11.29,0.17,N,7,660,0
62,111145,MORTGAGE,8.1,VENTURE,A,33052,10.42,0.3,N,19,775,0
33,72949,RENT,10.7,EDUCATION,C,22581,9.61,0.31,N,10,687,0
31,29920,RENT,8.4,HOMEIMPROVEMENT,B,12876,8.83,0.43,N,5,729,0
36,26277,OWN,4.2,HOMEIMPROVEMENT,C,14264,8.26,0.54,N,12,668,0
28,80080,MORTGAGE,5.9,MEDICAL,B,21737,7.54,0.27,N,2,724,0
60,62181,RENT,21.9,HOMEIMPROVEMENT,B,22173,8.82,0.36,N,15,744,0
60,54276,MORTGAGE,9.6,PERSONAL,B,14793,10.29,0.27,N,24,702,0
65,29498,RENT,13.7,EDUCATION,B,8515,12.05,0.29,N,27,716,0
22,70598,RENT,1.5,MEDICAL,C,10123,9.18,0.14,N,2,664,0
50,31154,RENT,18.9,PERSONAL,C,12180,10.03,0.39,N,20,694,0
50,46111,RENT,17.5,VENTURE,B,12992,7.78,0.28,N,17,738,0
32,116793,RENT,6.6,PERSONAL,B,34909,9.48,0.3,N,7,719,0
30,32974,MORTGAGE,7.7,MEDICAL,C,6203,9.42,0.19,N,5,681,0
64,19076,MORTGAGE,29.0,HOMEIMPROVEMENT,B,7953,6.42,0.42,N,19,720,0
31,26068,MORTGAGE,6.9,EDUCATION,D,7020,12.64,0.27,N,5,634,0
35,89016,MORTGAGE,11.1,MEDICAL,A,9381,6.51,0.11,N,8,765,0
36,57115,OWN,6.0,PERSONAL,D,28067,12.31,0.49,N,7,602,0
37,45373,RENT,13.6,PERSONAL,B,6333,9.34,0.14,N,5,713,0
46,36117,MORTGAGE,14.9,MEDICAL,B,5334,8.42,0.15,N,7,738,0
22,65592,MORTGAGE,2.7,DEBTCONSOLIDATION,C,18988,5.46,0.29,N,2,691,0
32,29452,RENT,6.8,DEBTCONSOLIDATION,E,8592,10.49,0.29,Y,2,595,1
46,58888,RENT,7.1,MEDICAL,B,21799,8.42,0.37,N,7,726,0
43,31610,MORTGAGE,12.0,DEBTCONSOLIDATION,C,4742,13.71,0.15,N,10,680,0
38,28606,MORTGAGE,7.2,MEDICAL,B,7782,6.91,0.27,N,6,743,0
52,33439,RENT,20.0,HOMEIMPROVEMENT,D,6048,10.9,0.18,Y,13,641,0
58,39134,MORTGAGE,17.3,MEDICAL,C,13894,11.9,0.36,N,10,692,0
67,47605,MORTGAGE,33.6,VENTURE,A,6155,8.19,0.13,N,13,781,0
23,56459,RENT,2.9,EDUCATION,C,7798,10.7,0.14,N,3,686,0
58,18000,MORTGAGE,23.2,EDUCATION,B,3720,9.2,0.21,N,23,720,0
23,30194,MORTGAGE,1.3,VENTURE,B,5047,6.75,0.17,N,1,701,0
50,38756,MORTGAGE,25.2,PERSONAL,C,12610,8.01,0.33,N,17,676,0
21,120938,OWN,2.1,PERSONAL,B,11985,6.84,0.1,N,1,746,0
50,25642,RENT,20.9,PERSONAL,C,2355,10.12,0.09,N,17,665,0
65,54050,RENT,15.6,PERSONAL,B,3862,10.64,0.07,N,20,726,0
52,120212,RENT,16.1,HOMEIMPROVEMENT,B,40000,9.04,0.33,N,11,721,0
48,22297,MORTGAGE,5.9,VENTURE,D,2799,10.41,0.13,N,15,644,0
41,62092,MORTGAGE,11.0,EDUCATION,A,27183,7.67,0.44,N,8,750,0
66,30291,MORTGAGE,9.7,VENTURE,D,6748,13.89,0.22,Y,14,629,0
33,36214,RENT,7.3,EDUCATION,C,6233,10.69,0.17,N,6,672,0
47,30276,RENT,16.1,PERSONAL,D,10625,12.77,0.35,Y,16,631,0
56,31599,MORTGAGE,14.2,HOMEIMPROVEMENT,A,5323,6.0,0.17,N,16,794,0
27,250000,MORTGAGE,4.0,MEDICAL,B,40000,5.51,0.16,N,3,740,0
42,81362,MORTGAGE,17.1,MEDICAL,A,11714,8.82,0.14,N,14,758,0
30,94944,MORTGAGE,2.1,DEBTCONSOLIDATION,C,7197,10.65,0.08,N,7,683,0
59,65854,MORTGAGE,26.8,PERSONAL,A,14657,9.26,0.22,N,17,759,0
35,18699,RENT,3.7,PERSONAL,D,8240,11.74,0.44,N,6,636,0
35,62129,RENT,2.1,VENTURE,C,18530,13.92,0.3,N,8,679,0
24,93317,MORTGAGE,1.4,HOMEIMPROVEMENT,C,40000,8.5,0.43,N,1,691,0
52,29376,MORTGAGE,21.6,HOMEIMPROVEMENT,B,12479,6.55,0.42,N,18,747,0
43,87482,RENT,9.6,VENTURE,D,13358,12.45,0.15,Y,14,600,1
26,74802,OWN,5.7,HOMEIMPROVEMENT,C,19141,9.5,0.26,Y,3,690,0
44,148928,MORTGAGE,12.1,HOMEIMPROVEMENT,C,36644,10.09,0.25,N,7,676,0
40,38151,RENT,2.5,MEDICAL,C,13012,9.98,0.34,N,4,684,0
57,25372,MORTGAGE,23.5,HOMEIMPROVEMENT,B,4415,8.38,0.17,N,20,725,0
40,39459,OWN,3.9,PERSONAL,C,12297,9.62,0.31,N,7,674,0
32,115999,RENT,9.1,MEDICAL,B,37516,7.53,0.32,N,6,720,0
53,18000,MORTGAGE,7.6,PERSONAL,B,3982,10.38,0.22,N,13,703,0
48,18000,MORTGAGE,10.3,PERSONAL,B,2946,11.08,0.16,N,8,711,0
28,51721,RENT,6.3,VENTURE,C,14734,15.07,0.28,N,4,684,0
21,37588,MORTGAGE,2.3,DEBTCONSOLIDATION,C,15337,10.47,0.41,N,1,691,0
57,49248,RENT,14.0,HOMEIMPROVEMENT,B,9601,11.21,0.19,N,19,704,0
42,86438,RENT,16.3,HOMEIMPROVEMENT,B,15016,8.85,0.17,N,7,736,0
26,35187,RENT,1.9,HOMEIMPROVEMENT,C,5532,12.09,0.16,Y,2,655,1
41,18000,RENT,15.3,HOMEIMPROVEMENT,B,10155,9.1,0.56,N,13,714,0
52,167157,RENT,19.0,MEDICAL,A,40000,6.05,0.24,N,18,802,0
55,26947,MORTGAGE,8.7,EDUCATION,E,11396,13.36,0.42,Y,21,568,1
35,25966,RENT,5.3,PERSONAL,C,7450,12.73,0.29,N,4,692,1
25,95057,MORTGAGE,1.3,DEBTCONSOLIDATION,B,7861,11.38,0.08,N,2,730,0
66,38921,MORTGAGE,17.7,DEBTCONSOLIDATION,A,17972,6.65,0.46,N,23,756,0
26,47191,RENT,1.9,EDUCATION,B,12004,10.08,0.25,N,5,710,0
45,65491,MORTGAGE,14.9,EDUCATION,C,15000,9.4,0.23,N,17,695,0
66,93915,MORTGAGE,38.2,EDUCATION,A,22294,10.44,0.24,N,29,761,0
60,40131,MORTGAGE,4.6,MEDICAL,F,8392,13.14,0.21,Y,9,529,1
49,122023,RENT,14.8,EDUCATION,B,24304,10.14,0.2,N,18,739,0
27,18000,MORTGAGE,4.5,MEDICAL,C,1906,10.59,0.11,N,5,674,0
60,77332,OWN,31.1,VENTURE,B,13364,5.59,0.17,N,9,741,0
33,29622,RENT,6.8,VENTURE,C,7613,13.85,0.26,N,6,657,0
58,111676,RENT,19.2,DEBTCONSOLIDATION,A,40000,5.0,0.36,N,18,788,0
38,53381,MORTGAGE,8.6,VENTURE,F,22409,13.67,0.42,Y,6,520,1
22,32736,RENT,1.2,MEDICAL,D,2376,9.47,0.07,N,1,645,0
28,72962,MORTGAGE,1.4,MEDICAL,A,15141,9.18,0.21,N,6,778,0
31,83776,RENT,5.0,PERSONAL,C,8748,9.37,0.1,Y,8,679,0
53,72051,RENT,4.8,EDUCATION,B,11360,7.4,0.16,N,23,716,0
58,26428,MORTGAGE,19.4,HOMEIMPROVEMENT,B,7150,10.34,0.27,N,17,707,0
47,36665,RENT,9.1,HOMEIMPROVEMENT,C,7919,8.78,0.22,N,11,674,0
40,48901,RENT,10.4,EDUCATION,C,7317,11.48,0.15,N,11,663,0
32,47822,RENT,2.7,HOMEIMPROVEMENT,B,5876,9.97,0.12,N,5,707,0
63,76868,RENT,33.9,HOMEIMPROVEMENT,A,20913,7.42,0.27,N,9,784,0
51,18000,MORTGAGE,24.0,HOMEIMPROVEMENT,C,7531,7.43,0.42,N,18,677,0
47,59909,OWN,6.8,DEBTCONSOLIDATION,D,13928,13.39,0.23,N,9,635,0
52,41192,RENT,11.6,MEDICAL,B,7957,11.0,0.19,N,7,727,0
30,29640,MORTGAGE,6.4,MEDICAL,D,6580,12.79,0.22,Y,2,644,0
23,31398,RENT,0.8,MEDICAL,B,2444,10.28,0.08,N,3,716,0
65,43099,MORTGAGE,16.4,EDUCATION,C,13510,9.41,0.31,N,15,699,0
47,18000,RENT,8.0,VENTURE,D,3385,14.95,0.19,N,12,612,1
55,32184,RENT,27.4,DEBTCONSOLIDATION,C,3235,7.68,0.1,N,24,696,0
51,28984,MORTGAGE,23.0,DEBTCONSOLIDATION,A,8861,5.0,0.31,N,14,757,0
35,67485,RENT,8.6,HOMEIMPROVEMENT,C,9077,12.56,0.13,N,4,666,0
36,30232,RENT,8.4,PERSONAL,C,16053,7.32,0.53,N,8,690,0
33,43085,MORTGAGE,11.3,MEDICAL,C,2570,11.93,0.06,N,3,679,0
55,123669,MORTGAGE,27.8,DEBTCONSOLIDATION,B,14101,6.36,0.11,N,9,737,0
31,89019,MORTGAGE,10.1,DEBTCONSOLIDATION,A,25049,8.22,0.28,N,8,777,0
41,84234,MORTGAGE,4.3,PERSONAL,A,17750,6.36,0.21,N,7,770,0
31,36318,MORTGAGE,2.8,HOMEIMPROVEMENT,C,10711,10.78,0.29,N,7,682,0
50,67901,RENT,18.4,DEBTCONSOLIDATION,B,9155,11.26,0.13,N,14,716,0
55,42602,RENT,17.7,DEBTCONSOLIDATION,B,10091,6.87,0.24,N,11,749,0
42,43579,MORTGAGE,2.7,VENTURE,D,17249,14.75,0.4,N,11,615,1
58,62680,MORTGAGE,5.7,PERSONAL,B,13394,8.36,0.21,N,9,742,0
51,34262,MORTGAGE,23.8,HOMEIMPROVEMENT,A,7543,6.91,0.22,N,12,794,0
34,120066,MORTGAGE,11.3,HOMEIMPROVEMENT,A,28695,9.84,0.24,N,7,751,0
44,44530,RENT,9.1,MEDICAL,E,3663,14.76,0.08,Y,8,598,1
52,71041,RENT,24.6,VENTURE,A,7778,6.39,0.11,N,18,802,0
56,117402,RENT,19.6,HOMEIMPROVEMENT,A,6813,5.11,0.06,N,8,772,0
52,91034,MORTGAGE,22.6,VENTURE,B,40000,9.06,0.44,N,15,721,0
35,21049,MORTGAGE,6.8,MEDICAL,C,3779,8.83,0.18,N,9,653,0
63,64019,MORTGAGE,8.1,PERSONAL,D,27606,11.14,0.43,N,18,647,0
55,81669,MORTGAGE,14.9,DEBTCONSOLIDATION,A,7556,6.79,0.09,N,23,775,0
23,83710,MORTGAGE,2.1,DEBTCONSOLIDATION,B,14706,7.47,0.18,N,2,700,0
36,25135,MORTGAGE,8.7,EDUCATION,D,1823,10.54,0.07,Y,12,628,0
25,33050,OWN,1.2,EDUCATION,C,11823,12.45,0.36,N,2,671,0
41,89030,MORTGAGE,18.3,EDUCATION,D,10545,12.12,0.12,Y,15,604,0
30,31037,OWN,3.3,DEBTCONSOLIDATION,D,10708,12.04,0.35,Y,6,600,1
39,40953,RENT,5.0,VENTURE,C,19767,11.46,0.48,N,12,667,0
